rm -f results.xml
"make" -f makefile results.xml
make[1]: Entering directory '/mnt/d/UT.CE/Term-06/HW4AI/HW-CA/HW10'
/usr/local/bin/verilator -cc --exe -Mdir build --top-module cluster_wrapper -Ihardware/include --timescale 1ns/1ps --vpi --public-flat-rw --prefix Vtop -o Vtop -LDFLAGS "-Wl,-rpath,/home/mohammad-khoshroo/.local/lib/python3.12/site-packages/cocotb/libs -L/home/mohammad-khoshroo/.local/lib/python3.12/site-packages/cocotb/libs -lcocotbvpi_verilator" --trace --timing -Wno-ASCRANGE -Wno-WIDTHEXPAND -Wno-WIDTHTRUNC -Wno-CASEINCOMPLETE -Wno-COMBDLY -Wno-LATCH -Wno-UNOPTFLAT hardware/src/axi4-interface/config/Axi4_config_mlp_v1_0.v hardware/src/axi4-interface/config/Axi4_config_mlp_v1_0_S00_AXI.v hardware/src/axi4-interface/input-weight-rams/Axi4_input_weight_brams_v1_0.v hardware/src/axi4-interface/input-weight-rams/Axi4_input_weight_brams_v1_0_S00_AXI.v hardware/src/axi4-interface/register-array/Axi4_register_array_v1_0.v hardware/src/axi4-interface/register-array/Axi4_register_array_v1_0_S00_AXI.v hardware/src/Cluster/cluster_ctrl.v hardware/src/Cluster/cluster_dp.v hardware/src/Cluster/cluster_top.v hardware/src/Cluster-wrapper/cluster_wrapper.v hardware/src/utils/bram_sp.v hardware/src/utils/mull_add.v /home/mohammad-khoshroo/.local/lib/python3.12/site-packages/cocotb/share/lib/verilator/verilator.cpp
- V e r i l a t i o n   R e p o r t: Verilator 5.050 2026-07-01 rev v5.050-60-g3d2421f3b
- Verilator: Built from 0.916 MB sources in 13 modules, into 1.373 MB in 10 C++ files needing 0.000 MB
- Verilator: Walltime 0.545 s (elab=0.015, cvt=0.153, bld=0.000); cpu 0.151 s on 1 threads; allocated 40.719 MB
make -C build  -f Vtop.mk
make[2]: Entering directory '/mnt/d/UT.CE/Term-06/HW4AI/HW-CA/HW10/build'
make[2]: Warning: File 'Vtop__ver.d' has modification time 0.22 s in the future
ccache g++  -I.  -MMD -I/usr/local/share/verilator/include -I/usr/local/share/verilator/include/vltstd -DVERILATOR=1 -DVM_COVERAGE=0 -DVM_SC=0 -DVM_TIMING=0 -DVM_TRACE=1 -DVM_TRACE_FST=0 -DVM_TRACE_VCD=1 -DVM_TRACE_SAIF=0 -DVM_VPI=1 -faligned-new -fcf-protection=none -Wno-bool-operation -Wno-int-in-bool-context -Wno-shadow -Wno-sign-compare -Wno-subobject-linkage -Wno-tautological-compare -Wno-uninitialized -Wno-unused-but-set-parameter -Wno-unused-but-set-variable -Wno-unused-parameter -Wno-unused-variable      -Os  -c -o verilator.o /home/mohammad-khoshroo/.local/lib/python3.12/site-packages/cocotb/share/lib/verilator/verilator.cpp
ccache g++ -Os  -I.  -MMD -I/usr/local/share/verilator/include -I/usr/local/share/verilator/include/vltstd -DVERILATOR=1 -DVM_COVERAGE=0 -DVM_SC=0 -DVM_TIMING=0 -DVM_TRACE=1 -DVM_TRACE_FST=0 -DVM_TRACE_VCD=1 -DVM_TRACE_SAIF=0 -DVM_VPI=1 -faligned-new -fcf-protection=none -Wno-bool-operation -Wno-int-in-bool-context -Wno-shadow -Wno-sign-compare -Wno-subobject-linkage -Wno-tautological-compare -Wno-uninitialized -Wno-unused-but-set-parameter -Wno-unused-but-set-variable -Wno-unused-parameter -Wno-unused-variable      -c -o verilated.o /usr/local/share/verilator/include/verilated.cpp
ccache g++ -Os  -I.  -MMD -I/usr/local/share/verilator/include -I/usr/local/share/verilator/include/vltstd -DVERILATOR=1 -DVM_COVERAGE=0 -DVM_SC=0 -DVM_TIMING=0 -DVM_TRACE=1 -DVM_TRACE_FST=0 -DVM_TRACE_VCD=1 -DVM_TRACE_SAIF=0 -DVM_VPI=1 -faligned-new -fcf-protection=none -Wno-bool-operation -Wno-int-in-bool-context -Wno-shadow -Wno-sign-compare -Wno-subobject-linkage -Wno-tautological-compare -Wno-uninitialized -Wno-unused-but-set-parameter -Wno-unused-but-set-variable -Wno-unused-parameter -Wno-unused-variable      -c -o verilated_dpi.o /usr/local/share/verilator/include/verilated_dpi.cpp
ccache g++ -Os  -I.  -MMD -I/usr/local/share/verilator/include -I/usr/local/share/verilator/include/vltstd -DVERILATOR=1 -DVM_COVERAGE=0 -DVM_SC=0 -DVM_TIMING=0 -DVM_TRACE=1 -DVM_TRACE_FST=0 -DVM_TRACE_VCD=1 -DVM_TRACE_SAIF=0 -DVM_VPI=1 -faligned-new -fcf-protection=none -Wno-bool-operation -Wno-int-in-bool-context -Wno-shadow -Wno-sign-compare -Wno-subobject-linkage -Wno-tautological-compare -Wno-uninitialized -Wno-unused-but-set-parameter -Wno-unused-but-set-variable -Wno-unused-parameter -Wno-unused-variable      -c -o verilated_vpi.o /usr/local/share/verilator/include/verilated_vpi.cpp
ccache g++ -Os  -I.  -MMD -I/usr/local/share/verilator/include -I/usr/local/share/verilator/include/vltstd -DVERILATOR=1 -DVM_COVERAGE=0 -DVM_SC=0 -DVM_TIMING=0 -DVM_TRACE=1 -DVM_TRACE_FST=0 -DVM_TRACE_VCD=1 -DVM_TRACE_SAIF=0 -DVM_VPI=1 -faligned-new -fcf-protection=none -Wno-bool-operation -Wno-int-in-bool-context -Wno-shadow -Wno-sign-compare -Wno-subobject-linkage -Wno-tautological-compare -Wno-uninitialized -Wno-unused-but-set-parameter -Wno-unused-but-set-variable -Wno-unused-parameter -Wno-unused-variable      -c -o verilated_vcd_c.o /usr/local/share/verilator/include/verilated_vcd_c.cpp
ccache g++ -Os  -I.  -MMD -I/usr/local/share/verilator/include -I/usr/local/share/verilator/include/vltstd -DVERILATOR=1 -DVM_COVERAGE=0 -DVM_SC=0 -DVM_TIMING=0 -DVM_TRACE=1 -DVM_TRACE_FST=0 -DVM_TRACE_VCD=1 -DVM_TRACE_SAIF=0 -DVM_VPI=1 -faligned-new -fcf-protection=none -Wno-bool-operation -Wno-int-in-bool-context -Wno-shadow -Wno-sign-compare -Wno-subobject-linkage -Wno-tautological-compare -Wno-uninitialized -Wno-unused-but-set-parameter -Wno-unused-but-set-variable -Wno-unused-parameter -Wno-unused-variable      -c -o verilated_threads.o /usr/local/share/verilator/include/verilated_threads.cpp
python3 /usr/local/share/verilator/bin/verilator_includer -DVL_INCLUDE_OPT=include Vtop.cpp Vtop___024root__0.cpp Vtop__Dpi.cpp Vtop__Trace__0.cpp Vtop__ConstPool__0__Slow.cpp Vtop___024root__Slow.cpp Vtop___024root__0__Slow.cpp Vtop__Syms__Slow.cpp Vtop__Trace__0__Slow.cpp Vtop__TraceDecls__0__Slow.cpp > Vtop__ALL.cpp
ccache g++ -Os  -I.  -MMD -I/usr/local/share/verilator/include -I/usr/local/share/verilator/include/vltstd -DVERILATOR=1 -DVM_COVERAGE=0 -DVM_SC=0 -DVM_TIMING=0 -DVM_TRACE=1 -DVM_TRACE_FST=0 -DVM_TRACE_VCD=1 -DVM_TRACE_SAIF=0 -DVM_VPI=1 -faligned-new -fcf-protection=none -Wno-bool-operation -Wno-int-in-bool-context -Wno-shadow -Wno-sign-compare -Wno-subobject-linkage -Wno-tautological-compare -Wno-uninitialized -Wno-unused-but-set-parameter -Wno-unused-but-set-variable -Wno-unused-parameter -Wno-unused-variable      -c -o Vtop__ALL.o Vtop__ALL.cpp
g++    -rdynamic verilator.o verilated.o verilated_dpi.o verilated_vpi.o verilated_vcd_c.o verilated_threads.o Vtop__ALL.a   -Wl,-rpath,/home/mohammad-khoshroo/.local/lib/python3.12/site-packages/cocotb/libs -L/home/mohammad-khoshroo/.local/lib/python3.12/site-packages/cocotb/libs -lcocotbvpi_verilator  -pthread -lpthread -latomic -ldl   -o Vtop
make[2]: warning:  Clock skew detected.  Your build may be incomplete.
rm Vtop__ALL.verilator_deplist.tmp
make[2]: Leaving directory '/mnt/d/UT.CE/Term-06/HW4AI/HW-CA/HW10/build'
rm -f results.xml
COCOTB_TEST_MODULES=test_bench COCOTB_TESTCASE= COCOTB_TEST_FILTER= COCOTB_TOPLEVEL=cluster_wrapper TOPLEVEL_LANG=verilog \
         build/Vtop  --trace --timing -Wno-ASCRANGE -Wno-WIDTHEXPAND -Wno-WIDTHTRUNC -Wno-CASEINCOMPLETE -Wno-COMBDLY -Wno-LATCH -Wno-UNOPTFLAT   
     -.--ns INFO     gpi                                ..mbed/gpi_embed.cpp:93   in _embed_init_python              Using Python 3.12.4 interpreter at /usr/bin/python3
     -.--ns INFO     gpi                                ../gpi/GpiCommon.cpp:79   in gpi_print_registered_impl       VPI registered
     0.00ns INFO     cocotb                             Running on Verilator version 5.050 2026-07-01
     0.00ns INFO     cocotb                             Seeding Python random module with 1784790845
     0.00ns INFO     cocotb                             Initialized cocotb v2.0.1 from /home/mohammad-khoshroo/.local/lib/python3.12/site-packages/cocotb
     0.00ns INFO     cocotb                             Running tests
     0.00ns INFO     cocotb.regression                  running test_bench.test_conv2d_layer (1/2)
                                                            Test QuantConv2d layer with padding and bias against Golden Model.
     0.00ns WARNING  py.warnings                        /mnt/d/UT.CE/Term-06/HW4AI/HW-CA/HW10/test_bench.py:21: DeprecationWarning: The 'units' argument has been renamed to 'unit'.
                                                          await cocotb.start(Clock(dut.s00_axi_aclk, axi_duty, units="ps").start()) # pyright: ignore[reportArgumentType]
     0.00ns WARNING  py.warnings                        /mnt/d/UT.CE/Term-06/HW4AI/HW-CA/HW10/test_bench.py:21: DeprecationWarning: Use ``cocotb.start_soon`` instead.
                                                          await cocotb.start(Clock(dut.s00_axi_aclk, axi_duty, units="ps").start()) # pyright: ignore[reportArgumentType]
     0.00ns WARNING  py.warnings                        /mnt/d/UT.CE/Term-06/HW4AI/HW-CA/HW10/test_bench.py:22: DeprecationWarning: The 'units' argument has been renamed to 'unit'.
                                                          await cocotb.start(Clock(dut.s01_axi_aclk, axi_duty, units="ps").start()) # pyright: ignore[reportArgumentType]
     0.00ns WARNING  py.warnings                        /mnt/d/UT.CE/Term-06/HW4AI/HW-CA/HW10/test_bench.py:22: DeprecationWarning: Use ``cocotb.start_soon`` instead.
                                                          await cocotb.start(Clock(dut.s01_axi_aclk, axi_duty, units="ps").start()) # pyright: ignore[reportArgumentType]
     0.00ns WARNING  py.warnings                        /mnt/d/UT.CE/Term-06/HW4AI/HW-CA/HW10/test_bench.py:23: DeprecationWarning: The 'units' argument has been renamed to 'unit'.
                                                          await cocotb.start(Clock(dut.s02_axi_aclk, axi_duty, units="ps").start()) # pyright: ignore[reportArgumentType]
     0.00ns WARNING  py.warnings                        /mnt/d/UT.CE/Term-06/HW4AI/HW-CA/HW10/test_bench.py:23: DeprecationWarning: Use ``cocotb.start_soon`` instead.
                                                          await cocotb.start(Clock(dut.s02_axi_aclk, axi_duty, units="ps").start()) # pyright: ignore[reportArgumentType]
     0.00ns WARNING  py.warnings                        /mnt/d/UT.CE/Term-06/HW4AI/HW-CA/HW10/test_bench.py:24: DeprecationWarning: The 'units' argument has been renamed to 'unit'.
                                                          await cocotb.start(Clock(dut.logic_clk,  logic_duty, units="ps").start()) # pyright: ignore[reportArgumentType]
     0.00ns WARNING  py.warnings                        /mnt/d/UT.CE/Term-06/HW4AI/HW-CA/HW10/test_bench.py:24: DeprecationWarning: Use ``cocotb.start_soon`` instead.
                                                          await cocotb.start(Clock(dut.logic_clk,  logic_duty, units="ps").start()) # pyright: ignore[reportArgumentType]
     0.00ns WARNING  py.warnings                        /mnt/d/UT.CE/Term-06/HW4AI/HW-CA/HW10/test_bench.py:30: DeprecationWarning: The 'units' argument has been renamed to 'unit'.
                                                          await Timer(100, units="ns") # pyright: ignore[reportArgumentType]
   100.00ns WARNING  py.warnings                        /mnt/d/UT.CE/Term-06/HW4AI/HW-CA/HW10/test_bench.py:36: DeprecationWarning: The 'units' argument has been renamed to 'unit'.
                                                          await Timer(200, units="ns") # pyright: ignore[reportArgumentType]
   300.00ns WARNING  py.warnings                        /mnt/d/UT.CE/Term-06/HW4AI/HW-CA/HW10/test_bench.py:61: DeprecationWarning: The 'units' argument has been renamed to 'unit'.
                                                          start_time = get_sim_time(units="ns") # pyright: ignore[reportArgumentType]
   300.00ns INFO     cocotb.cluster_wrapper.s00_axi     AXI master (write)
   300.00ns INFO     cocotb.cluster_wrapper.s00_axi     cocotbext-axi version 0.1.28
   300.00ns INFO     cocotb.cluster_wrapper.s00_axi     Copyright (c) 2020-2025 Alex Forencich
   300.00ns INFO     cocotb.cluster_wrapper.s00_axi     https://github.com/alexforencich/cocotbext-axi
   300.00ns WARNING  py.warnings                        /home/mohammad-khoshroo/.local/lib/python3.12/site-packages/cocotbext/axi/stream.py:120: DeprecationWarning: Use `handle.set(Immediate(...))` or `handle.value = Immediate(...)` instead.
                                                          self.valid.setimmediatevalue(self._valid_init)
   300.00ns WARNING  py.warnings                        /home/mohammad-khoshroo/.local/lib/python3.12/site-packages/cocotbext/axi/stream.py:133: DeprecationWarning: Use `handle.set(Immediate(...))` or `handle.value = Immediate(...)` instead.
                                                          s.setimmediatevalue(v)
   300.00ns INFO     cocotb.cluster_wrapper.s00_axi     Reset de-asserted
   300.00ns INFO     cocotb.cluster_wrapper.s00_axi     Reset de-asserted
   300.00ns WARNING  py.warnings                        /home/mohammad-khoshroo/.local/lib/python3.12/site-packages/cocotbext/axi/stream.py:115: DeprecationWarning: Use `handle.set(Immediate(...))` or `handle.value = Immediate(...)` instead.
                                                          self.ready.setimmediatevalue(self._ready_init)
   300.00ns INFO     cocotb.cluster_wrapper.s00_axi     Reset de-asserted
   300.00ns INFO     cocotb.cluster_wrapper.s00_axi     AXI master configuration:
   300.00ns INFO     cocotb.cluster_wrapper.s00_axi       Address width: 3 bits
   300.00ns INFO     cocotb.cluster_wrapper.s00_axi       ID width: 12 bits
   300.00ns INFO     cocotb.cluster_wrapper.s00_axi       Byte size: 8 bits
   300.00ns INFO     cocotb.cluster_wrapper.s00_axi       Data width: 32 bits (4 bytes)
   300.00ns INFO     cocotb.cluster_wrapper.s00_axi       Max burst size: 2 (4 bytes)
   300.00ns INFO     cocotb.cluster_wrapper.s00_axi       Max burst length: 256 cycles (1024 bytes)
   300.00ns INFO     cocotb.cluster_wrapper.s00_axi     AXI master signals:
   300.00ns INFO     cocotb.cluster_wrapper.s00_axi       awaddr width: 3 bits
   300.00ns INFO     cocotb.cluster_wrapper.s00_axi       awburst width: 2 bits
   300.00ns INFO     cocotb.cluster_wrapper.s00_axi       awcache width: 4 bits
   300.00ns INFO     cocotb.cluster_wrapper.s00_axi       awid width: 12 bits
   300.00ns INFO     cocotb.cluster_wrapper.s00_axi       awlen width: 8 bits
   300.00ns INFO     cocotb.cluster_wrapper.s00_axi       awlock width: 1 bits
   300.00ns INFO     cocotb.cluster_wrapper.s00_axi       awprot width: 3 bits
   300.00ns INFO     cocotb.cluster_wrapper.s00_axi       awqos width: 4 bits
   300.00ns INFO     cocotb.cluster_wrapper.s00_axi       awready width: 1 bits
   300.00ns INFO     cocotb.cluster_wrapper.s00_axi       awregion width: 4 bits
   300.00ns INFO     cocotb.cluster_wrapper.s00_axi       awsize width: 3 bits
   300.00ns INFO     cocotb.cluster_wrapper.s00_axi       awuser width: 2 bits
   300.00ns INFO     cocotb.cluster_wrapper.s00_axi       awvalid width: 1 bits
   300.00ns INFO     cocotb.cluster_wrapper.s00_axi       wdata width: 32 bits
   300.00ns INFO     cocotb.cluster_wrapper.s00_axi       wlast width: 1 bits
   300.00ns INFO     cocotb.cluster_wrapper.s00_axi       wready width: 1 bits
   300.00ns INFO     cocotb.cluster_wrapper.s00_axi       wstrb width: 4 bits
   300.00ns INFO     cocotb.cluster_wrapper.s00_axi       wuser width: 2 bits
   300.00ns INFO     cocotb.cluster_wrapper.s00_axi       wvalid width: 1 bits
   300.00ns INFO     cocotb.cluster_wrapper.s00_axi       bid width: 12 bits
   300.00ns INFO     cocotb.cluster_wrapper.s00_axi       bready width: 1 bits
   300.00ns INFO     cocotb.cluster_wrapper.s00_axi       bresp width: 2 bits
   300.00ns INFO     cocotb.cluster_wrapper.s00_axi       buser width: 2 bits
   300.00ns INFO     cocotb.cluster_wrapper.s00_axi       bvalid width: 1 bits
   300.00ns INFO     cocotb.cluster_wrapper.s00_axi     Reset de-asserted
   300.00ns INFO     cocotb.cluster_wrapper.s00_axi     AXI master (read)
   300.00ns INFO     cocotb.cluster_wrapper.s00_axi     cocotbext-axi version 0.1.28
   300.00ns INFO     cocotb.cluster_wrapper.s00_axi     Copyright (c) 2020-2025 Alex Forencich
   300.00ns INFO     cocotb.cluster_wrapper.s00_axi     https://github.com/alexforencich/cocotbext-axi
   300.00ns INFO     cocotb.cluster_wrapper.s00_axi     Reset de-asserted
   300.00ns INFO     cocotb.cluster_wrapper.s00_axi     Reset de-asserted
   300.00ns INFO     cocotb.cluster_wrapper.s00_axi     AXI master configuration:
   300.00ns INFO     cocotb.cluster_wrapper.s00_axi       Address width: 3 bits
   300.00ns INFO     cocotb.cluster_wrapper.s00_axi       ID width: 12 bits
   300.00ns INFO     cocotb.cluster_wrapper.s00_axi       Byte size: 8 bits
   300.00ns INFO     cocotb.cluster_wrapper.s00_axi       Data width: 32 bits (4 bytes)
   300.00ns INFO     cocotb.cluster_wrapper.s00_axi       Max burst size: 2 (4 bytes)
   300.00ns INFO     cocotb.cluster_wrapper.s00_axi       Max burst length: 256 cycles (1024 bytes)
   300.00ns INFO     cocotb.cluster_wrapper.s00_axi     AXI master signals:
   300.00ns INFO     cocotb.cluster_wrapper.s00_axi       araddr width: 3 bits
   300.00ns INFO     cocotb.cluster_wrapper.s00_axi       arburst width: 2 bits
   300.00ns INFO     cocotb.cluster_wrapper.s00_axi       arcache width: 4 bits
   300.00ns INFO     cocotb.cluster_wrapper.s00_axi       arid width: 12 bits
   300.00ns INFO     cocotb.cluster_wrapper.s00_axi       arlen width: 8 bits
   300.00ns INFO     cocotb.cluster_wrapper.s00_axi       arlock width: 1 bits
   300.00ns INFO     cocotb.cluster_wrapper.s00_axi       arprot width: 3 bits
   300.00ns INFO     cocotb.cluster_wrapper.s00_axi       arqos width: 4 bits
   300.00ns INFO     cocotb.cluster_wrapper.s00_axi       arready width: 1 bits
   300.00ns INFO     cocotb.cluster_wrapper.s00_axi       arregion width: 4 bits
   300.00ns INFO     cocotb.cluster_wrapper.s00_axi       arsize width: 3 bits
   300.00ns INFO     cocotb.cluster_wrapper.s00_axi       aruser width: 2 bits
   300.00ns INFO     cocotb.cluster_wrapper.s00_axi       arvalid width: 1 bits
   300.00ns INFO     cocotb.cluster_wrapper.s00_axi       rdata width: 32 bits
   300.00ns INFO     cocotb.cluster_wrapper.s00_axi       rid width: 12 bits
   300.00ns INFO     cocotb.cluster_wrapper.s00_axi       rlast width: 1 bits
   300.00ns INFO     cocotb.cluster_wrapper.s00_axi       rready width: 1 bits
   300.00ns INFO     cocotb.cluster_wrapper.s00_axi       rresp width: 2 bits
   300.00ns INFO     cocotb.cluster_wrapper.s00_axi       ruser width: 2 bits
   300.00ns INFO     cocotb.cluster_wrapper.s00_axi       rvalid width: 1 bits
   300.00ns INFO     cocotb.cluster_wrapper.s00_axi     Reset de-asserted
   300.00ns INFO     cocotb.cluster_wrapper.s01_axi     AXI master (write)
   300.00ns INFO     cocotb.cluster_wrapper.s01_axi     cocotbext-axi version 0.1.28
   300.00ns INFO     cocotb.cluster_wrapper.s01_axi     Copyright (c) 2020-2025 Alex Forencich
   300.00ns INFO     cocotb.cluster_wrapper.s01_axi     https://github.com/alexforencich/cocotbext-axi
   300.00ns INFO     cocotb.cluster_wrapper.s01_axi     Reset de-asserted
   300.00ns INFO     cocotb.cluster_wrapper.s01_axi     Reset de-asserted
   300.00ns INFO     cocotb.cluster_wrapper.s01_axi     Reset de-asserted
   300.00ns INFO     cocotb.cluster_wrapper.s01_axi     AXI master configuration:
   300.00ns INFO     cocotb.cluster_wrapper.s01_axi       Address width: 11 bits
   300.00ns INFO     cocotb.cluster_wrapper.s01_axi       ID width: 12 bits
   300.00ns INFO     cocotb.cluster_wrapper.s01_axi       Byte size: 8 bits
   300.00ns INFO     cocotb.cluster_wrapper.s01_axi       Data width: 32 bits (4 bytes)
   300.00ns INFO     cocotb.cluster_wrapper.s01_axi       Max burst size: 2 (4 bytes)
   300.00ns INFO     cocotb.cluster_wrapper.s01_axi       Max burst length: 256 cycles (1024 bytes)
   300.00ns INFO     cocotb.cluster_wrapper.s01_axi     AXI master signals:
   300.00ns INFO     cocotb.cluster_wrapper.s01_axi       awaddr width: 11 bits
   300.00ns INFO     cocotb.cluster_wrapper.s01_axi       awburst width: 2 bits
   300.00ns INFO     cocotb.cluster_wrapper.s01_axi       awcache width: 4 bits
   300.00ns INFO     cocotb.cluster_wrapper.s01_axi       awid width: 12 bits
   300.00ns INFO     cocotb.cluster_wrapper.s01_axi       awlen width: 8 bits
   300.00ns INFO     cocotb.cluster_wrapper.s01_axi       awlock width: 1 bits
   300.00ns INFO     cocotb.cluster_wrapper.s01_axi       awprot width: 3 bits
   300.00ns INFO     cocotb.cluster_wrapper.s01_axi       awqos width: 4 bits
   300.00ns INFO     cocotb.cluster_wrapper.s01_axi       awready width: 1 bits
   300.00ns INFO     cocotb.cluster_wrapper.s01_axi       awregion width: 4 bits
   300.00ns INFO     cocotb.cluster_wrapper.s01_axi       awsize width: 3 bits
   300.00ns INFO     cocotb.cluster_wrapper.s01_axi       awuser width: 2 bits
   300.00ns INFO     cocotb.cluster_wrapper.s01_axi       awvalid width: 1 bits
   300.00ns INFO     cocotb.cluster_wrapper.s01_axi       wdata width: 32 bits
   300.00ns INFO     cocotb.cluster_wrapper.s01_axi       wlast width: 1 bits
   300.00ns INFO     cocotb.cluster_wrapper.s01_axi       wready width: 1 bits
   300.00ns INFO     cocotb.cluster_wrapper.s01_axi       wstrb width: 4 bits
   300.00ns INFO     cocotb.cluster_wrapper.s01_axi       wuser width: 2 bits
   300.00ns INFO     cocotb.cluster_wrapper.s01_axi       wvalid width: 1 bits
   300.00ns INFO     cocotb.cluster_wrapper.s01_axi       bid width: 12 bits
   300.00ns INFO     cocotb.cluster_wrapper.s01_axi       bready width: 1 bits
   300.00ns INFO     cocotb.cluster_wrapper.s01_axi       bresp width: 2 bits
   300.00ns INFO     cocotb.cluster_wrapper.s01_axi       buser width: 2 bits
   300.00ns INFO     cocotb.cluster_wrapper.s01_axi       bvalid width: 1 bits
   300.00ns INFO     cocotb.cluster_wrapper.s01_axi     Reset de-asserted
   300.00ns INFO     cocotb.cluster_wrapper.s01_axi     AXI master (read)
   300.00ns INFO     cocotb.cluster_wrapper.s01_axi     cocotbext-axi version 0.1.28
   300.00ns INFO     cocotb.cluster_wrapper.s01_axi     Copyright (c) 2020-2025 Alex Forencich
   300.00ns INFO     cocotb.cluster_wrapper.s01_axi     https://github.com/alexforencich/cocotbext-axi
   300.00ns INFO     cocotb.cluster_wrapper.s01_axi     Reset de-asserted
   300.00ns INFO     cocotb.cluster_wrapper.s01_axi     Reset de-asserted
   300.00ns INFO     cocotb.cluster_wrapper.s01_axi     AXI master configuration:
   300.00ns INFO     cocotb.cluster_wrapper.s01_axi       Address width: 11 bits
   300.00ns INFO     cocotb.cluster_wrapper.s01_axi       ID width: 12 bits
   300.00ns INFO     cocotb.cluster_wrapper.s01_axi       Byte size: 8 bits
   300.00ns INFO     cocotb.cluster_wrapper.s01_axi       Data width: 32 bits (4 bytes)
   300.00ns INFO     cocotb.cluster_wrapper.s01_axi       Max burst size: 2 (4 bytes)
   300.00ns INFO     cocotb.cluster_wrapper.s01_axi       Max burst length: 256 cycles (1024 bytes)
   300.00ns INFO     cocotb.cluster_wrapper.s01_axi     AXI master signals:
   300.00ns INFO     cocotb.cluster_wrapper.s01_axi       araddr width: 11 bits
   300.00ns INFO     cocotb.cluster_wrapper.s01_axi       arburst width: 2 bits
   300.00ns INFO     cocotb.cluster_wrapper.s01_axi       arcache width: 4 bits
   300.00ns INFO     cocotb.cluster_wrapper.s01_axi       arid width: 12 bits
   300.00ns INFO     cocotb.cluster_wrapper.s01_axi       arlen width: 8 bits
   300.00ns INFO     cocotb.cluster_wrapper.s01_axi       arlock width: 1 bits
   300.00ns INFO     cocotb.cluster_wrapper.s01_axi       arprot width: 3 bits
   300.00ns INFO     cocotb.cluster_wrapper.s01_axi       arqos width: 4 bits
   300.00ns INFO     cocotb.cluster_wrapper.s01_axi       arready width: 1 bits
   300.00ns INFO     cocotb.cluster_wrapper.s01_axi       arregion width: 4 bits
   300.00ns INFO     cocotb.cluster_wrapper.s01_axi       arsize width: 3 bits
   300.00ns INFO     cocotb.cluster_wrapper.s01_axi       aruser width: 2 bits
   300.00ns INFO     cocotb.cluster_wrapper.s01_axi       arvalid width: 1 bits
   300.00ns INFO     cocotb.cluster_wrapper.s01_axi       rdata width: 32 bits
   300.00ns INFO     cocotb.cluster_wrapper.s01_axi       rid width: 12 bits
   300.00ns INFO     cocotb.cluster_wrapper.s01_axi       rlast width: 1 bits
   300.00ns INFO     cocotb.cluster_wrapper.s01_axi       rready width: 1 bits
   300.00ns INFO     cocotb.cluster_wrapper.s01_axi       rresp width: 2 bits
   300.00ns INFO     cocotb.cluster_wrapper.s01_axi       ruser width: 2 bits
   300.00ns INFO     cocotb.cluster_wrapper.s01_axi       rvalid width: 1 bits
   300.00ns INFO     cocotb.cluster_wrapper.s01_axi     Reset de-asserted
   300.00ns INFO     cocotb.cluster_wrapper.s02_axi     AXI master (write)
   300.00ns INFO     cocotb.cluster_wrapper.s02_axi     cocotbext-axi version 0.1.28
   300.00ns INFO     cocotb.cluster_wrapper.s02_axi     Copyright (c) 2020-2025 Alex Forencich
   300.00ns INFO     cocotb.cluster_wrapper.s02_axi     https://github.com/alexforencich/cocotbext-axi
   300.00ns INFO     cocotb.cluster_wrapper.s02_axi     Reset de-asserted
   300.00ns INFO     cocotb.cluster_wrapper.s02_axi     Reset de-asserted
   300.00ns INFO     cocotb.cluster_wrapper.s02_axi     Reset de-asserted
   300.00ns INFO     cocotb.cluster_wrapper.s02_axi     AXI master configuration:
   300.00ns INFO     cocotb.cluster_wrapper.s02_axi       Address width: 7 bits
   300.00ns INFO     cocotb.cluster_wrapper.s02_axi       ID width: 12 bits
   300.00ns INFO     cocotb.cluster_wrapper.s02_axi       Byte size: 8 bits
   300.00ns INFO     cocotb.cluster_wrapper.s02_axi       Data width: 32 bits (4 bytes)
   300.00ns INFO     cocotb.cluster_wrapper.s02_axi       Max burst size: 2 (4 bytes)
   300.00ns INFO     cocotb.cluster_wrapper.s02_axi       Max burst length: 256 cycles (1024 bytes)
   300.00ns INFO     cocotb.cluster_wrapper.s02_axi     AXI master signals:
   300.00ns INFO     cocotb.cluster_wrapper.s02_axi       awaddr width: 7 bits
   300.00ns INFO     cocotb.cluster_wrapper.s02_axi       awburst width: 2 bits
   300.00ns INFO     cocotb.cluster_wrapper.s02_axi       awcache width: 4 bits
   300.00ns INFO     cocotb.cluster_wrapper.s02_axi       awid width: 12 bits
   300.00ns INFO     cocotb.cluster_wrapper.s02_axi       awlen width: 8 bits
   300.00ns INFO     cocotb.cluster_wrapper.s02_axi       awlock width: 1 bits
   300.00ns INFO     cocotb.cluster_wrapper.s02_axi       awprot width: 3 bits
   300.00ns INFO     cocotb.cluster_wrapper.s02_axi       awqos width: 4 bits
   300.00ns INFO     cocotb.cluster_wrapper.s02_axi       awready width: 1 bits
   300.00ns INFO     cocotb.cluster_wrapper.s02_axi       awregion width: 4 bits
   300.00ns INFO     cocotb.cluster_wrapper.s02_axi       awsize width: 3 bits
   300.00ns INFO     cocotb.cluster_wrapper.s02_axi       awuser width: 2 bits
   300.00ns INFO     cocotb.cluster_wrapper.s02_axi       awvalid width: 1 bits
   300.00ns INFO     cocotb.cluster_wrapper.s02_axi       wdata width: 32 bits
   300.00ns INFO     cocotb.cluster_wrapper.s02_axi       wlast width: 1 bits
   300.00ns INFO     cocotb.cluster_wrapper.s02_axi       wready width: 1 bits
   300.00ns INFO     cocotb.cluster_wrapper.s02_axi       wstrb width: 4 bits
   300.00ns INFO     cocotb.cluster_wrapper.s02_axi       wuser width: 2 bits
   300.00ns INFO     cocotb.cluster_wrapper.s02_axi       wvalid width: 1 bits
   300.00ns INFO     cocotb.cluster_wrapper.s02_axi       bid width: 12 bits
   300.00ns INFO     cocotb.cluster_wrapper.s02_axi       bready width: 1 bits
   300.00ns INFO     cocotb.cluster_wrapper.s02_axi       bresp width: 2 bits
   300.00ns INFO     cocotb.cluster_wrapper.s02_axi       buser width: 2 bits
   300.00ns INFO     cocotb.cluster_wrapper.s02_axi       bvalid width: 1 bits
   300.00ns INFO     cocotb.cluster_wrapper.s02_axi     Reset de-asserted
   300.00ns INFO     cocotb.cluster_wrapper.s02_axi     AXI master (read)
   300.00ns INFO     cocotb.cluster_wrapper.s02_axi     cocotbext-axi version 0.1.28
   300.00ns INFO     cocotb.cluster_wrapper.s02_axi     Copyright (c) 2020-2025 Alex Forencich
   300.00ns INFO     cocotb.cluster_wrapper.s02_axi     https://github.com/alexforencich/cocotbext-axi
   300.00ns INFO     cocotb.cluster_wrapper.s02_axi     Reset de-asserted
   300.00ns INFO     cocotb.cluster_wrapper.s02_axi     Reset de-asserted
   300.00ns INFO     cocotb.cluster_wrapper.s02_axi     AXI master configuration:
   300.00ns INFO     cocotb.cluster_wrapper.s02_axi       Address width: 7 bits
   300.00ns INFO     cocotb.cluster_wrapper.s02_axi       ID width: 12 bits
   300.00ns INFO     cocotb.cluster_wrapper.s02_axi       Byte size: 8 bits
   300.00ns INFO     cocotb.cluster_wrapper.s02_axi       Data width: 32 bits (4 bytes)
   300.00ns INFO     cocotb.cluster_wrapper.s02_axi       Max burst size: 2 (4 bytes)
   300.00ns INFO     cocotb.cluster_wrapper.s02_axi       Max burst length: 256 cycles (1024 bytes)
   300.00ns INFO     cocotb.cluster_wrapper.s02_axi     AXI master signals:
   300.00ns INFO     cocotb.cluster_wrapper.s02_axi       araddr width: 7 bits
   300.00ns INFO     cocotb.cluster_wrapper.s02_axi       arburst width: 2 bits
   300.00ns INFO     cocotb.cluster_wrapper.s02_axi       arcache width: 4 bits
   300.00ns INFO     cocotb.cluster_wrapper.s02_axi       arid width: 12 bits
   300.00ns INFO     cocotb.cluster_wrapper.s02_axi       arlen width: 8 bits
   300.00ns INFO     cocotb.cluster_wrapper.s02_axi       arlock width: 1 bits
   300.00ns INFO     cocotb.cluster_wrapper.s02_axi       arprot width: 3 bits
   300.00ns INFO     cocotb.cluster_wrapper.s02_axi       arqos width: 4 bits
   300.00ns INFO     cocotb.cluster_wrapper.s02_axi       arready width: 1 bits
   300.00ns INFO     cocotb.cluster_wrapper.s02_axi       arregion width: 4 bits
   300.00ns INFO     cocotb.cluster_wrapper.s02_axi       arsize width: 3 bits
   300.00ns INFO     cocotb.cluster_wrapper.s02_axi       aruser width: 2 bits
   300.00ns INFO     cocotb.cluster_wrapper.s02_axi       arvalid width: 1 bits
   300.00ns INFO     cocotb.cluster_wrapper.s02_axi       rdata width: 32 bits
   300.00ns INFO     cocotb.cluster_wrapper.s02_axi       rid width: 12 bits
   300.00ns INFO     cocotb.cluster_wrapper.s02_axi       rlast width: 1 bits
   300.00ns INFO     cocotb.cluster_wrapper.s02_axi       rready width: 1 bits
   300.00ns INFO     cocotb.cluster_wrapper.s02_axi       rresp width: 2 bits
   300.00ns INFO     cocotb.cluster_wrapper.s02_axi       ruser width: 2 bits
   300.00ns INFO     cocotb.cluster_wrapper.s02_axi       rvalid width: 1 bits
   300.00ns INFO     cocotb.cluster_wrapper.s02_axi     Reset de-asserted
   300.00ns WARNING  py.warnings                        /home/mohammad-khoshroo/.local/lib/python3.12/site-packages/cocotbext/axi/reset.py:59: DeprecationWarning: Use `signal.value_change` instead.
                                                          await Edge(reset_signal)
   300.00ns INFO     cocotb.cluster_wrapper.s02_axi     Write start addr: 0x00000000 awid: 0x0 prot: 2 data: 00 00 00 80 00 00 00 80 00 00 00 80 00 00 00 80 00 00 00 80 00 00 00 80 00 00 00 80 00 00 00 80 00 00 00 00 00 00 00 00 00 00 00 00 00 00 00 00 00 00 00 00 00 00 00 00 00 00 00 00 00 00 00 00 00 00 00 00 00 00 00 00 00 00 00 00 00 00 00 00 00 00 00 00 00 00 00 00 00 00 00 00 00 00 00 00 00 00 00 00 00 00 00 00 00 00 00 00 00 00 00 00 00 00 00 00 00 00 00 00 00 00 00 00 00 00 00 00
   300.00ns INFO     cocotb.cluster_wrapper.s02_axi     Write burst start awid: 0x0 awaddr: 0x00000000 awlen: 31 awsize: 2 awprot: 2
   300.35ns INFO     cocotb.cluster_wrapper.s02_axi     Write burst complete bid: 0x0 bresp: 0
   300.35ns INFO     cocotb.cluster_wrapper.s02_axi     Write complete addr: 0x00000000 prot: 2 resp: 0 length: 128
   300.35ns WARNING  py.warnings                        /home/mohammad-khoshroo/.local/lib/python3.12/site-packages/cocotbext/axi/axi_master.py:630: DeprecationWarning: The data field will be removed in a future release.
                                                          cmd.event.set(write_resp)
   300.35ns WARNING  py.warnings                        /home/mohammad-khoshroo/.local/lib/python3.12/site-packages/cocotbext/axi/axi_master.py:423: DeprecationWarning: The data field will be removed in a future release.
                                                          return event.data
   300.35ns INFO     cocotb.cluster_wrapper.s00_axi     Write start addr: 0x00000000 awid: 0x0 prot: 2 data: 01 80 02 00
   300.35ns INFO     cocotb.cluster_wrapper.s00_axi     Write burst start awid: 0x0 awaddr: 0x00000000 awlen: 0 awsize: 2 awprot: 2
   300.40ns INFO     cocotb.cluster_wrapper.s00_axi     Write burst complete bid: 0x0 bresp: 0
   300.40ns INFO     cocotb.cluster_wrapper.s00_axi     Write complete addr: 0x00000000 prot: 2 resp: 0 length: 4
   300.40ns INFO     cocotb.cluster_wrapper.s00_axi     Write start addr: 0x00000004 awid: 0x1 prot: 2 data: 07 00 00 00
   300.40ns INFO     cocotb.cluster_wrapper.s00_axi     Write burst start awid: 0x1 awaddr: 0x00000004 awlen: 0 awsize: 2 awprot: 2
   300.45ns INFO     cocotb.cluster_wrapper.s00_axi     Write burst complete bid: 0x1 bresp: 0
   300.45ns INFO     cocotb.cluster_wrapper.s00_axi     Write complete addr: 0x00000004 prot: 2 resp: 0 length: 4
   300.45ns INFO     cocotb.cluster_wrapper.s01_axi     Write start addr: 0x00000000 awid: 0x0 prot: 2 data: 80 80 80 00 00 00 00 00 00 00 00 00 00 00 00 00 00 00 00 00 00 00 00 00 00 00 00 00 00 00 00 00
   300.45ns INFO     cocotb.cluster_wrapper.s01_axi     Write burst start awid: 0x0 awaddr: 0x00000000 awlen: 7 awsize: 2 awprot: 2
   300.57ns INFO     cocotb.cluster_wrapper.s01_axi     Write burst complete bid: 0x0 bresp: 0
   300.57ns INFO     cocotb.cluster_wrapper.s01_axi     Write complete addr: 0x00000000 prot: 2 resp: 0 length: 32
   300.57ns INFO     cocotb.cluster_wrapper.s01_axi     Write start addr: 0x00000020 awid: 0x1 prot: 2 data: 7f 80 80 00 00 00 00 00 00 00 00 00 00 00 00 00 00 00 00 00 00 00 00 00 00 00 00 00 00 00 00 00
   300.57ns INFO     cocotb.cluster_wrapper.s01_axi     Write burst start awid: 0x1 awaddr: 0x00000020 awlen: 7 awsize: 2 awprot: 2
   300.69ns INFO     cocotb.cluster_wrapper.s01_axi     Write burst complete bid: 0x1 bresp: 0
   300.69ns INFO     cocotb.cluster_wrapper.s01_axi     Write complete addr: 0x00000020 prot: 2 resp: 0 length: 32
   300.69ns INFO     cocotb.cluster_wrapper.s01_axi     Write start addr: 0x00000040 awid: 0x2 prot: 2 data: 7f 80 80 00 00 00 00 00 00 00 00 00 00 00 00 00 00 00 00 00 00 00 00 00 00 00 00 00 00 00 00 00
   300.69ns INFO     cocotb.cluster_wrapper.s01_axi     Write burst start awid: 0x2 awaddr: 0x00000040 awlen: 7 awsize: 2 awprot: 2
   300.81ns INFO     cocotb.cluster_wrapper.s01_axi     Write burst complete bid: 0x2 bresp: 0
   300.81ns INFO     cocotb.cluster_wrapper.s01_axi     Write complete addr: 0x00000040 prot: 2 resp: 0 length: 32
   300.81ns INFO     cocotb.cluster_wrapper.s01_axi     Write start addr: 0x00000060 awid: 0x3 prot: 2 data: 7f 7f 80 00 00 00 00 00 00 00 00 00 00 00 00 00 00 00 00 00 00 00 00 00 00 00 00 00 00 00 00 00
   300.81ns INFO     cocotb.cluster_wrapper.s01_axi     Write burst start awid: 0x3 awaddr: 0x00000060 awlen: 7 awsize: 2 awprot: 2
   300.93ns INFO     cocotb.cluster_wrapper.s01_axi     Write burst complete bid: 0x3 bresp: 0
   300.93ns INFO     cocotb.cluster_wrapper.s01_axi     Write complete addr: 0x00000060 prot: 2 resp: 0 length: 32
   300.93ns INFO     cocotb.cluster_wrapper.s01_axi     Write start addr: 0x00000080 awid: 0x4 prot: 2 data: 7f 7f 7f 00 00 00 00 00 00 00 00 00 00 00 00 00 00 00 00 00 00 00 00 00 00 00 00 00 00 00 00 00
   300.93ns INFO     cocotb.cluster_wrapper.s01_axi     Write burst start awid: 0x4 awaddr: 0x00000080 awlen: 7 awsize: 2 awprot: 2
   301.05ns INFO     cocotb.cluster_wrapper.s01_axi     Write burst complete bid: 0x4 bresp: 0
   301.05ns INFO     cocotb.cluster_wrapper.s01_axi     Write complete addr: 0x00000080 prot: 2 resp: 0 length: 32
   301.05ns INFO     cocotb.cluster_wrapper.s01_axi     Write start addr: 0x000000a0 awid: 0x5 prot: 2 data: 7f 80 80 00 00 00 00 00 00 00 00 00 00 00 00 00 00 00 00 00 00 00 00 00 00 00 00 00 00 00 00 00
   301.05ns INFO     cocotb.cluster_wrapper.s01_axi     Write burst start awid: 0x5 awaddr: 0x000000a0 awlen: 7 awsize: 2 awprot: 2
   301.17ns INFO     cocotb.cluster_wrapper.s01_axi     Write burst complete bid: 0x5 bresp: 0
   301.17ns INFO     cocotb.cluster_wrapper.s01_axi     Write complete addr: 0x000000a0 prot: 2 resp: 0 length: 32
   301.17ns INFO     cocotb.cluster_wrapper.s01_axi     Write start addr: 0x000000c0 awid: 0x6 prot: 2 data: 80 80 80 00 00 00 00 00 00 00 00 00 00 00 00 00 00 00 00 00 00 00 00 00 00 00 00 00 00 00 00 00
   301.17ns INFO     cocotb.cluster_wrapper.s01_axi     Write burst start awid: 0x6 awaddr: 0x000000c0 awlen: 7 awsize: 2 awprot: 2
   301.29ns INFO     cocotb.cluster_wrapper.s01_axi     Write burst complete bid: 0x6 bresp: 0
   301.29ns INFO     cocotb.cluster_wrapper.s01_axi     Write complete addr: 0x000000c0 prot: 2 resp: 0 length: 32
   301.29ns INFO     cocotb.cluster_wrapper.s01_axi     Write start addr: 0x000000e0 awid: 0x7 prot: 2 data: 7f 7f 80 00 00 00 00 00 00 00 00 00 00 00 00 00 00 00 00 00 00 00 00 00 00 00 00 00 00 00 00 00
   301.29ns INFO     cocotb.cluster_wrapper.s01_axi     Write burst start awid: 0x7 awaddr: 0x000000e0 awlen: 7 awsize: 2 awprot: 2
   301.41ns INFO     cocotb.cluster_wrapper.s01_axi     Write burst complete bid: 0x7 bresp: 0
   301.41ns INFO     cocotb.cluster_wrapper.s01_axi     Write complete addr: 0x000000e0 prot: 2 resp: 0 length: 32
   301.41ns INFO     cocotb.cluster_wrapper.s01_axi     Write start addr: 0x00000100 awid: 0x8 prot: 2 data: 80 7f 7f 00 00 00 00 00 00 00 00 00 00 00 00 00 00 00 00 00 00 00 00 00 00 00 00 00 00 00 00 00
   301.41ns INFO     cocotb.cluster_wrapper.s01_axi     Write burst start awid: 0x8 awaddr: 0x00000100 awlen: 7 awsize: 2 awprot: 2
   301.53ns INFO     cocotb.cluster_wrapper.s01_axi     Write burst complete bid: 0x8 bresp: 0
   301.53ns INFO     cocotb.cluster_wrapper.s01_axi     Write complete addr: 0x00000100 prot: 2 resp: 0 length: 32
   301.53ns INFO     cocotb.cluster_wrapper.s00_axi     Read start addr: 0x00000004 arid: 0x0 prot: 2
   301.53ns INFO     cocotb.cluster_wrapper.s00_axi     Read burst start arid: 0x0 araddr: 0x00000004 arlen: 0 arsize: 2 arprot: 2
   301.57ns INFO     cocotb.cluster_wrapper.s00_axi     Read burst complete rid: 0x0 rresp: 0
   301.57ns INFO     cocotb.cluster_wrapper.s00_axi     Read complete addr: 0x00000004 prot: 2 resp: 0 data: 07 00 01 00
   301.57ns WARNING  py.warnings                        /home/mohammad-khoshroo/.local/lib/python3.12/site-packages/cocotbext/axi/axi_master.py:1030: DeprecationWarning: The data field will be removed in a future release.
                                                          cmd.event.set(read_resp)
   301.57ns WARNING  py.warnings                        /home/mohammad-khoshroo/.local/lib/python3.12/site-packages/cocotbext/axi/axi_master.py:834: DeprecationWarning: The data field will be removed in a future release.
                                                          return event.data
   301.57ns WARNING  py.warnings                        /mnt/d/UT.CE/Term-06/HW4AI/HW-CA/HW10/system.py:89: DeprecationWarning: The 'units' argument has been renamed to 'unit'.
                                                          await Timer(10, units='ns') # pyright: ignore[reportArgumentType]
   311.57ns INFO     cocotb.cluster_wrapper.s00_axi     Write start addr: 0x00000000 awid: 0x2 prot: 2 data: 00 00 00 00
   311.57ns INFO     cocotb.cluster_wrapper.s00_axi     Write burst start awid: 0x2 awaddr: 0x00000000 awlen: 0 awsize: 2 awprot: 2
   311.61ns INFO     cocotb.cluster_wrapper.s00_axi     Write burst complete bid: 0x2 bresp: 0
   311.61ns INFO     cocotb.cluster_wrapper.s00_axi     Write complete addr: 0x00000000 prot: 2 resp: 0 length: 4
   311.61ns INFO     cocotb.cluster_wrapper.s00_axi     Write start addr: 0x00000000 awid: 0x3 prot: 2 data: 01 80 02 00
   311.61ns INFO     cocotb.cluster_wrapper.s00_axi     Write burst start awid: 0x3 awaddr: 0x00000000 awlen: 0 awsize: 2 awprot: 2
   311.66ns INFO     cocotb.cluster_wrapper.s00_axi     Write burst complete bid: 0x3 bresp: 0
   311.66ns INFO     cocotb.cluster_wrapper.s00_axi     Write complete addr: 0x00000000 prot: 2 resp: 0 length: 4
   311.66ns INFO     cocotb.cluster_wrapper.s00_axi     Write start addr: 0x00000004 awid: 0x4 prot: 2 data: 07 00 00 00
   311.66ns INFO     cocotb.cluster_wrapper.s00_axi     Write burst start awid: 0x4 awaddr: 0x00000004 awlen: 0 awsize: 2 awprot: 2
   311.71ns INFO     cocotb.cluster_wrapper.s00_axi     Write burst complete bid: 0x4 bresp: 0
   311.71ns INFO     cocotb.cluster_wrapper.s00_axi     Write complete addr: 0x00000004 prot: 2 resp: 0 length: 4
   311.71ns INFO     cocotb.cluster_wrapper.s01_axi     Write start addr: 0x00000000 awid: 0x9 prot: 2 data: 80 80 80 00 00 00 00 00 00 00 00 00 00 00 00 00 00 00 00 00 00 00 00 00 00 00 00 00 00 00 00 00
   311.71ns INFO     cocotb.cluster_wrapper.s01_axi     Write burst start awid: 0x9 awaddr: 0x00000000 awlen: 7 awsize: 2 awprot: 2
   311.83ns INFO     cocotb.cluster_wrapper.s01_axi     Write burst complete bid: 0x9 bresp: 0
   311.83ns INFO     cocotb.cluster_wrapper.s01_axi     Write complete addr: 0x00000000 prot: 2 resp: 0 length: 32
   311.83ns INFO     cocotb.cluster_wrapper.s01_axi     Write start addr: 0x00000020 awid: 0xa prot: 2 data: 80 80 80 00 00 00 00 00 00 00 00 00 00 00 00 00 00 00 00 00 00 00 00 00 00 00 00 00 00 00 00 00
   311.83ns INFO     cocotb.cluster_wrapper.s01_axi     Write burst start awid: 0xa awaddr: 0x00000020 awlen: 7 awsize: 2 awprot: 2
   311.95ns INFO     cocotb.cluster_wrapper.s01_axi     Write burst complete bid: 0xa bresp: 0
   311.95ns INFO     cocotb.cluster_wrapper.s01_axi     Write complete addr: 0x00000020 prot: 2 resp: 0 length: 32
   311.95ns INFO     cocotb.cluster_wrapper.s01_axi     Write start addr: 0x00000040 awid: 0xb prot: 2 data: 80 7f 80 00 00 00 00 00 00 00 00 00 00 00 00 00 00 00 00 00 00 00 00 00 00 00 00 00 00 00 00 00
   311.95ns INFO     cocotb.cluster_wrapper.s01_axi     Write burst start awid: 0xb awaddr: 0x00000040 awlen: 7 awsize: 2 awprot: 2
   312.07ns INFO     cocotb.cluster_wrapper.s01_axi     Write burst complete bid: 0xb bresp: 0
   312.07ns INFO     cocotb.cluster_wrapper.s01_axi     Write complete addr: 0x00000040 prot: 2 resp: 0 length: 32
   312.07ns INFO     cocotb.cluster_wrapper.s01_axi     Write start addr: 0x00000060 awid: 0xc prot: 2 data: 7f 80 80 00 00 00 00 00 00 00 00 00 00 00 00 00 00 00 00 00 00 00 00 00 00 00 00 00 00 00 00 00
   312.07ns INFO     cocotb.cluster_wrapper.s01_axi     Write burst start awid: 0xc awaddr: 0x00000060 awlen: 7 awsize: 2 awprot: 2
   312.19ns INFO     cocotb.cluster_wrapper.s01_axi     Write burst complete bid: 0xc bresp: 0
   312.19ns INFO     cocotb.cluster_wrapper.s01_axi     Write complete addr: 0x00000060 prot: 2 resp: 0 length: 32
   312.19ns INFO     cocotb.cluster_wrapper.s01_axi     Write start addr: 0x00000080 awid: 0xd prot: 2 data: 7f 80 80 00 00 00 00 00 00 00 00 00 00 00 00 00 00 00 00 00 00 00 00 00 00 00 00 00 00 00 00 00
   312.19ns INFO     cocotb.cluster_wrapper.s01_axi     Write burst start awid: 0xd awaddr: 0x00000080 awlen: 7 awsize: 2 awprot: 2
   312.31ns INFO     cocotb.cluster_wrapper.s01_axi     Write burst complete bid: 0xd bresp: 0
   312.31ns INFO     cocotb.cluster_wrapper.s01_axi     Write complete addr: 0x00000080 prot: 2 resp: 0 length: 32
   312.31ns INFO     cocotb.cluster_wrapper.s01_axi     Write start addr: 0x000000a0 awid: 0xe prot: 2 data: 80 80 80 00 00 00 00 00 00 00 00 00 00 00 00 00 00 00 00 00 00 00 00 00 00 00 00 00 00 00 00 00
   312.31ns INFO     cocotb.cluster_wrapper.s01_axi     Write burst start awid: 0xe awaddr: 0x000000a0 awlen: 7 awsize: 2 awprot: 2
   312.43ns INFO     cocotb.cluster_wrapper.s01_axi     Write burst complete bid: 0xe bresp: 0
   312.43ns INFO     cocotb.cluster_wrapper.s01_axi     Write complete addr: 0x000000a0 prot: 2 resp: 0 length: 32
   312.43ns INFO     cocotb.cluster_wrapper.s01_axi     Write start addr: 0x000000c0 awid: 0xf prot: 2 data: 80 7f 80 00 00 00 00 00 00 00 00 00 00 00 00 00 00 00 00 00 00 00 00 00 00 00 00 00 00 00 00 00
   312.43ns INFO     cocotb.cluster_wrapper.s01_axi     Write burst start awid: 0xf awaddr: 0x000000c0 awlen: 7 awsize: 2 awprot: 2
   312.55ns INFO     cocotb.cluster_wrapper.s01_axi     Write burst complete bid: 0xf bresp: 0
   312.55ns INFO     cocotb.cluster_wrapper.s01_axi     Write complete addr: 0x000000c0 prot: 2 resp: 0 length: 32
   312.55ns INFO     cocotb.cluster_wrapper.s01_axi     Write start addr: 0x000000e0 awid: 0x10 prot: 2 data: 7f 7f 80 00 00 00 00 00 00 00 00 00 00 00 00 00 00 00 00 00 00 00 00 00 00 00 00 00 00 00 00 00
   312.55ns INFO     cocotb.cluster_wrapper.s01_axi     Write burst start awid: 0x10 awaddr: 0x000000e0 awlen: 7 awsize: 2 awprot: 2
   312.67ns INFO     cocotb.cluster_wrapper.s01_axi     Write burst complete bid: 0x10 bresp: 0
   312.67ns INFO     cocotb.cluster_wrapper.s01_axi     Write complete addr: 0x000000e0 prot: 2 resp: 0 length: 32
   312.67ns INFO     cocotb.cluster_wrapper.s01_axi     Write start addr: 0x00000100 awid: 0x11 prot: 2 data: 7f 7f 80 00 00 00 00 00 00 00 00 00 00 00 00 00 00 00 00 00 00 00 00 00 00 00 00 00 00 00 00 00
   312.67ns INFO     cocotb.cluster_wrapper.s01_axi     Write burst start awid: 0x11 awaddr: 0x00000100 awlen: 7 awsize: 2 awprot: 2
   312.79ns INFO     cocotb.cluster_wrapper.s01_axi     Write burst complete bid: 0x11 bresp: 0
   312.79ns INFO     cocotb.cluster_wrapper.s01_axi     Write complete addr: 0x00000100 prot: 2 resp: 0 length: 32
   312.79ns INFO     cocotb.cluster_wrapper.s00_axi     Read start addr: 0x00000004 arid: 0x1 prot: 2
   312.79ns INFO     cocotb.cluster_wrapper.s00_axi     Read burst start arid: 0x1 araddr: 0x00000004 arlen: 0 arsize: 2 arprot: 2
   312.83ns INFO     cocotb.cluster_wrapper.s00_axi     Read burst complete rid: 0x1 rresp: 0
   312.83ns INFO     cocotb.cluster_wrapper.s00_axi     Read complete addr: 0x00000004 prot: 2 resp: 0 data: 07 00 01 00
   322.83ns INFO     cocotb.cluster_wrapper.s00_axi     Write start addr: 0x00000000 awid: 0x5 prot: 2 data: 00 00 00 00
   322.83ns INFO     cocotb.cluster_wrapper.s00_axi     Write burst start awid: 0x5 awaddr: 0x00000000 awlen: 0 awsize: 2 awprot: 2
   322.87ns INFO     cocotb.cluster_wrapper.s00_axi     Write burst complete bid: 0x5 bresp: 0
   322.87ns INFO     cocotb.cluster_wrapper.s00_axi     Write complete addr: 0x00000000 prot: 2 resp: 0 length: 4
   322.87ns INFO     cocotb.cluster_wrapper.s00_axi     Write start addr: 0x00000000 awid: 0x6 prot: 2 data: 01 80 02 00
   322.87ns INFO     cocotb.cluster_wrapper.s00_axi     Write burst start awid: 0x6 awaddr: 0x00000000 awlen: 0 awsize: 2 awprot: 2
   322.92ns INFO     cocotb.cluster_wrapper.s00_axi     Write burst complete bid: 0x6 bresp: 0
   322.92ns INFO     cocotb.cluster_wrapper.s00_axi     Write complete addr: 0x00000000 prot: 2 resp: 0 length: 4
   322.92ns INFO     cocotb.cluster_wrapper.s00_axi     Write start addr: 0x00000004 awid: 0x7 prot: 2 data: 07 00 00 00
   322.92ns INFO     cocotb.cluster_wrapper.s00_axi     Write burst start awid: 0x7 awaddr: 0x00000004 awlen: 0 awsize: 2 awprot: 2
   322.97ns INFO     cocotb.cluster_wrapper.s00_axi     Write burst complete bid: 0x7 bresp: 0
   322.97ns INFO     cocotb.cluster_wrapper.s00_axi     Write complete addr: 0x00000004 prot: 2 resp: 0 length: 4
   322.97ns INFO     cocotb.cluster_wrapper.s01_axi     Write start addr: 0x00000000 awid: 0x12 prot: 2 data: 80 80 80 00 00 00 00 00 00 00 00 00 00 00 00 00 00 00 00 00 00 00 00 00 00 00 00 00 00 00 00 00
   322.97ns INFO     cocotb.cluster_wrapper.s01_axi     Write burst start awid: 0x12 awaddr: 0x00000000 awlen: 7 awsize: 2 awprot: 2
   323.09ns INFO     cocotb.cluster_wrapper.s01_axi     Write burst complete bid: 0x12 bresp: 0
   323.09ns INFO     cocotb.cluster_wrapper.s01_axi     Write complete addr: 0x00000000 prot: 2 resp: 0 length: 32
   323.09ns INFO     cocotb.cluster_wrapper.s01_axi     Write start addr: 0x00000020 awid: 0x13 prot: 2 data: 7f 80 7f 00 00 00 00 00 00 00 00 00 00 00 00 00 00 00 00 00 00 00 00 00 00 00 00 00 00 00 00 00
   323.09ns INFO     cocotb.cluster_wrapper.s01_axi     Write burst start awid: 0x13 awaddr: 0x00000020 awlen: 7 awsize: 2 awprot: 2
   323.21ns INFO     cocotb.cluster_wrapper.s01_axi     Write burst complete bid: 0x13 bresp: 0
   323.21ns INFO     cocotb.cluster_wrapper.s01_axi     Write complete addr: 0x00000020 prot: 2 resp: 0 length: 32
   323.21ns INFO     cocotb.cluster_wrapper.s01_axi     Write start addr: 0x00000040 awid: 0x14 prot: 2 data: 80 80 80 00 00 00 00 00 00 00 00 00 00 00 00 00 00 00 00 00 00 00 00 00 00 00 00 00 00 00 00 00
   323.21ns INFO     cocotb.cluster_wrapper.s01_axi     Write burst start awid: 0x14 awaddr: 0x00000040 awlen: 7 awsize: 2 awprot: 2
   323.33ns INFO     cocotb.cluster_wrapper.s01_axi     Write burst complete bid: 0x14 bresp: 0
   323.33ns INFO     cocotb.cluster_wrapper.s01_axi     Write complete addr: 0x00000040 prot: 2 resp: 0 length: 32
   323.33ns INFO     cocotb.cluster_wrapper.s01_axi     Write start addr: 0x00000060 awid: 0x15 prot: 2 data: 7f 80 7f 00 00 00 00 00 00 00 00 00 00 00 00 00 00 00 00 00 00 00 00 00 00 00 00 00 00 00 00 00
   323.33ns INFO     cocotb.cluster_wrapper.s01_axi     Write burst start awid: 0x15 awaddr: 0x00000060 awlen: 7 awsize: 2 awprot: 2
   323.45ns INFO     cocotb.cluster_wrapper.s01_axi     Write burst complete bid: 0x15 bresp: 0
   323.45ns INFO     cocotb.cluster_wrapper.s01_axi     Write complete addr: 0x00000060 prot: 2 resp: 0 length: 32
   323.45ns INFO     cocotb.cluster_wrapper.s01_axi     Write start addr: 0x00000080 awid: 0x16 prot: 2 data: 7f 80 7f 00 00 00 00 00 00 00 00 00 00 00 00 00 00 00 00 00 00 00 00 00 00 00 00 00 00 00 00 00
   323.45ns INFO     cocotb.cluster_wrapper.s01_axi     Write burst start awid: 0x16 awaddr: 0x00000080 awlen: 7 awsize: 2 awprot: 2
   323.57ns INFO     cocotb.cluster_wrapper.s01_axi     Write burst complete bid: 0x16 bresp: 0
   323.57ns INFO     cocotb.cluster_wrapper.s01_axi     Write complete addr: 0x00000080 prot: 2 resp: 0 length: 32
   323.57ns INFO     cocotb.cluster_wrapper.s01_axi     Write start addr: 0x000000a0 awid: 0x17 prot: 2 data: 7f 80 80 00 00 00 00 00 00 00 00 00 00 00 00 00 00 00 00 00 00 00 00 00 00 00 00 00 00 00 00 00
   323.57ns INFO     cocotb.cluster_wrapper.s01_axi     Write burst start awid: 0x17 awaddr: 0x000000a0 awlen: 7 awsize: 2 awprot: 2
   323.69ns INFO     cocotb.cluster_wrapper.s01_axi     Write burst complete bid: 0x17 bresp: 0
   323.69ns INFO     cocotb.cluster_wrapper.s01_axi     Write complete addr: 0x000000a0 prot: 2 resp: 0 length: 32
   323.69ns INFO     cocotb.cluster_wrapper.s01_axi     Write start addr: 0x000000c0 awid: 0x18 prot: 2 data: 80 7f 7f 00 00 00 00 00 00 00 00 00 00 00 00 00 00 00 00 00 00 00 00 00 00 00 00 00 00 00 00 00
   323.69ns INFO     cocotb.cluster_wrapper.s01_axi     Write burst start awid: 0x18 awaddr: 0x000000c0 awlen: 7 awsize: 2 awprot: 2
   323.81ns INFO     cocotb.cluster_wrapper.s01_axi     Write burst complete bid: 0x18 bresp: 0
   323.81ns INFO     cocotb.cluster_wrapper.s01_axi     Write complete addr: 0x000000c0 prot: 2 resp: 0 length: 32
   323.81ns INFO     cocotb.cluster_wrapper.s01_axi     Write start addr: 0x000000e0 awid: 0x19 prot: 2 data: 80 80 7f 00 00 00 00 00 00 00 00 00 00 00 00 00 00 00 00 00 00 00 00 00 00 00 00 00 00 00 00 00
   323.81ns INFO     cocotb.cluster_wrapper.s01_axi     Write burst start awid: 0x19 awaddr: 0x000000e0 awlen: 7 awsize: 2 awprot: 2
   323.93ns INFO     cocotb.cluster_wrapper.s01_axi     Write burst complete bid: 0x19 bresp: 0
   323.93ns INFO     cocotb.cluster_wrapper.s01_axi     Write complete addr: 0x000000e0 prot: 2 resp: 0 length: 32
   323.93ns INFO     cocotb.cluster_wrapper.s01_axi     Write start addr: 0x00000100 awid: 0x1a prot: 2 data: 7f 7f 80 00 00 00 00 00 00 00 00 00 00 00 00 00 00 00 00 00 00 00 00 00 00 00 00 00 00 00 00 00
   323.93ns INFO     cocotb.cluster_wrapper.s01_axi     Write burst start awid: 0x1a awaddr: 0x00000100 awlen: 7 awsize: 2 awprot: 2
   324.05ns INFO     cocotb.cluster_wrapper.s01_axi     Write burst complete bid: 0x1a bresp: 0
   324.05ns INFO     cocotb.cluster_wrapper.s01_axi     Write complete addr: 0x00000100 prot: 2 resp: 0 length: 32
   324.05ns INFO     cocotb.cluster_wrapper.s00_axi     Read start addr: 0x00000004 arid: 0x2 prot: 2
   324.05ns INFO     cocotb.cluster_wrapper.s00_axi     Read burst start arid: 0x2 araddr: 0x00000004 arlen: 0 arsize: 2 arprot: 2
   324.09ns INFO     cocotb.cluster_wrapper.s00_axi     Read burst complete rid: 0x2 rresp: 0
   324.09ns INFO     cocotb.cluster_wrapper.s00_axi     Read complete addr: 0x00000004 prot: 2 resp: 0 data: 07 00 01 00
   334.09ns INFO     cocotb.cluster_wrapper.s00_axi     Write start addr: 0x00000000 awid: 0x8 prot: 2 data: 00 00 00 00
   334.09ns INFO     cocotb.cluster_wrapper.s00_axi     Write burst start awid: 0x8 awaddr: 0x00000000 awlen: 0 awsize: 2 awprot: 2
   334.13ns INFO     cocotb.cluster_wrapper.s00_axi     Write burst complete bid: 0x8 bresp: 0
   334.13ns INFO     cocotb.cluster_wrapper.s00_axi     Write complete addr: 0x00000000 prot: 2 resp: 0 length: 4
   334.13ns INFO     cocotb.cluster_wrapper.s00_axi     Write start addr: 0x00000000 awid: 0x9 prot: 2 data: 01 80 02 00
   334.13ns INFO     cocotb.cluster_wrapper.s00_axi     Write burst start awid: 0x9 awaddr: 0x00000000 awlen: 0 awsize: 2 awprot: 2
   334.18ns INFO     cocotb.cluster_wrapper.s00_axi     Write burst complete bid: 0x9 bresp: 0
   334.18ns INFO     cocotb.cluster_wrapper.s00_axi     Write complete addr: 0x00000000 prot: 2 resp: 0 length: 4
   334.18ns INFO     cocotb.cluster_wrapper.s00_axi     Write start addr: 0x00000004 awid: 0xa prot: 2 data: 07 00 00 00
   334.18ns INFO     cocotb.cluster_wrapper.s00_axi     Write burst start awid: 0xa awaddr: 0x00000004 awlen: 0 awsize: 2 awprot: 2
   334.23ns INFO     cocotb.cluster_wrapper.s00_axi     Write burst complete bid: 0xa bresp: 0
   334.23ns INFO     cocotb.cluster_wrapper.s00_axi     Write complete addr: 0x00000004 prot: 2 resp: 0 length: 4
   334.23ns INFO     cocotb.cluster_wrapper.s01_axi     Write burst start awid: 0x1b awaddr: 0x00000000 awlen: 7 awsize: 2 awprot: 2
 00 00 00 00 00 00 00 00 00 00 00 00 00 00 00 00 00 00 00 00 00 00 00 00
   334.35ns INFO     cocotb.cluster_wrapper.s01_axi     Write burst complete bid: 0x1b bresp: 0
   334.35ns INFO     cocotb.cluster_wrapper.s01_axi     Write complete addr: 0x00000000 prot: 2 resp: 0 length: 32
   334.35ns INFO     cocotb.cluster_wrapper.s01_axi     Write start addr: 0x00000020 awid: 0x1c prot: 2 data: 80 7f 7f 00 00 00 00 00 00 00 00 00 00 00 00 00 00 00 00 00 00 00 00 00 00 00 00 00 00 00 00 00
   334.35ns INFO     cocotb.cluster_wrapper.s01_axi     Write burst start awid: 0x1c awaddr: 0x00000020 awlen: 7 awsize: 2 awprot: 2
   334.47ns INFO     cocotb.cluster_wrapper.s01_axi     Write burst complete bid: 0x1c bresp: 0
   334.47ns INFO     cocotb.cluster_wrapper.s01_axi     Write complete addr: 0x00000020 prot: 2 resp: 0 length: 32
   334.47ns INFO     cocotb.cluster_wrapper.s01_axi     Write start addr: 0x00000040 awid: 0x1d prot: 2 data: 80 7f 7f 00 00 00 00 00 00 00 00 00 00 00 00 00 00 00 00 00 00 00 00 00 00 00 00 00 00 00 00 00
   334.47ns INFO     cocotb.cluster_wrapper.s01_axi     Write burst start awid: 0x1d awaddr: 0x00000040 awlen: 7 awsize: 2 awprot: 2
   334.59ns INFO     cocotb.cluster_wrapper.s01_axi     Write burst complete bid: 0x1d bresp: 0
   334.59ns INFO     cocotb.cluster_wrapper.s01_axi     Write complete addr: 0x00000040 prot: 2 resp: 0 length: 32
   334.59ns INFO     cocotb.cluster_wrapper.s01_axi     Write start addr: 0x00000060 awid: 0x1e prot: 2 data: 80 7f 7f 00 00 00 00 00 00 00 00 00 00 00 00 00 00 00 00 00 00 00 00 00 00 00 00 00 00 00 00 00
   334.59ns INFO     cocotb.cluster_wrapper.s01_axi     Write burst start awid: 0x1e awaddr: 0x00000060 awlen: 7 awsize: 2 awprot: 2
   334.71ns INFO     cocotb.cluster_wrapper.s01_axi     Write burst complete bid: 0x1e bresp: 0
   334.71ns INFO     cocotb.cluster_wrapper.s01_axi     Write complete addr: 0x00000060 prot: 2 resp: 0 length: 32
   334.71ns INFO     cocotb.cluster_wrapper.s01_axi     Write start addr: 0x00000080 awid: 0x1f prot: 2 data: 7f 7f 80 00 00 00 00 00 00 00 00 00 00 00 00 00 00 00 00 00 00 00 00 00 00 00 00 00 00 00 00 00
   334.71ns INFO     cocotb.cluster_wrapper.s01_axi     Write burst start awid: 0x1f awaddr: 0x00000080 awlen: 7 awsize: 2 awprot: 2
   334.83ns INFO     cocotb.cluster_wrapper.s01_axi     Write burst complete bid: 0x1f bresp: 0
   334.83ns INFO     cocotb.cluster_wrapper.s01_axi     Write complete addr: 0x00000080 prot: 2 resp: 0 length: 32
   334.83ns INFO     cocotb.cluster_wrapper.s01_axi     Write start addr: 0x000000a0 awid: 0x20 prot: 2 data: 80 7f 7f 00 00 00 00 00 00 00 00 00 00 00 00 00 00 00 00 00 00 00 00 00 00 00 00 00 00 00 00 00
   334.83ns INFO     cocotb.cluster_wrapper.s01_axi     Write burst start awid: 0x20 awaddr: 0x000000a0 awlen: 7 awsize: 2 awprot: 2
   334.95ns INFO     cocotb.cluster_wrapper.s01_axi     Write burst complete bid: 0x20 bresp: 0
   334.95ns INFO     cocotb.cluster_wrapper.s01_axi     Write complete addr: 0x000000a0 prot: 2 resp: 0 length: 32
   334.95ns INFO     cocotb.cluster_wrapper.s01_axi     Write start addr: 0x000000c0 awid: 0x21 prot: 2 data: 80 80 7f 00 00 00 00 00 00 00 00 00 00 00 00 00 00 00 00 00 00 00 00 00 00 00 00 00 00 00 00 00
   334.95ns INFO     cocotb.cluster_wrapper.s01_axi     Write burst start awid: 0x21 awaddr: 0x000000c0 awlen: 7 awsize: 2 awprot: 2
   335.07ns INFO     cocotb.cluster_wrapper.s01_axi     Write burst complete bid: 0x21 bresp: 0
   335.07ns INFO     cocotb.cluster_wrapper.s01_axi     Write complete addr: 0x000000c0 prot: 2 resp: 0 length: 32
   335.07ns INFO     cocotb.cluster_wrapper.s01_axi     Write start addr: 0x000000e0 awid: 0x22 prot: 2 data: 7f 7f 80 00 00 00 00 00 00 00 00 00 00 00 00 00 00 00 00 00 00 00 00 00 00 00 00 00 00 00 00 00
   335.07ns INFO     cocotb.cluster_wrapper.s01_axi     Write burst start awid: 0x22 awaddr: 0x000000e0 awlen: 7 awsize: 2 awprot: 2
   335.19ns INFO     cocotb.cluster_wrapper.s01_axi     Write burst complete bid: 0x22 bresp: 0
   335.19ns INFO     cocotb.cluster_wrapper.s01_axi     Write complete addr: 0x000000e0 prot: 2 resp: 0 length: 32
   335.19ns INFO     cocotb.cluster_wrapper.s01_axi     Write start addr: 0x00000100 awid: 0x23 prot: 2 data: 80 7f 80 00 00 00 00 00 00 00 00 00 00 00 00 00 00 00 00 00 00 00 00 00 00 00 00 00 00 00 00 00
   335.19ns INFO     cocotb.cluster_wrapper.s01_axi     Write burst start awid: 0x23 awaddr: 0x00000100 awlen: 7 awsize: 2 awprot: 2
   335.31ns INFO     cocotb.cluster_wrapper.s01_axi     Write burst complete bid: 0x23 bresp: 0
   335.31ns INFO     cocotb.cluster_wrapper.s01_axi     Write complete addr: 0x00000100 prot: 2 resp: 0 length: 32
   335.31ns INFO     cocotb.cluster_wrapper.s00_axi     Read start addr: 0x00000004 arid: 0x3 prot: 2
   335.31ns INFO     cocotb.cluster_wrapper.s00_axi     Read burst start arid: 0x3 araddr: 0x00000004 arlen: 0 arsize: 2 arprot: 2
   335.35ns INFO     cocotb.cluster_wrapper.s00_axi     Read burst complete rid: 0x3 rresp: 0
   335.35ns INFO     cocotb.cluster_wrapper.s00_axi     Read complete addr: 0x00000004 prot: 2 resp: 0 data: 07 00 01 00
   345.35ns INFO     cocotb.cluster_wrapper.s00_axi     Write start addr: 0x00000000 awid: 0xb prot: 2 data: 00 00 00 00
   345.35ns INFO     cocotb.cluster_wrapper.s00_axi     Write burst start awid: 0xb awaddr: 0x00000000 awlen: 0 awsize: 2 awprot: 2
   345.39ns INFO     cocotb.cluster_wrapper.s00_axi     Write burst complete bid: 0xb bresp: 0
   345.39ns INFO     cocotb.cluster_wrapper.s00_axi     Write complete addr: 0x00000000 prot: 2 resp: 0 length: 4
   345.39ns INFO     cocotb.cluster_wrapper.s00_axi     Write start addr: 0x00000000 awid: 0xc prot: 2 data: 01 80 02 00
   345.39ns INFO     cocotb.cluster_wrapper.s00_axi     Write burst start awid: 0xc awaddr: 0x00000000 awlen: 0 awsize: 2 awprot: 2
   345.44ns INFO     cocotb.cluster_wrapper.s00_axi     Write burst complete bid: 0xc bresp: 0
   345.44ns INFO     cocotb.cluster_wrapper.s00_axi     Write complete addr: 0x00000000 prot: 2 resp: 0 length: 4
   345.44ns INFO     cocotb.cluster_wrapper.s00_axi     Write start addr: 0x00000004 awid: 0xd prot: 2 data: 07 00 00 00
   345.44ns INFO     cocotb.cluster_wrapper.s00_axi     Write burst start awid: 0xd awaddr: 0x00000004 awlen: 0 awsize: 2 awprot: 2
   345.49ns INFO     cocotb.cluster_wrapper.s00_axi     Write burst complete bid: 0xd bresp: 0
   345.49ns INFO     cocotb.cluster_wrapper.s00_axi     Write complete addr: 0x00000004 prot: 2 resp: 0 length: 4
   345.49ns INFO     cocotb.cluster_wrapper.s01_axi     Write start addr: 0x00000000 awid: 0x24 prot: 2 data: ff 00 ff 00 00 00 00 00 00 00 00 00 00 00 00 00 00 00 00 00 00 00 00 00 00 00 00 00 00 00 00 00
   345.49ns INFO     cocotb.cluster_wrapper.s01_axi     Write burst start awid: 0x24 awaddr: 0x00000000 awlen: 7 awsize: 2 awprot: 2
   345.61ns INFO     cocotb.cluster_wrapper.s01_axi     Write burst complete bid: 0x24 bresp: 0
   345.61ns INFO     cocotb.cluster_wrapper.s01_axi     Write complete addr: 0x00000000 prot: 2 resp: 0 length: 32
   345.61ns INFO     cocotb.cluster_wrapper.s01_axi     Write start addr: 0x00000020 awid: 0x25 prot: 2 data: 80 7f 7f 00 00 00 00 00 00 00 00 00 00 00 00 00 00 00 00 00 00 00 00 00 00 00 00 00 00 00 00 00
   345.61ns INFO     cocotb.cluster_wrapper.s01_axi     Write burst start awid: 0x25 awaddr: 0x00000020 awlen: 7 awsize: 2 awprot: 2
   345.73ns INFO     cocotb.cluster_wrapper.s01_axi     Write burst complete bid: 0x25 bresp: 0
   345.73ns INFO     cocotb.cluster_wrapper.s01_axi     Write complete addr: 0x00000020 prot: 2 resp: 0 length: 32
   345.73ns INFO     cocotb.cluster_wrapper.s01_axi     Write start addr: 0x00000040 awid: 0x26 prot: 2 data: 80 80 7f 00 00 00 00 00 00 00 00 00 00 00 00 00 00 00 00 00 00 00 00 00 00 00 00 00 00 00 00 00
   345.73ns INFO     cocotb.cluster_wrapper.s01_axi     Write burst start awid: 0x26 awaddr: 0x00000040 awlen: 7 awsize: 2 awprot: 2
   345.85ns INFO     cocotb.cluster_wrapper.s01_axi     Write burst complete bid: 0x26 bresp: 0
   345.85ns INFO     cocotb.cluster_wrapper.s01_axi     Write complete addr: 0x00000040 prot: 2 resp: 0 length: 32
   345.85ns INFO     cocotb.cluster_wrapper.s01_axi     Write start addr: 0x00000060 awid: 0x27 prot: 2 data: 80 7f 80 00 00 00 00 00 00 00 00 00 00 00 00 00 00 00 00 00 00 00 00 00 00 00 00 00 00 00 00 00
   345.85ns INFO     cocotb.cluster_wrapper.s01_axi     Write burst start awid: 0x27 awaddr: 0x00000060 awlen: 7 awsize: 2 awprot: 2
   345.97ns INFO     cocotb.cluster_wrapper.s01_axi     Write burst complete bid: 0x27 bresp: 0
   345.97ns INFO     cocotb.cluster_wrapper.s01_axi     Write complete addr: 0x00000060 prot: 2 resp: 0 length: 32
   345.97ns INFO     cocotb.cluster_wrapper.s01_axi     Write start addr: 0x00000080 awid: 0x28 prot: 2 data: 7f 7f 7f 00 00 00 00 00 00 00 00 00 00 00 00 00 00 00 00 00 00 00 00 00 00 00 00 00 00 00 00 00
   345.97ns INFO     cocotb.cluster_wrapper.s01_axi     Write burst start awid: 0x28 awaddr: 0x00000080 awlen: 7 awsize: 2 awprot: 2
   346.09ns INFO     cocotb.cluster_wrapper.s01_axi     Write burst complete bid: 0x28 bresp: 0
   346.09ns INFO     cocotb.cluster_wrapper.s01_axi     Write complete addr: 0x00000080 prot: 2 resp: 0 length: 32
   346.09ns INFO     cocotb.cluster_wrapper.s01_axi     Write start addr: 0x000000a0 awid: 0x29 prot: 2 data: 7f 7f 80 00 00 00 00 00 00 00 00 00 00 00 00 00 00 00 00 00 00 00 00 00 00 00 00 00 00 00 00 00
   346.09ns INFO     cocotb.cluster_wrapper.s01_axi     Write burst start awid: 0x29 awaddr: 0x000000a0 awlen: 7 awsize: 2 awprot: 2
   346.21ns INFO     cocotb.cluster_wrapper.s01_axi     Write burst complete bid: 0x29 bresp: 0
   346.21ns INFO     cocotb.cluster_wrapper.s01_axi     Write complete addr: 0x000000a0 prot: 2 resp: 0 length: 32
   346.21ns INFO     cocotb.cluster_wrapper.s01_axi     Write start addr: 0x000000c0 awid: 0x2a prot: 2 data: 7f 7f 7f 00 00 00 00 00 00 00 00 00 00 00 00 00 00 00 00 00 00 00 00 00 00 00 00 00 00 00 00 00
   346.21ns INFO     cocotb.cluster_wrapper.s01_axi     Write burst start awid: 0x2a awaddr: 0x000000c0 awlen: 7 awsize: 2 awprot: 2
   346.33ns INFO     cocotb.cluster_wrapper.s01_axi     Write burst complete bid: 0x2a bresp: 0
   346.33ns INFO     cocotb.cluster_wrapper.s01_axi     Write complete addr: 0x000000c0 prot: 2 resp: 0 length: 32
   346.33ns INFO     cocotb.cluster_wrapper.s01_axi     Write start addr: 0x000000e0 awid: 0x2b prot: 2 data: 80 80 80 00 00 00 00 00 00 00 00 00 00 00 00 00 00 00 00 00 00 00 00 00 00 00 00 00 00 00 00 00
   346.33ns INFO     cocotb.cluster_wrapper.s01_axi     Write burst start awid: 0x2b awaddr: 0x000000e0 awlen: 7 awsize: 2 awprot: 2
   346.45ns INFO     cocotb.cluster_wrapper.s01_axi     Write burst complete bid: 0x2b bresp: 0
   346.45ns INFO     cocotb.cluster_wrapper.s01_axi     Write complete addr: 0x000000e0 prot: 2 resp: 0 length: 32
   346.45ns INFO     cocotb.cluster_wrapper.s01_axi     Write start addr: 0x00000100 awid: 0x2c prot: 2 data: 80 7f 80 00 00 00 00 00 00 00 00 00 00 00 00 00 00 00 00 00 00 00 00 00 00 00 00 00 00 00 00 00
   346.45ns INFO     cocotb.cluster_wrapper.s01_axi     Write burst start awid: 0x2c awaddr: 0x00000100 awlen: 7 awsize: 2 awprot: 2
   346.57ns INFO     cocotb.cluster_wrapper.s01_axi     Write burst complete bid: 0x2c bresp: 0
   346.57ns INFO     cocotb.cluster_wrapper.s01_axi     Write complete addr: 0x00000100 prot: 2 resp: 0 length: 32
   346.57ns INFO     cocotb.cluster_wrapper.s00_axi     Read start addr: 0x00000004 arid: 0x4 prot: 2
   346.57ns INFO     cocotb.cluster_wrapper.s00_axi     Read burst start arid: 0x4 araddr: 0x00000004 arlen: 0 arsize: 2 arprot: 2
   346.61ns INFO     cocotb.cluster_wrapper.s00_axi     Read burst complete rid: 0x4 rresp: 0
   346.61ns INFO     cocotb.cluster_wrapper.s00_axi     Read complete addr: 0x00000004 prot: 2 resp: 0 data: 07 00 01 00
   356.61ns INFO     cocotb.cluster_wrapper.s00_axi     Write start addr: 0x00000000 awid: 0xe prot: 2 data: 00 00 00 00
   356.61ns INFO     cocotb.cluster_wrapper.s00_axi     Write burst start awid: 0xe awaddr: 0x00000000 awlen: 0 awsize: 2 awprot: 2
   356.65ns INFO     cocotb.cluster_wrapper.s00_axi     Write burst complete bid: 0xe bresp: 0
   356.65ns INFO     cocotb.cluster_wrapper.s00_axi     Write complete addr: 0x00000000 prot: 2 resp: 0 length: 4
   356.65ns INFO     cocotb.cluster_wrapper.s00_axi     Write start addr: 0x00000000 awid: 0xf prot: 2 data: 01 80 02 00
   356.65ns INFO     cocotb.cluster_wrapper.s00_axi     Write burst start awid: 0xf awaddr: 0x00000000 awlen: 0 awsize: 2 awprot: 2
   356.70ns INFO     cocotb.cluster_wrapper.s00_axi     Write burst complete bid: 0xf bresp: 0
   356.70ns INFO     cocotb.cluster_wrapper.s00_axi     Write complete addr: 0x00000000 prot: 2 resp: 0 length: 4
   356.70ns INFO     cocotb.cluster_wrapper.s00_axi     Write start addr: 0x00000004 awid: 0x10 prot: 2 data: 07 00 00 00
   356.70ns INFO     cocotb.cluster_wrapper.s00_axi     Write burst start awid: 0x10 awaddr: 0x00000004 awlen: 0 awsize: 2 awprot: 2
   356.75ns INFO     cocotb.cluster_wrapper.s00_axi     Write burst complete bid: 0x10 bresp: 0
   356.75ns INFO     cocotb.cluster_wrapper.s00_axi     Write complete addr: 0x00000004 prot: 2 resp: 0 length: 4
   356.75ns INFO     cocotb.cluster_wrapper.s01_axi     Write start addr: 0x00000000 awid: 0x2d prot: 2 data: ff ff 00 00 00 00 00 00 00 00 00 00 00 00 00 00 00 00 00 00 00 00 00 00 00 00 00 00 00 00 00 00
   356.75ns INFO     cocotb.cluster_wrapper.s01_axi     Write burst start awid: 0x2d awaddr: 0x00000000 awlen: 7 awsize: 2 awprot: 2
   356.87ns INFO     cocotb.cluster_wrapper.s01_axi     Write burst complete bid: 0x2d bresp: 0
   356.87ns INFO     cocotb.cluster_wrapper.s01_axi     Write complete addr: 0x00000000 prot: 2 resp: 0 length: 32
   356.87ns INFO     cocotb.cluster_wrapper.s01_axi     Write start addr: 0x00000020 awid: 0x2e prot: 2 data: 80 7f 80 00 00 00 00 00 00 00 00 00 00 00 00 00 00 00 00 00 00 00 00 00 00 00 00 00 00 00 00 00
   356.87ns INFO     cocotb.cluster_wrapper.s01_axi     Write burst start awid: 0x2e awaddr: 0x00000020 awlen: 7 awsize: 2 awprot: 2
   356.99ns INFO     cocotb.cluster_wrapper.s01_axi     Write burst complete bid: 0x2e bresp: 0
   356.99ns INFO     cocotb.cluster_wrapper.s01_axi     Write complete addr: 0x00000020 prot: 2 resp: 0 length: 32
   356.99ns INFO     cocotb.cluster_wrapper.s01_axi     Write start addr: 0x00000040 awid: 0x2f prot: 2 data: 7f 7f 80 00 00 00 00 00 00 00 00 00 00 00 00 00 00 00 00 00 00 00 00 00 00 00 00 00 00 00 00 00
   356.99ns INFO     cocotb.cluster_wrapper.s01_axi     Write burst start awid: 0x2f awaddr: 0x00000040 awlen: 7 awsize: 2 awprot: 2
   357.11ns INFO     cocotb.cluster_wrapper.s01_axi     Write burst complete bid: 0x2f bresp: 0
   357.11ns INFO     cocotb.cluster_wrapper.s01_axi     Write complete addr: 0x00000040 prot: 2 resp: 0 length: 32
   357.11ns INFO     cocotb.cluster_wrapper.s01_axi     Write start addr: 0x00000060 awid: 0x30 prot: 2 data: 7f 7f 7f 00 00 00 00 00 00 00 00 00 00 00 00 00 00 00 00 00 00 00 00 00 00 00 00 00 00 00 00 00
   357.11ns INFO     cocotb.cluster_wrapper.s01_axi     Write burst start awid: 0x30 awaddr: 0x00000060 awlen: 7 awsize: 2 awprot: 2
   357.23ns INFO     cocotb.cluster_wrapper.s01_axi     Write burst complete bid: 0x30 bresp: 0
   357.23ns INFO     cocotb.cluster_wrapper.s01_axi     Write complete addr: 0x00000060 prot: 2 resp: 0 length: 32
   357.23ns INFO     cocotb.cluster_wrapper.s01_axi     Write start addr: 0x00000080 awid: 0x31 prot: 2 data: 7f 80 80 00 00 00 00 00 00 00 00 00 00 00 00 00 00 00 00 00 00 00 00 00 00 00 00 00 00 00 00 00
   357.23ns INFO     cocotb.cluster_wrapper.s01_axi     Write burst start awid: 0x31 awaddr: 0x00000080 awlen: 7 awsize: 2 awprot: 2
   357.35ns INFO     cocotb.cluster_wrapper.s01_axi     Write burst complete bid: 0x31 bresp: 0
   357.35ns INFO     cocotb.cluster_wrapper.s01_axi     Write complete addr: 0x00000080 prot: 2 resp: 0 length: 32
   357.35ns INFO     cocotb.cluster_wrapper.s01_axi     Write start addr: 0x000000a0 awid: 0x32 prot: 2 data: 80 80 80 00 00 00 00 00 00 00 00 00 00 00 00 00 00 00 00 00 00 00 00 00 00 00 00 00 00 00 00 00
   357.35ns INFO     cocotb.cluster_wrapper.s01_axi     Write burst start awid: 0x32 awaddr: 0x000000a0 awlen: 7 awsize: 2 awprot: 2
   357.47ns INFO     cocotb.cluster_wrapper.s01_axi     Write burst complete bid: 0x32 bresp: 0
   357.47ns INFO     cocotb.cluster_wrapper.s01_axi     Write complete addr: 0x000000a0 prot: 2 resp: 0 length: 32
   357.47ns INFO     cocotb.cluster_wrapper.s01_axi     Write start addr: 0x000000c0 awid: 0x33 prot: 2 data: 80 7f 80 00 00 00 00 00 00 00 00 00 00 00 00 00 00 00 00 00 00 00 00 00 00 00 00 00 00 00 00 00
   357.47ns INFO     cocotb.cluster_wrapper.s01_axi     Write burst start awid: 0x33 awaddr: 0x000000c0 awlen: 7 awsize: 2 awprot: 2
   357.59ns INFO     cocotb.cluster_wrapper.s01_axi     Write burst complete bid: 0x33 bresp: 0
   357.59ns INFO     cocotb.cluster_wrapper.s01_axi     Write complete addr: 0x000000c0 prot: 2 resp: 0 length: 32
   357.59ns INFO     cocotb.cluster_wrapper.s01_axi     Write start addr: 0x000000e0 awid: 0x34 prot: 2 data: 80 7f 80 00 00 00 00 00 00 00 00 00 00 00 00 00 00 00 00 00 00 00 00 00 00 00 00 00 00 00 00 00
   357.59ns INFO     cocotb.cluster_wrapper.s01_axi     Write burst start awid: 0x34 awaddr: 0x000000e0 awlen: 7 awsize: 2 awprot: 2
   357.71ns INFO     cocotb.cluster_wrapper.s01_axi     Write burst complete bid: 0x34 bresp: 0
   357.71ns INFO     cocotb.cluster_wrapper.s01_axi     Write complete addr: 0x000000e0 prot: 2 resp: 0 length: 32
   357.71ns INFO     cocotb.cluster_wrapper.s01_axi     Write start addr: 0x00000100 awid: 0x35 prot: 2 data: 80 80 7f 00 00 00 00 00 00 00 00 00 00 00 00 00 00 00 00 00 00 00 00 00 00 00 00 00 00 00 00 00
   357.71ns INFO     cocotb.cluster_wrapper.s01_axi     Write burst start awid: 0x35 awaddr: 0x00000100 awlen: 7 awsize: 2 awprot: 2
   357.83ns INFO     cocotb.cluster_wrapper.s01_axi     Write burst complete bid: 0x35 bresp: 0
   357.83ns INFO     cocotb.cluster_wrapper.s01_axi     Write complete addr: 0x00000100 prot: 2 resp: 0 length: 32
   357.83ns INFO     cocotb.cluster_wrapper.s00_axi     Read start addr: 0x00000004 arid: 0x5 prot: 2
   357.87ns INFO     cocotb.cluster_wrapper.s00_axi     Read burst complete rid: 0x5 rresp: 0
0000004 arlen: 0 arsize: 2 arprot: 2
   357.87ns INFO     cocotb.cluster_wrapper.s00_axi     Read complete addr: 0x00000004 prot: 2 resp: 0 data: 07 00 01 00
   367.87ns INFO     cocotb.cluster_wrapper.s00_axi     Write start addr: 0x00000000 awid: 0x11 prot: 2 data: 00 00 00 00
   367.87ns INFO     cocotb.cluster_wrapper.s00_axi     Write burst start awid: 0x11 awaddr: 0x00000000 awlen: 0 awsize: 2 awprot: 2
   367.91ns INFO     cocotb.cluster_wrapper.s00_axi     Write burst complete bid: 0x11 bresp: 0
   367.91ns INFO     cocotb.cluster_wrapper.s00_axi     Write complete addr: 0x00000000 prot: 2 resp: 0 length: 4
   367.91ns INFO     cocotb.cluster_wrapper.s00_axi     Write start addr: 0x00000000 awid: 0x12 prot: 2 data: 01 80 02 00
   367.91ns INFO     cocotb.cluster_wrapper.s00_axi     Write burst start awid: 0x12 awaddr: 0x00000000 awlen: 0 awsize: 2 awprot: 2
   367.96ns INFO     cocotb.cluster_wrapper.s00_axi     Write burst complete bid: 0x12 bresp: 0
   367.96ns INFO     cocotb.cluster_wrapper.s00_axi     Write complete addr: 0x00000000 prot: 2 resp: 0 length: 4
   367.96ns INFO     cocotb.cluster_wrapper.s00_axi     Write start addr: 0x00000004 awid: 0x13 prot: 2 data: 07 00 00 00
   367.96ns INFO     cocotb.cluster_wrapper.s00_axi     Write burst start awid: 0x13 awaddr: 0x00000004 awlen: 0 awsize: 2 awprot: 2
   368.01ns INFO     cocotb.cluster_wrapper.s00_axi     Write burst complete bid: 0x13 bresp: 0
   368.01ns INFO     cocotb.cluster_wrapper.s00_axi     Write complete addr: 0x00000004 prot: 2 resp: 0 length: 4
   368.01ns INFO     cocotb.cluster_wrapper.s01_axi     Write start addr: 0x00000000 awid: 0x36 prot: 2 data: 80 80 80 00 00 00 00 00 00 00 00 00 00 00 00 00 00 00 00 00 00 00 00 00 00 00 00 00 00 00 00 00
   368.01ns INFO     cocotb.cluster_wrapper.s01_axi     Write burst start awid: 0x36 awaddr: 0x00000000 awlen: 7 awsize: 2 awprot: 2
   368.13ns INFO     cocotb.cluster_wrapper.s01_axi     Write burst complete bid: 0x36 bresp: 0
   368.13ns INFO     cocotb.cluster_wrapper.s01_axi     Write complete addr: 0x00000000 prot: 2 resp: 0 length: 32
   368.13ns INFO     cocotb.cluster_wrapper.s01_axi     Write start addr: 0x00000020 awid: 0x37 prot: 2 data: 80 80 7f 00 00 00 00 00 00 00 00 00 00 00 00 00 00 00 00 00 00 00 00 00 00 00 00 00 00 00 00 00
   368.13ns INFO     cocotb.cluster_wrapper.s01_axi     Write burst start awid: 0x37 awaddr: 0x00000020 awlen: 7 awsize: 2 awprot: 2
   368.25ns INFO     cocotb.cluster_wrapper.s01_axi     Write burst complete bid: 0x37 bresp: 0
   368.25ns INFO     cocotb.cluster_wrapper.s01_axi     Write complete addr: 0x00000020 prot: 2 resp: 0 length: 32
   368.25ns INFO     cocotb.cluster_wrapper.s01_axi     Write start addr: 0x00000040 awid: 0x38 prot: 2 data: 7f 7f 80 00 00 00 00 00 00 00 00 00 00 00 00 00 00 00 00 00 00 00 00 00 00 00 00 00 00 00 00 00
   368.25ns INFO     cocotb.cluster_wrapper.s01_axi     Write burst start awid: 0x38 awaddr: 0x00000040 awlen: 7 awsize: 2 awprot: 2
   368.37ns INFO     cocotb.cluster_wrapper.s01_axi     Write burst complete bid: 0x38 bresp: 0
   368.37ns INFO     cocotb.cluster_wrapper.s01_axi     Write complete addr: 0x00000040 prot: 2 resp: 0 length: 32
   368.37ns INFO     cocotb.cluster_wrapper.s01_axi     Write start addr: 0x00000060 awid: 0x39 prot: 2 data: 80 7f 7f 00 00 00 00 00 00 00 00 00 00 00 00 00 00 00 00 00 00 00 00 00 00 00 00 00 00 00 00 00
   368.37ns INFO     cocotb.cluster_wrapper.s01_axi     Write burst start awid: 0x39 awaddr: 0x00000060 awlen: 7 awsize: 2 awprot: 2
   368.49ns INFO     cocotb.cluster_wrapper.s01_axi     Write burst complete bid: 0x39 bresp: 0
   368.49ns INFO     cocotb.cluster_wrapper.s01_axi     Write complete addr: 0x00000060 prot: 2 resp: 0 length: 32
   368.49ns INFO     cocotb.cluster_wrapper.s01_axi     Write start addr: 0x00000080 awid: 0x3a prot: 2 data: 7f 80 7f 00 00 00 00 00 00 00 00 00 00 00 00 00 00 00 00 00 00 00 00 00 00 00 00 00 00 00 00 00
   368.49ns INFO     cocotb.cluster_wrapper.s01_axi     Write burst start awid: 0x3a awaddr: 0x00000080 awlen: 7 awsize: 2 awprot: 2
   368.61ns INFO     cocotb.cluster_wrapper.s01_axi     Write burst complete bid: 0x3a bresp: 0
   368.61ns INFO     cocotb.cluster_wrapper.s01_axi     Write complete addr: 0x00000080 prot: 2 resp: 0 length: 32
   368.61ns INFO     cocotb.cluster_wrapper.s01_axi     Write start addr: 0x000000a0 awid: 0x3b prot: 2 data: 7f 7f 7f 00 00 00 00 00 00 00 00 00 00 00 00 00 00 00 00 00 00 00 00 00 00 00 00 00 00 00 00 00
   368.61ns INFO     cocotb.cluster_wrapper.s01_axi     Write burst start awid: 0x3b awaddr: 0x000000a0 awlen: 7 awsize: 2 awprot: 2
   368.73ns INFO     cocotb.cluster_wrapper.s01_axi     Write burst complete bid: 0x3b bresp: 0
   368.73ns INFO     cocotb.cluster_wrapper.s01_axi     Write complete addr: 0x000000a0 prot: 2 resp: 0 length: 32
   368.73ns INFO     cocotb.cluster_wrapper.s01_axi     Write start addr: 0x000000c0 awid: 0x3c prot: 2 data: 80 80 7f 00 00 00 00 00 00 00 00 00 00 00 00 00 00 00 00 00 00 00 00 00 00 00 00 00 00 00 00 00
   368.73ns INFO     cocotb.cluster_wrapper.s01_axi     Write burst start awid: 0x3c awaddr: 0x000000c0 awlen: 7 awsize: 2 awprot: 2
   368.85ns INFO     cocotb.cluster_wrapper.s01_axi     Write burst complete bid: 0x3c bresp: 0
   368.85ns INFO     cocotb.cluster_wrapper.s01_axi     Write complete addr: 0x000000c0 prot: 2 resp: 0 length: 32
   368.85ns INFO     cocotb.cluster_wrapper.s01_axi     Write start addr: 0x000000e0 awid: 0x3d prot: 2 data: 80 7f 80 00 00 00 00 00 00 00 00 00 00 00 00 00 00 00 00 00 00 00 00 00 00 00 00 00 00 00 00 00
   368.85ns INFO     cocotb.cluster_wrapper.s01_axi     Write burst start awid: 0x3d awaddr: 0x000000e0 awlen: 7 awsize: 2 awprot: 2
   368.97ns INFO     cocotb.cluster_wrapper.s01_axi     Write burst complete bid: 0x3d bresp: 0
   368.97ns INFO     cocotb.cluster_wrapper.s01_axi     Write complete addr: 0x000000e0 prot: 2 resp: 0 length: 32
   368.97ns INFO     cocotb.cluster_wrapper.s01_axi     Write start addr: 0x00000100 awid: 0x3e prot: 2 data: 7f 80 7f 00 00 00 00 00 00 00 00 00 00 00 00 00 00 00 00 00 00 00 00 00 00 00 00 00 00 00 00 00
   368.97ns INFO     cocotb.cluster_wrapper.s01_axi     Write burst start awid: 0x3e awaddr: 0x00000100 awlen: 7 awsize: 2 awprot: 2
   369.09ns INFO     cocotb.cluster_wrapper.s01_axi     Write burst complete bid: 0x3e bresp: 0
   369.09ns INFO     cocotb.cluster_wrapper.s01_axi     Write complete addr: 0x00000100 prot: 2 resp: 0 length: 32
   369.09ns INFO     cocotb.cluster_wrapper.s00_axi     Read start addr: 0x00000004 arid: 0x6 prot: 2
   369.09ns INFO     cocotb.cluster_wrapper.s00_axi     Read burst start arid: 0x6 araddr: 0x00000004 arlen: 0 arsize: 2 arprot: 2
   369.13ns INFO     cocotb.cluster_wrapper.s00_axi     Read burst complete rid: 0x6 rresp: 0
   369.13ns INFO     cocotb.cluster_wrapper.s00_axi     Read complete addr: 0x00000004 prot: 2 resp: 0 data: 07 00 01 00
   379.13ns INFO     cocotb.cluster_wrapper.s00_axi     Write start addr: 0x00000000 awid: 0x14 prot: 2 data: 00 00 00 00
   379.13ns INFO     cocotb.cluster_wrapper.s00_axi     Write burst start awid: 0x14 awaddr: 0x00000000 awlen: 0 awsize: 2 awprot: 2
   379.17ns INFO     cocotb.cluster_wrapper.s00_axi     Write burst complete bid: 0x14 bresp: 0
   379.17ns INFO     cocotb.cluster_wrapper.s00_axi     Write complete addr: 0x00000000 prot: 2 resp: 0 length: 4
   379.17ns INFO     cocotb.cluster_wrapper.s00_axi     Write start addr: 0x00000000 awid: 0x15 prot: 2 data: 01 80 02 00
   379.17ns INFO     cocotb.cluster_wrapper.s00_axi     Write burst start awid: 0x15 awaddr: 0x00000000 awlen: 0 awsize: 2 awprot: 2
   379.22ns INFO     cocotb.cluster_wrapper.s00_axi     Write burst complete bid: 0x15 bresp: 0
   379.22ns INFO     cocotb.cluster_wrapper.s00_axi     Write complete addr: 0x00000000 prot: 2 resp: 0 length: 4
   379.22ns INFO     cocotb.cluster_wrapper.s00_axi     Write start addr: 0x00000004 awid: 0x16 prot: 2 data: 07 00 00 00
   379.22ns INFO     cocotb.cluster_wrapper.s00_axi     Write burst start awid: 0x16 awaddr: 0x00000004 awlen: 0 awsize: 2 awprot: 2
   379.27ns INFO     cocotb.cluster_wrapper.s00_axi     Write burst complete bid: 0x16 bresp: 0
   379.27ns INFO     cocotb.cluster_wrapper.s00_axi     Write complete addr: 0x00000004 prot: 2 resp: 0 length: 4
   379.27ns INFO     cocotb.cluster_wrapper.s01_axi     Write start addr: 0x00000000 awid: 0x3f prot: 2 data: ff 00 ff 00 00 00 00 00 00 00 00 00 00 00 00 00 00 00 00 00 00 00 00 00 00 00 00 00 00 00 00 00
   379.27ns INFO     cocotb.cluster_wrapper.s01_axi     Write burst start awid: 0x3f awaddr: 0x00000000 awlen: 7 awsize: 2 awprot: 2
   379.39ns INFO     cocotb.cluster_wrapper.s01_axi     Write burst complete bid: 0x3f bresp: 0
   379.39ns INFO     cocotb.cluster_wrapper.s01_axi     Write complete addr: 0x00000000 prot: 2 resp: 0 length: 32
   379.39ns INFO     cocotb.cluster_wrapper.s01_axi     Write start addr: 0x00000020 awid: 0x40 prot: 2 data: 80 7f 80 00 00 00 00 00 00 00 00 00 00 00 00 00 00 00 00 00 00 00 00 00 00 00 00 00 00 00 00 00
   379.39ns INFO     cocotb.cluster_wrapper.s01_axi     Write burst start awid: 0x40 awaddr: 0x00000020 awlen: 7 awsize: 2 awprot: 2
   379.51ns INFO     cocotb.cluster_wrapper.s01_axi     Write burst complete bid: 0x40 bresp: 0
   379.51ns INFO     cocotb.cluster_wrapper.s01_axi     Write complete addr: 0x00000020 prot: 2 resp: 0 length: 32
   379.51ns INFO     cocotb.cluster_wrapper.s01_axi     Write start addr: 0x00000040 awid: 0x41 prot: 2 data: 80 80 7f 00 00 00 00 00 00 00 00 00 00 00 00 00 00 00 00 00 00 00 00 00 00 00 00 00 00 00 00 00
   379.51ns INFO     cocotb.cluster_wrapper.s01_axi     Write burst start awid: 0x41 awaddr: 0x00000040 awlen: 7 awsize: 2 awprot: 2
   379.63ns INFO     cocotb.cluster_wrapper.s01_axi     Write burst complete bid: 0x41 bresp: 0
   379.63ns INFO     cocotb.cluster_wrapper.s01_axi     Write complete addr: 0x00000040 prot: 2 resp: 0 length: 32
   379.63ns INFO     cocotb.cluster_wrapper.s01_axi     Write start addr: 0x00000060 awid: 0x42 prot: 2 data: 80 7f 7f 00 00 00 00 00 00 00 00 00 00 00 00 00 00 00 00 00 00 00 00 00 00 00 00 00 00 00 00 00
   379.63ns INFO     cocotb.cluster_wrapper.s01_axi     Write burst start awid: 0x42 awaddr: 0x00000060 awlen: 7 awsize: 2 awprot: 2
   379.75ns INFO     cocotb.cluster_wrapper.s01_axi     Write burst complete bid: 0x42 bresp: 0
   379.75ns INFO     cocotb.cluster_wrapper.s01_axi     Write complete addr: 0x00000060 prot: 2 resp: 0 length: 32
   379.75ns INFO     cocotb.cluster_wrapper.s01_axi     Write start addr: 0x00000080 awid: 0x43 prot: 2 data: 80 7f 80 00 00 00 00 00 00 00 00 00 00 00 00 00 00 00 00 00 00 00 00 00 00 00 00 00 00 00 00 00
   379.75ns INFO     cocotb.cluster_wrapper.s01_axi     Write burst start awid: 0x43 awaddr: 0x00000080 awlen: 7 awsize: 2 awprot: 2
   379.87ns INFO     cocotb.cluster_wrapper.s01_axi     Write burst complete bid: 0x43 bresp: 0
   379.87ns INFO     cocotb.cluster_wrapper.s01_axi     Write complete addr: 0x00000080 prot: 2 resp: 0 length: 32
   379.87ns INFO     cocotb.cluster_wrapper.s01_axi     Write start addr: 0x000000a0 awid: 0x44 prot: 2 data: 7f 7f 7f 00 00 00 00 00 00 00 00 00 00 00 00 00 00 00 00 00 00 00 00 00 00 00 00 00 00 00 00 00
   379.87ns INFO     cocotb.cluster_wrapper.s01_axi     Write burst start awid: 0x44 awaddr: 0x000000a0 awlen: 7 awsize: 2 awprot: 2
   379.99ns INFO     cocotb.cluster_wrapper.s01_axi     Write burst complete bid: 0x44 bresp: 0
   379.99ns INFO     cocotb.cluster_wrapper.s01_axi     Write complete addr: 0x000000a0 prot: 2 resp: 0 length: 32
   379.99ns INFO     cocotb.cluster_wrapper.s01_axi     Write start addr: 0x000000c0 awid: 0x45 prot: 2 data: 80 7f 80 00 00 00 00 00 00 00 00 00 00 00 00 00 00 00 00 00 00 00 00 00 00 00 00 00 00 00 00 00
   379.99ns INFO     cocotb.cluster_wrapper.s01_axi     Write burst start awid: 0x45 awaddr: 0x000000c0 awlen: 7 awsize: 2 awprot: 2
   380.11ns INFO     cocotb.cluster_wrapper.s01_axi     Write burst complete bid: 0x45 bresp: 0
   380.11ns INFO     cocotb.cluster_wrapper.s01_axi     Write complete addr: 0x000000c0 prot: 2 resp: 0 length: 32
   380.11ns INFO     cocotb.cluster_wrapper.s01_axi     Write start addr: 0x000000e0 awid: 0x46 prot: 2 data: 7f 80 7f 00 00 00 00 00 00 00 00 00 00 00 00 00 00 00 00 00 00 00 00 00 00 00 00 00 00 00 00 00
   380.11ns INFO     cocotb.cluster_wrapper.s01_axi     Write burst start awid: 0x46 awaddr: 0x000000e0 awlen: 7 awsize: 2 awprot: 2
   380.23ns INFO     cocotb.cluster_wrapper.s01_axi     Write burst complete bid: 0x46 bresp: 0
   380.23ns INFO     cocotb.cluster_wrapper.s01_axi     Write complete addr: 0x000000e0 prot: 2 resp: 0 length: 32
   380.23ns INFO     cocotb.cluster_wrapper.s01_axi     Write start addr: 0x00000100 awid: 0x47 prot: 2 data: 7f 80 7f 00 00 00 00 00 00 00 00 00 00 00 00 00 00 00 00 00 00 00 00 00 00 00 00 00 00 00 00 00
   380.23ns INFO     cocotb.cluster_wrapper.s01_axi     Write burst start awid: 0x47 awaddr: 0x00000100 awlen: 7 awsize: 2 awprot: 2
   380.35ns INFO     cocotb.cluster_wrapper.s01_axi     Write burst complete bid: 0x47 bresp: 0
   380.35ns INFO     cocotb.cluster_wrapper.s01_axi     Write complete addr: 0x00000100 prot: 2 resp: 0 length: 32
   380.35ns INFO     cocotb.cluster_wrapper.s00_axi     Read start addr: 0x00000004 arid: 0x7 prot: 2
   380.35ns INFO     cocotb.cluster_wrapper.s00_axi     Read burst start arid: 0x7 araddr: 0x00000004 arlen: 0 arsize: 2 arprot: 2
   380.39ns INFO     cocotb.cluster_wrapper.s00_axi     Read burst complete rid: 0x7 rresp: 0
   380.39ns INFO     cocotb.cluster_wrapper.s00_axi     Read complete addr: 0x00000004 prot: 2 resp: 0 data: 07 00 01 00
   390.39ns INFO     cocotb.cluster_wrapper.s00_axi     Write start addr: 0x00000000 awid: 0x17 prot: 2 data: 00 00 00 00
   390.39ns INFO     cocotb.cluster_wrapper.s00_axi     Write burst start awid: 0x17 awaddr: 0x00000000 awlen: 0 awsize: 2 awprot: 2
   390.43ns INFO     cocotb.cluster_wrapper.s00_axi     Write burst complete bid: 0x17 bresp: 0
   390.43ns INFO     cocotb.cluster_wrapper.s00_axi     Write complete addr: 0x00000000 prot: 2 resp: 0 length: 4
   390.43ns INFO     cocotb.cluster_wrapper.s00_axi     Write start addr: 0x00000000 awid: 0x18 prot: 2 data: 01 80 02 00
   390.43ns INFO     cocotb.cluster_wrapper.s00_axi     Write burst start awid: 0x18 awaddr: 0x00000000 awlen: 0 awsize: 2 awprot: 2
   390.48ns INFO     cocotb.cluster_wrapper.s00_axi     Write burst complete bid: 0x18 bresp: 0
   390.48ns INFO     cocotb.cluster_wrapper.s00_axi     Write complete addr: 0x00000000 prot: 2 resp: 0 length: 4
   390.48ns INFO     cocotb.cluster_wrapper.s00_axi     Write start addr: 0x00000004 awid: 0x19 prot: 2 data: 07 00 00 00
   390.48ns INFO     cocotb.cluster_wrapper.s00_axi     Write burst start awid: 0x19 awaddr: 0x00000004 awlen: 0 awsize: 2 awprot: 2
   390.53ns INFO     cocotb.cluster_wrapper.s00_axi     Write burst complete bid: 0x19 bresp: 0
   390.53ns INFO     cocotb.cluster_wrapper.s00_axi     Write complete addr: 0x00000004 prot: 2 resp: 0 length: 4
   390.53ns INFO     cocotb.cluster_wrapper.s01_axi     Write start addr: 0x00000000 awid: 0x48 prot: 2 data: ff ff 00 00 00 00 00 00 00 00 00 00 00 00 00 00 00 00 00 00 00 00 00 00 00 00 00 00 00 00 00 00
   390.53ns INFO     cocotb.cluster_wrapper.s01_axi     Write burst start awid: 0x48 awaddr: 0x00000000 awlen: 7 awsize: 2 awprot: 2
   390.65ns INFO     cocotb.cluster_wrapper.s01_axi     Write burst complete bid: 0x48 bresp: 0
   390.65ns INFO     cocotb.cluster_wrapper.s01_axi     Write complete addr: 0x00000000 prot: 2 resp: 0 length: 32
   390.65ns INFO     cocotb.cluster_wrapper.s01_axi     Write start addr: 0x00000020 awid: 0x49 prot: 2 data: 7f 80 80 00 00 00 00 00 00 00 00 00 00 00 00 00 00 00 00 00 00 00 00 00 00 00 00 00 00 00 00 00
   390.65ns INFO     cocotb.cluster_wrapper.s01_axi     Write burst start awid: 0x49 awaddr: 0x00000020 awlen: 7 awsize: 2 awprot: 2
   390.77ns INFO     cocotb.cluster_wrapper.s01_axi     Write burst complete bid: 0x49 bresp: 0
   390.77ns INFO     cocotb.cluster_wrapper.s01_axi     Write complete addr: 0x00000020 prot: 2 resp: 0 length: 32
   390.77ns INFO     cocotb.cluster_wrapper.s01_axi     Write start addr: 0x00000040 awid: 0x4a prot: 2 data: 80 7f 7f 00 00 00 00 00 00 00 00 00 00 00 00 00 00 00 00 00 00 00 00 00 00 00 00 00 00 00 00 00
   390.77ns INFO     cocotb.cluster_wrapper.s01_axi     Write burst start awid: 0x4a awaddr: 0x00000040 awlen: 7 awsize: 2 awprot: 2
   390.89ns INFO     cocotb.cluster_wrapper.s01_axi     Write burst complete bid: 0x4a bresp: 0
   390.89ns INFO     cocotb.cluster_wrapper.s01_axi     Write complete addr: 0x00000040 prot: 2 resp: 0 length: 32
   390.89ns INFO     cocotb.cluster_wrapper.s01_axi     Write start addr: 0x00000060 awid: 0x4b prot: 2 data: 7f 80 7f 00 00 00 00 00 00 00 00 00 00 00 00 00 00 00 00 00 00 00 00 00 00 00 00 00 00 00 00 00
   390.89ns INFO     cocotb.cluster_wrapper.s01_axi     Write burst start awid: 0x4b awaddr: 0x00000060 awlen: 7 awsize: 2 awprot: 2
   391.01ns INFO     cocotb.cluster_wrapper.s01_axi     Write burst complete bid: 0x4b bresp: 0
   391.01ns INFO     cocotb.cluster_wrapper.s01_axi     Write complete addr: 0x00000060 prot: 2 resp: 0 length: 32
   391.01ns INFO     cocotb.cluster_wrapper.s01_axi     Write start addr: 0x00000080 awid: 0x4c prot: 2 data: 80 80 7f 00 00 00 00 00 00 00 00 00 00 00 00 00 00 00 00 00 00 00 00 00 00 00 00 00 00 00 00 00
   391.01ns INFO     cocotb.cluster_wrapper.s01_axi     Write burst start awid: 0x4c awaddr: 0x00000080 awlen: 7 awsize: 2 awprot: 2
   391.13ns INFO     cocotb.cluster_wrapper.s01_axi     Write burst complete bid: 0x4c bresp: 0
   391.13ns INFO     cocotb.cluster_wrapper.s01_axi     Write complete addr: 0x00000080 prot: 2 resp: 0 length: 32
   391.13ns INFO     cocotb.cluster_wrapper.s01_axi     Write start addr: 0x000000a0 awid: 0x4d prot: 2 data: 7f 7f 7f 00 00 00 00 00 00 00 00 00 00 00 00 00 00 00 00 00 00 00 00 00 00 00 00 00 00 00 00 00
   391.13ns INFO     cocotb.cluster_wrapper.s01_axi     Write burst start awid: 0x4d awaddr: 0x000000a0 awlen: 7 awsize: 2 awprot: 2
   391.25ns INFO     cocotb.cluster_wrapper.s01_axi     Write burst complete bid: 0x4d bresp: 0
   391.25ns INFO     cocotb.cluster_wrapper.s01_axi     Write complete addr: 0x000000a0 prot: 2 resp: 0 length: 32
   391.25ns INFO     cocotb.cluster_wrapper.s01_axi     Write start addr: 0x000000c0 awid: 0x4e prot: 2 data: 7f 80 80 00 00 00 00 00 00 00 00 00 00 00 00 00 00 00 00 00 00 00 00 00 00 00 00 00 00 00 00 00
   391.25ns INFO     cocotb.cluster_wrapper.s01_axi     Write burst start awid: 0x4e awaddr: 0x000000c0 awlen: 7 awsize: 2 awprot: 2
   391.37ns INFO     cocotb.cluster_wrapper.s01_axi     Write burst complete bid: 0x4e bresp: 0
   391.37ns INFO     cocotb.cluster_wrapper.s01_axi     Write complete addr: 0x000000c0 prot: 2 resp: 0 length: 32
   391.37ns INFO     cocotb.cluster_wrapper.s01_axi     Write start addr: 0x000000e0 awid: 0x4f prot: 2 data: 80 7f 7f 00 00 00 00 00 00 00 00 00 00 00 00 00 00 00 00 00 00 00 00 00 00 00 00 00 00 00 00 00
   391.37ns INFO     cocotb.cluster_wrapper.s01_axi     Write burst start awid: 0x4f awaddr: 0x000000e0 awlen: 7 awsize: 2 awprot: 2
   391.49ns INFO     cocotb.cluster_wrapper.s01_axi     Write burst complete bid: 0x4f bresp: 0
   391.49ns INFO     cocotb.cluster_wrapper.s01_axi     Write complete addr: 0x000000e0 prot: 2 resp: 0 length: 32
   391.49ns INFO     cocotb.cluster_wrapper.s01_axi     Write start addr: 0x00000100 awid: 0x50 prot: 2 data: 7f 80 80 00 00 00 00 00 00 00 00 00 00 00 00 00 00 00 00 00 00 00 00 00 00 00 00 00 00 00 00 00
   391.49ns INFO     cocotb.cluster_wrapper.s01_axi     Write burst start awid: 0x50 awaddr: 0x00000100 awlen: 7 awsize: 2 awprot: 2
   391.61ns INFO     cocotb.cluster_wrapper.s01_axi     Write burst complete bid: 0x50 bresp: 0
   391.61ns INFO     cocotb.cluster_wrapper.s01_axi     Write complete addr: 0x00000100 prot: 2 resp: 0 length: 32
   391.61ns INFO     cocotb.cluster_wrapper.s00_axi     Read start addr: 0x00000004 arid: 0x8 prot: 2
   391.61ns INFO     cocotb.cluster_wrapper.s00_axi     Read burst start arid: 0x8 araddr: 0x00000004 arlen: 0 arsize: 2 arprot: 2
   391.65ns INFO     cocotb.cluster_wrapper.s00_axi     Read burst complete rid: 0x8 rresp: 0
   391.65ns INFO     cocotb.cluster_wrapper.s00_axi     Read complete addr: 0x00000004 prot: 2 resp: 0 data: 07 00 01 00
   401.65ns INFO     cocotb.cluster_wrapper.s00_axi     Write start addr: 0x00000000 awid: 0x1a prot: 2 data: 00 00 00 00
   401.65ns INFO     cocotb.cluster_wrapper.s00_axi     Write burst start awid: 0x1a awaddr: 0x00000000 awlen: 0 awsize: 2 awprot: 2
   401.69ns INFO     cocotb.cluster_wrapper.s00_axi     Write burst complete bid: 0x1a bresp: 0
   401.69ns INFO     cocotb.cluster_wrapper.s00_axi     Write complete addr: 0x00000000 prot: 2 resp: 0 length: 4
   401.69ns INFO     cocotb.cluster_wrapper.s02_axi     Read start addr: 0x00000000 arid: 0x0 prot: 2
   401.69ns INFO     cocotb.cluster_wrapper.s02_axi     Read burst start arid: 0x0 araddr: 0x00000000 arlen: 31 arsize: 2 arprot: 2
   402.35ns INFO     cocotb.cluster_wrapper.s02_axi     Read burst complete rid: 0x0 rresp: 0
   402.35ns INFO     cocotb.cluster_wrapper.s02_axi     Read complete addr: 0x00000000 prot: 2 resp: 0 data: 84 3e 00 80 82 42 fe 7f 85 3d 00 80 05 bd 00 80 06 bc 00 80 85 3c 01 80 81 43 fe 7f 03 c0 ff 7f 00 00 00 00 00 00 00 00 00 00 00 00 00 00 00 00 00 00 00 00 00 00 00 00 00 00 00 00 00 00 00 00 00 00 00 00 00 00 00 00 00 00 00 00 00 00 00 00 00 00 00 00 00 00 00 00 00 00 00 00 00 00 00 00 00 00 00 00 00 00 00 00 00 00 00 00 00 00 00 00 00 00 00 00 00 00 00 00 00 00 00 00 00 00 00 00
   402.35ns WARNING  py.warnings                        /mnt/d/UT.CE/Term-06/HW4AI/HW-CA/HW10/system.py:281: UserWarning: The given NumPy array is not writable, and PyTorch does not support non-writable tensors. This means writing to this tensor will result in undefined behavior. You may want to copy the array to protect its data or make it writable before converting it to a tensor. This type of warning will be suppressed for the rest of this program. (Triggered internally at ../torch/csrc/utils/tensor_numpy.cpp:206.)
                                                          acc_out[n, ob_start:ob_start+ob_size, oh, ow] += torch.from_numpy(out_tile)
   402.35ns INFO     cocotb.cluster_wrapper.s02_axi     Write start addr: 0x00000000 awid: 0x1 prot: 2 data: 00 00 00 80 00 00 00 80 00 00 00 80 00 00 00 80 00 00 00 80 00 00 00 80 00 00 00 80 00 00 00 80 00 00 00 00 00 00 00 00 00 00 00 00 00 00 00 00 00 00 00 00 00 00 00 00 00 00 00 00 00 00 00 00 00 00 00 00 00 00 00 00 00 00 00 00 00 00 00 00 00 00 00 00 00 00 00 00 00 00 00 00 00 00 00 00 00 00 00 00 00 00 00 00 00 00 00 00 00 00 00 00 00 00 00 00 00 00 00 00 00 00 00 00 00 00 00 00
   402.35ns INFO     cocotb.cluster_wrapper.s02_axi     Write burst start awid: 0x1 awaddr: 0x00000000 awlen: 31 awsize: 2 awprot: 2
   402.71ns INFO     cocotb.cluster_wrapper.s02_axi     Write burst complete bid: 0x1 bresp: 0
   402.71ns INFO     cocotb.cluster_wrapper.s02_axi     Write complete addr: 0x00000000 prot: 2 resp: 0 length: 128
   402.71ns INFO     cocotb.cluster_wrapper.s00_axi     Write start addr: 0x00000000 awid: 0x1b prot: 2 data: 01 80 02 00
   402.71ns INFO     cocotb.cluster_wrapper.s00_axi     Write burst start awid: 0x1b awaddr: 0x00000000 awlen: 0 awsize: 2 awprot: 2
   402.76ns INFO     cocotb.cluster_wrapper.s00_axi     Write burst complete bid: 0x1b bresp: 0
   402.76ns INFO     cocotb.cluster_wrapper.s00_axi     Write complete addr: 0x00000000 prot: 2 resp: 0 length: 4
   402.76ns INFO     cocotb.cluster_wrapper.s00_axi     Write start addr: 0x00000004 awid: 0x1c prot: 2 data: 07 00 00 00
   402.76ns INFO     cocotb.cluster_wrapper.s00_axi     Write burst start awid: 0x1c awaddr: 0x00000004 awlen: 0 awsize: 2 awprot: 2
   402.81ns INFO     cocotb.cluster_wrapper.s00_axi     Write burst complete bid: 0x1c bresp: 0
   402.81ns INFO     cocotb.cluster_wrapper.s00_axi     Write complete addr: 0x00000004 prot: 2 resp: 0 length: 4
   402.81ns INFO     cocotb.cluster_wrapper.s01_axi     Write start addr: 0x00000000 awid: 0x51 prot: 2 data: 80 80 80 00 00 00 00 00 00 00 00 00 00 00 00 00 00 00 00 00 00 00 00 00 00 00 00 00 00 00 00 00
   402.81ns INFO     cocotb.cluster_wrapper.s01_axi     Write burst start awid: 0x51 awaddr: 0x00000000 awlen: 7 awsize: 2 awprot: 2
   402.93ns INFO     cocotb.cluster_wrapper.s01_axi     Write burst complete bid: 0x51 bresp: 0
   402.93ns INFO     cocotb.cluster_wrapper.s01_axi     Write complete addr: 0x00000000 prot: 2 resp: 0 length: 32
   402.93ns INFO     cocotb.cluster_wrapper.s01_axi     Write start addr: 0x00000020 awid: 0x52 prot: 2 data: 7f 80 80 00 00 00 00 00 00 00 00 00 00 00 00 00 00 00 00 00 00 00 00 00 00 00 00 00 00 00 00 00
   402.93ns INFO     cocotb.cluster_wrapper.s01_axi     Write burst start awid: 0x52 awaddr: 0x00000020 awlen: 7 awsize: 2 awprot: 2
   403.05ns INFO     cocotb.cluster_wrapper.s01_axi     Write burst complete bid: 0x52 bresp: 0
   403.05ns INFO     cocotb.cluster_wrapper.s01_axi     Write complete addr: 0x00000020 prot: 2 resp: 0 length: 32
   403.05ns INFO     cocotb.cluster_wrapper.s01_axi     Write start addr: 0x00000040 awid: 0x53 prot: 2 data: 7f 80 80 00 00 00 00 00 00 00 00 00 00 00 00 00 00 00 00 00 00 00 00 00 00 00 00 00 00 00 00 00
   403.05ns INFO     cocotb.cluster_wrapper.s01_axi     Write burst start awid: 0x53 awaddr: 0x00000040 awlen: 7 awsize: 2 awprot: 2
   403.17ns INFO     cocotb.cluster_wrapper.s01_axi     Write burst complete bid: 0x53 bresp: 0
   403.17ns INFO     cocotb.cluster_wrapper.s01_axi     Write complete addr: 0x00000040 prot: 2 resp: 0 length: 32
   403.17ns INFO     cocotb.cluster_wrapper.s01_axi     Write start addr: 0x00000060 awid: 0x54 prot: 2 data: 7f 7f 80 00 00 00 00 00 00 00 00 00 00 00 00 00 00 00 00 00 00 00 00 00 00 00 00 00 00 00 00 00
   403.17ns INFO     cocotb.cluster_wrapper.s01_axi     Write burst start awid: 0x54 awaddr: 0x00000060 awlen: 7 awsize: 2 awprot: 2
   403.29ns INFO     cocotb.cluster_wrapper.s01_axi     Write burst complete bid: 0x54 bresp: 0
   403.29ns INFO     cocotb.cluster_wrapper.s01_axi     Write complete addr: 0x00000060 prot: 2 resp: 0 length: 32
   403.29ns INFO     cocotb.cluster_wrapper.s01_axi     Write start addr: 0x00000080 awid: 0x55 prot: 2 data: 7f 7f 7f 00 00 00 00 00 00 00 00 00 00 00 00 00 00 00 00 00 00 00 00 00 00 00 00 00 00 00 00 00
   403.29ns INFO     cocotb.cluster_wrapper.s01_axi     Write burst start awid: 0x55 awaddr: 0x00000080 awlen: 7 awsize: 2 awprot: 2
   403.41ns INFO     cocotb.cluster_wrapper.s01_axi     Write burst complete bid: 0x55 bresp: 0
   403.41ns INFO     cocotb.cluster_wrapper.s01_axi     Write complete addr: 0x00000080 prot: 2 resp: 0 length: 32
   403.41ns INFO     cocotb.cluster_wrapper.s01_axi     Write start addr: 0x000000a0 awid: 0x56 prot: 2 data: 7f 80 80 00 00 00 00 00 00 00 00 00 00 00 00 00 00 00 00 00 00 00 00 00 00 00 00 00 00 00 00 00
   403.41ns INFO     cocotb.cluster_wrapper.s01_axi     Write burst start awid: 0x56 awaddr: 0x000000a0 awlen: 7 awsize: 2 awprot: 2
   403.53ns INFO     cocotb.cluster_wrapper.s01_axi     Write burst complete bid: 0x56 bresp: 0
   403.53ns INFO     cocotb.cluster_wrapper.s01_axi     Write complete addr: 0x000000a0 prot: 2 resp: 0 length: 32
   403.53ns INFO     cocotb.cluster_wrapper.s01_axi     Write start addr: 0x000000c0 awid: 0x57 prot: 2 data: 80 80 80 00 00 00 00 00 00 00 00 00 00 00 00 00 00 00 00 00 00 00 00 00 00 00 00 00 00 00 00 00
   403.53ns INFO     cocotb.cluster_wrapper.s01_axi     Write burst start awid: 0x57 awaddr: 0x000000c0 awlen: 7 awsize: 2 awprot: 2
   403.65ns INFO     cocotb.cluster_wrapper.s01_axi     Write burst complete bid: 0x57 bresp: 0
   403.65ns INFO     cocotb.cluster_wrapper.s01_axi     Write complete addr: 0x000000c0 prot: 2 resp: 0 length: 32
   403.65ns INFO     cocotb.cluster_wrapper.s01_axi     Write start addr: 0x000000e0 awid: 0x58 prot: 2 data: 7f 7f 80 00 00 00 00 00 00 00 00 00 00 00 00 00 00 00 00 00 00 00 00 00 00 00 00 00 00 00 00 00
   403.65ns INFO     cocotb.cluster_wrapper.s01_axi     Write burst start awid: 0x58 awaddr: 0x000000e0 awlen: 7 awsize: 2 awprot: 2
   403.77ns INFO     cocotb.cluster_wrapper.s01_axi     Write burst complete bid: 0x58 bresp: 0
   403.77ns INFO     cocotb.cluster_wrapper.s01_axi     Write complete addr: 0x000000e0 prot: 2 resp: 0 length: 32
   403.77ns INFO     cocotb.cluster_wrapper.s01_axi     Write start addr: 0x00000100 awid: 0x59 prot: 2 data: 80 7f 7f 00 00 00 00 00 00 00 00 00 00 00 00 00 00 00 00 00 00 00 00 00 00 00 00 00 00 00 00 00
   403.77ns INFO     cocotb.cluster_wrapper.s01_axi     Write burst start awid: 0x59 awaddr: 0x00000100 awlen: 7 awsize: 2 awprot: 2
   403.89ns INFO     cocotb.cluster_wrapper.s01_axi     Write burst complete bid: 0x59 bresp: 0
   403.89ns INFO     cocotb.cluster_wrapper.s01_axi     Write complete addr: 0x00000100 prot: 2 resp: 0 length: 32
   403.89ns INFO     cocotb.cluster_wrapper.s00_axi     Read start addr: 0x00000004 arid: 0x9 prot: 2
   403.89ns INFO     cocotb.cluster_wrapper.s00_axi     Read burst start arid: 0x9 araddr: 0x00000004 arlen: 0 arsize: 2 arprot: 2
   403.93ns INFO     cocotb.cluster_wrapper.s00_axi     Read burst complete rid: 0x9 rresp: 0
   403.93ns INFO     cocotb.cluster_wrapper.s00_axi     Read complete addr: 0x00000004 prot: 2 resp: 0 data: 07 00 01 00
   413.93ns INFO     cocotb.cluster_wrapper.s00_axi     Write start addr: 0x00000000 awid: 0x1d prot: 2 data: 00 00 00 00
   413.93ns INFO     cocotb.cluster_wrapper.s00_axi     Write burst start awid: 0x1d awaddr: 0x00000000 awlen: 0 awsize: 2 awprot: 2
   413.97ns INFO     cocotb.cluster_wrapper.s00_axi     Write burst complete bid: 0x1d bresp: 0
   413.97ns INFO     cocotb.cluster_wrapper.s00_axi     Write complete addr: 0x00000000 prot: 2 resp: 0 length: 4
   413.97ns INFO     cocotb.cluster_wrapper.s00_axi     Write start addr: 0x00000000 awid: 0x1e prot: 2 data: 01 80 02 00
   413.97ns INFO     cocotb.cluster_wrapper.s00_axi     Write burst start awid: 0x1e awaddr: 0x00000000 awlen: 0 awsize: 2 awprot: 2
   414.02ns INFO     cocotb.cluster_wrapper.s00_axi     Write burst complete bid: 0x1e bresp: 0
   414.02ns INFO     cocotb.cluster_wrapper.s00_axi     Write complete addr: 0x00000000 prot: 2 resp: 0 length: 4
   414.02ns INFO     cocotb.cluster_wrapper.s00_axi     Write start addr: 0x00000004 awid: 0x1f prot: 2 data: 07 00 00 00
   414.02ns INFO     cocotb.cluster_wrapper.s00_axi     Write burst start awid: 0x1f awaddr: 0x00000004 awlen: 0 awsize: 2 awprot: 2
   414.07ns INFO     cocotb.cluster_wrapper.s00_axi     Write burst complete bid: 0x1f bresp: 0
   414.07ns INFO     cocotb.cluster_wrapper.s00_axi     Write complete addr: 0x00000004 prot: 2 resp: 0 length: 4
   414.07ns INFO     cocotb.cluster_wrapper.s01_axi     Write start addr: 0x00000000 awid: 0x5a prot: 2 data: 80 80 80 00 00 00 00 00 00 00 00 00 00 00 00 00 00 00 00 00 00 00 00 00 00 00 00 00 00 00 00 00
   414.07ns INFO     cocotb.cluster_wrapper.s01_axi     Write burst start awid: 0x5a awaddr: 0x00000000 awlen: 7 awsize: 2 awprot: 2
   414.19ns INFO     cocotb.cluster_wrapper.s01_axi     Write burst complete bid: 0x5a bresp: 0
   414.19ns INFO     cocotb.cluster_wrapper.s01_axi     Write complete addr: 0x00000000 prot: 2 resp: 0 length: 32
   414.19ns INFO     cocotb.cluster_wrapper.s01_axi     Write start addr: 0x00000020 awid: 0x5b prot: 2 data: 80 80 80 00 00 00 00 00 00 00 00 00 00 00 00 00 00 00 00 00 00 00 00 00 00 00 00 00 00 00 00 00
   414.19ns INFO     cocotb.cluster_wrapper.s01_axi     Write burst start awid: 0x5b awaddr: 0x00000020 awlen: 7 awsize: 2 awprot: 2
   414.31ns INFO     cocotb.cluster_wrapper.s01_axi     Write burst complete bid: 0x5b bresp: 0
   414.31ns INFO     cocotb.cluster_wrapper.s01_axi     Write complete addr: 0x00000020 prot: 2 resp: 0 length: 32
   414.31ns INFO     cocotb.cluster_wrapper.s01_axi     Write start addr: 0x00000040 awid: 0x5c prot: 2 data: 80 7f 80 00 00 00 00 00 00 00 00 00 00 00 00 00 00 00 00 00 00 00 00 00 00 00 00 00 00 00 00 00
   414.31ns INFO     cocotb.cluster_wrapper.s01_axi     Write burst start awid: 0x5c awaddr: 0x00000040 awlen: 7 awsize: 2 awprot: 2
   414.43ns INFO     cocotb.cluster_wrapper.s01_axi     Write burst complete bid: 0x5c bresp: 0
   414.43ns INFO     cocotb.cluster_wrapper.s01_axi     Write complete addr: 0x00000040 prot: 2 resp: 0 length: 32
   414.43ns INFO     cocotb.cluster_wrapper.s01_axi     Write start addr: 0x00000060 awid: 0x5d prot: 2 data: 7f 80 80 00 00 00 00 00 00 00 00 00 00 00 00 00 00 00 00 00 00 00 00 00 00 00 00 00 00 00 00 00
   414.43ns INFO     cocotb.cluster_wrapper.s01_axi     Write burst start awid: 0x5d awaddr: 0x00000060 awlen: 7 awsize: 2 awprot: 2
   414.55ns INFO     cocotb.cluster_wrapper.s01_axi     Write burst complete bid: 0x5d bresp: 0
   414.55ns INFO     cocotb.cluster_wrapper.s01_axi     Write complete addr: 0x00000060 prot: 2 resp: 0 length: 32
   414.55ns INFO     cocotb.cluster_wrapper.s01_axi     Write start addr: 0x00000080 awid: 0x5e prot: 2 data: 7f 80 80 00 00 00 00 00 00 00 00 00 00 00 00 00 00 00 00 00 00 00 00 00 00 00 00 00 00 00 00 00
   414.55ns INFO     cocotb.cluster_wrapper.s01_axi     Write burst start awid: 0x5e awaddr: 0x00000080 awlen: 7 awsize: 2 awprot: 2
   414.67ns INFO     cocotb.cluster_wrapper.s01_axi     Write burst complete bid: 0x5e bresp: 0
   414.67ns INFO     cocotb.cluster_wrapper.s01_axi     Write complete addr: 0x00000080 prot: 2 resp: 0 length: 32
   414.67ns INFO     cocotb.cluster_wrapper.s01_axi     Write start addr: 0x000000a0 awid: 0x5f prot: 2 data: 80 80 80 00 00 00 00 00 00 00 00 00 00 00 00 00 00 00 00 00 00 00 00 00 00 00 00 00 00 00 00 00
   414.67ns INFO     cocotb.cluster_wrapper.s01_axi     Write burst start awid: 0x5f awaddr: 0x000000a0 awlen: 7 awsize: 2 awprot: 2
   414.79ns INFO     cocotb.cluster_wrapper.s01_axi     Write burst complete bid: 0x5f bresp: 0
   414.79ns INFO     cocotb.cluster_wrapper.s01_axi     Write complete addr: 0x000000a0 prot: 2 resp: 0 length: 32
   414.79ns INFO     cocotb.cluster_wrapper.s01_axi     Write start addr: 0x000000c0 awid: 0x60 prot: 2 data: 80 7f 80 00 00 00 00 00 00 00 00 00 00 00 00 00 00 00 00 00 00 00 00 00 00 00 00 00 00 00 00 00
   414.79ns INFO     cocotb.cluster_wrapper.s01_axi     Write burst start awid: 0x60 awaddr: 0x000000c0 awlen: 7 awsize: 2 awprot: 2
   414.91ns INFO     cocotb.cluster_wrapper.s01_axi     Write burst complete bid: 0x60 bresp: 0
   414.91ns INFO     cocotb.cluster_wrapper.s01_axi     Write complete addr: 0x000000c0 prot: 2 resp: 0 length: 32
   414.91ns INFO     cocotb.cluster_wrapper.s01_axi     Write start addr: 0x000000e0 awid: 0x61 prot: 2 data: 7f 7f 80 00 00 00 00 00 00 00 00 00 00 00 00 00 00 00 00 00 00 00 00 00 00 00 00 00 00 00 00 00
   414.91ns INFO     cocotb.cluster_wrapper.s01_axi     Write burst start awid: 0x61 awaddr: 0x000000e0 awlen: 7 awsize: 2 awprot: 2
   415.03ns INFO     cocotb.cluster_wrapper.s01_axi     Write burst complete bid: 0x61 bresp: 0
   415.03ns INFO     cocotb.cluster_wrapper.s01_axi     Write complete addr: 0x000000e0 prot: 2 resp: 0 length: 32
   415.03ns INFO     cocotb.cluster_wrapper.s01_axi     Write start addr: 0x00000100 awid: 0x62 prot: 2 data: 7f 7f 80 00 00 00 00 00 00 00 00 00 00 00 00 00 00 00 00 00 00 00 00 00 00 00 00 00 00 00 00 00
   415.03ns INFO     cocotb.cluster_wrapper.s01_axi     Write burst start awid: 0x62 awaddr: 0x00000100 awlen: 7 awsize: 2 awprot: 2
   415.15ns INFO     cocotb.cluster_wrapper.s01_axi     Write burst complete bid: 0x62 bresp: 0
   415.15ns INFO     cocotb.cluster_wrapper.s01_axi     Write complete addr: 0x00000100 prot: 2 resp: 0 length: 32
   415.15ns INFO     cocotb.cluster_wrapper.s00_axi     Read start addr: 0x00000004 arid: 0xa prot: 2
   415.15ns INFO     cocotb.cluster_wrapper.s00_axi     Read burst start arid: 0xa araddr: 0x00000004 arlen: 0 arsize: 2 arprot: 2
   415.19ns INFO     cocotb.cluster_wrapper.s00_axi     Read burst complete rid: 0xa rresp: 0
   415.19ns INFO     cocotb.cluster_wrapper.s00_axi     Read complete addr: 0x00000004 prot: 2 resp: 0 data: 07 00 01 00
   425.19ns INFO     cocotb.cluster_wrapper.s00_axi     Write start addr: 0x00000000 awid: 0x20 prot: 2 data: 00 00 00 00
   425.19ns INFO     cocotb.cluster_wrapper.s00_axi     Write burst start awid: 0x20 awaddr: 0x00000000 awlen: 0 awsize: 2 awprot: 2
   425.23ns INFO     cocotb.cluster_wrapper.s00_axi     Write burst complete bid: 0x20 bresp: 0
   425.23ns INFO     cocotb.cluster_wrapper.s00_axi     Write complete addr: 0x00000000 prot: 2 resp: 0 length: 4
   425.23ns INFO     cocotb.cluster_wrapper.s00_axi     Write start addr: 0x00000000 awid: 0x21 prot: 2 data: 01 80 02 00
   425.23ns INFO     cocotb.cluster_wrapper.s00_axi     Write burst start awid: 0x21 awaddr: 0x00000000 awlen: 0 awsize: 2 awprot: 2
   425.28ns INFO     cocotb.cluster_wrapper.s00_axi     Write burst complete bid: 0x21 bresp: 0
   425.28ns INFO     cocotb.cluster_wrapper.s00_axi     Write complete addr: 0x00000000 prot: 2 resp: 0 length: 4
   425.28ns INFO     cocotb.cluster_wrapper.s00_axi     Write start addr: 0x00000004 awid: 0x22 prot: 2 data: 07 00 00 00
   425.28ns INFO     cocotb.cluster_wrapper.s00_axi     Write burst start awid: 0x22 awaddr: 0x00000004 awlen: 0 awsize: 2 awprot: 2
   425.33ns INFO     cocotb.cluster_wrapper.s00_axi     Write burst complete bid: 0x22 bresp: 0
   425.33ns INFO     cocotb.cluster_wrapper.s00_axi     Write complete addr: 0x00000004 prot: 2 resp: 0 length: 4
   425.33ns INFO     cocotb.cluster_wrapper.s01_axi     Write start addr: 0x00000000 awid: 0x63 prot: 2 data: 80 80 80 00 00 00 00 00 00 00 00 00 00 00 00 00 00 00 00 00 00 00 00 00 00 00 00 00 00 00 00 00
   425.33ns INFO     cocotb.cluster_wrapper.s01_axi     Write burst start awid: 0x63 awaddr: 0x00000000 awlen: 7 awsize: 2 awprot: 2
   425.45ns INFO     cocotb.cluster_wrapper.s01_axi     Write burst complete bid: 0x63 bresp: 0
   425.45ns INFO     cocotb.cluster_wrapper.s01_axi     Write complete addr: 0x00000000 prot: 2 resp: 0 length: 32
   425.45ns INFO     cocotb.cluster_wrapper.s01_axi     Write start addr: 0x00000020 awid: 0x64 prot: 2 data: 7f 80 7f 00 00 00 00 00 00 00 00 00 00 00 00 00 00 00 00 00 00 00 00 00 00 00 00 00 00 00 00 00
   425.45ns INFO     cocotb.cluster_wrapper.s01_axi     Write burst start awid: 0x64 awaddr: 0x00000020 awlen: 7 awsize: 2 awprot: 2
   425.57ns INFO     cocotb.cluster_wrapper.s01_axi     Write burst complete bid: 0x64 bresp: 0
   425.57ns INFO     cocotb.cluster_wrapper.s01_axi     Write complete addr: 0x00000020 prot: 2 resp: 0 length: 32
   425.57ns INFO     cocotb.cluster_wrapper.s01_axi     Write start addr: 0x00000040 awid: 0x65 prot: 2 data: 80 80 80 00 00 00 00 00 00 00 00 00 00 00 00 00 00 00 00 00 00 00 00 00 00 00 00 00 00 00 00 00
   425.57ns INFO     cocotb.cluster_wrapper.s01_axi     Write burst start awid: 0x65 awaddr: 0x00000040 awlen: 7 awsize: 2 awprot: 2
   425.69ns INFO     cocotb.cluster_wrapper.s01_axi     Write burst complete bid: 0x65 bresp: 0
   425.69ns INFO     cocotb.cluster_wrapper.s01_axi     Write complete addr: 0x00000040 prot: 2 resp: 0 length: 32
   425.69ns INFO     cocotb.cluster_wrapper.s01_axi     Write start addr: 0x00000060 awid: 0x66 prot: 2 data: 7f 80 7f 00 00 00 00 00 00 00 00 00 00 00 00 00 00 00 00 00 00 00 00 00 00 00 00 00 00 00 00 00
   425.69ns INFO     cocotb.cluster_wrapper.s01_axi     Write burst start awid: 0x66 awaddr: 0x00000060 awlen: 7 awsize: 2 awprot: 2
   425.81ns INFO     cocotb.cluster_wrapper.s01_axi     Write burst complete bid: 0x66 bresp: 0
   425.81ns INFO     cocotb.cluster_wrapper.s01_axi     Write complete addr: 0x00000060 prot: 2 resp: 0 length: 32
   425.81ns INFO     cocotb.cluster_wrapper.s01_axi     Write start addr: 0x00000080 awid: 0x67 prot: 2 data: 7f 80 7f 00 00 00 00 00 00 00 00 00 00 00 00 00 00 00 00 00 00 00 00 00 00 00 00 00 00 00 00 00
   425.81ns INFO     cocotb.cluster_wrapper.s01_axi     Write burst start awid: 0x67 awaddr: 0x00000080 awlen: 7 awsize: 2 awprot: 2
   425.93ns INFO     cocotb.cluster_wrapper.s01_axi     Write burst complete bid: 0x67 bresp: 0
   425.93ns INFO     cocotb.cluster_wrapper.s01_axi     Write complete addr: 0x00000080 prot: 2 resp: 0 length: 32
   425.93ns INFO     cocotb.cluster_wrapper.s01_axi     Write start addr: 0x000000a0 awid: 0x68 prot: 2 data: 7f 80 80 00 00 00 00 00 00 00 00 00 00 00 00 00 00 00 00 00 00 00 00 00 00 00 00 00 00 00 00 00
   425.93ns INFO     cocotb.cluster_wrapper.s01_axi     Write burst start awid: 0x68 awaddr: 0x000000a0 awlen: 7 awsize: 2 awprot: 2
   426.05ns INFO     cocotb.cluster_wrapper.s01_axi     Write burst complete bid: 0x68 bresp: 0
   426.05ns INFO     cocotb.cluster_wrapper.s01_axi     Write complete addr: 0x000000a0 prot: 2 resp: 0 length: 32
   426.05ns INFO     cocotb.cluster_wrapper.s01_axi     Write start addr: 0x000000c0 awid: 0x69 prot: 2 data: 80 7f 7f 00 00 00 00 00 00 00 00 00 00 00 00 00 00 00 00 00 00 00 00 00 00 00 00 00 00 00 00 00
   426.05ns INFO     cocotb.cluster_wrapper.s01_axi     Write burst start awid: 0x69 awaddr: 0x000000c0 awlen: 7 awsize: 2 awprot: 2
   426.17ns INFO     cocotb.cluster_wrapper.s01_axi     Write burst complete bid: 0x69 bresp: 0
   426.17ns INFO     cocotb.cluster_wrapper.s01_axi     Write complete addr: 0x000000c0 prot: 2 resp: 0 length: 32
   426.17ns INFO     cocotb.cluster_wrapper.s01_axi     Write start addr: 0x000000e0 awid: 0x6a prot: 2 data: 80 80 7f 00 00 00 00 00 00 00 00 00 00 00 00 00 00 00 00 00 00 00 00 00 00 00 00 00 00 00 00 00
   426.17ns INFO     cocotb.cluster_wrapper.s01_axi     Write burst start awid: 0x6a awaddr: 0x000000e0 awlen: 7 awsize: 2 awprot: 2
   426.29ns INFO     cocotb.cluster_wrapper.s01_axi     Write burst complete bid: 0x6a bresp: 0
   426.29ns INFO     cocotb.cluster_wrapper.s01_axi     Write complete addr: 0x000000e0 prot: 2 resp: 0 length: 32
   426.29ns INFO     cocotb.cluster_wrapper.s01_axi     Write start addr: 0x00000100 awid: 0x6b prot: 2 data: 7f 7f 80 00 00 00 00 00 00 00 00 00 00 00 00 00 00 00 00 00 00 00 00 00 00 00 00 00 00 00 00 00
   426.29ns INFO     cocotb.cluster_wrapper.s01_axi     Write burst start awid: 0x6b awaddr: 0x00000100 awlen: 7 awsize: 2 awprot: 2
   426.41ns INFO     cocotb.cluster_wrapper.s01_axi     Write burst complete bid: 0x6b bresp: 0
   426.41ns INFO     cocotb.cluster_wrapper.s01_axi     Write complete addr: 0x00000100 prot: 2 resp: 0 length: 32
   426.41ns INFO     cocotb.cluster_wrapper.s00_axi     Read start addr: 0x00000004 arid: 0xb prot: 2
   426.41ns INFO     cocotb.cluster_wrapper.s00_axi     Read burst start arid: 0xb araddr: 0x00000004 arlen: 0 arsize: 2 arprot: 2
   426.45ns INFO     cocotb.cluster_wrapper.s00_axi     Read burst complete rid: 0xb rresp: 0
   426.45ns INFO     cocotb.cluster_wrapper.s00_axi     Read complete addr: 0x00000004 prot: 2 resp: 0 data: 07 00 01 00
   436.45ns INFO     cocotb.cluster_wrapper.s00_axi     Write start addr: 0x00000000 awid: 0x23 prot: 2 data: 00 00 00 00
   436.45ns INFO     cocotb.cluster_wrapper.s00_axi     Write burst start awid: 0x23 awaddr: 0x00000000 awlen: 0 awsize: 2 awprot: 2
   436.49ns INFO     cocotb.cluster_wrapper.s00_axi     Write burst complete bid: 0x23 bresp: 0
   436.49ns INFO     cocotb.cluster_wrapper.s00_axi     Write complete addr: 0x00000000 prot: 2 resp: 0 length: 4
   436.49ns INFO     cocotb.cluster_wrapper.s00_axi     Write start addr: 0x00000000 awid: 0x24 prot: 2 data: 01 80 02 00
   436.49ns INFO     cocotb.cluster_wrapper.s00_axi     Write burst start awid: 0x24 awaddr: 0x00000000 awlen: 0 awsize: 2 awprot: 2
   436.54ns INFO     cocotb.cluster_wrapper.s00_axi     Write burst complete bid: 0x24 bresp: 0
   436.54ns INFO     cocotb.cluster_wrapper.s00_axi     Write complete addr: 0x00000000 prot: 2 resp: 0 length: 4
   436.54ns INFO     cocotb.cluster_wrapper.s00_axi     Write start addr: 0x00000004 awid: 0x25 prot: 2 data: 07 00 00 00
   436.54ns INFO     cocotb.cluster_wrapper.s00_axi     Write burst start awid: 0x25 awaddr: 0x00000004 awlen: 0 awsize: 2 awprot: 2
   436.59ns INFO     cocotb.cluster_wrapper.s00_axi     Write burst complete bid: 0x25 bresp: 0
   436.59ns INFO     cocotb.cluster_wrapper.s00_axi     Write complete addr: 0x00000004 prot: 2 resp: 0 length: 4
   436.59ns INFO     cocotb.cluster_wrapper.s01_axi     Write start addr: 0x00000000 awid: 0x6c prot: 2 data: ff 00 ff 00 00 00 00 00 00 00 00 00 00 00 00 00 00 00 00 00 00 00 00 00 00 00 00 00 00 00 00 00
   436.59ns INFO     cocotb.cluster_wrapper.s01_axi     Write burst start awid: 0x6c awaddr: 0x00000000 awlen: 7 awsize: 2 awprot: 2
   436.71ns INFO     cocotb.cluster_wrapper.s01_axi     Write burst complete bid: 0x6c bresp: 0
   436.71ns INFO     cocotb.cluster_wrapper.s01_axi     Write complete addr: 0x00000000 prot: 2 resp: 0 length: 32
   436.71ns INFO     cocotb.cluster_wrapper.s01_axi     Write start addr: 0x00000020 awid: 0x6d prot: 2 data: 80 7f 7f 00 00 00 00 00 00 00 00 00 00 00 00 00 00 00 00 00 00 00 00 00 00 00 00 00 00 00 00 00
   436.71ns INFO     cocotb.cluster_wrapper.s01_axi     Write burst start awid: 0x6d awaddr: 0x00000020 awlen: 7 awsize: 2 awprot: 2
   436.83ns INFO     cocotb.cluster_wrapper.s01_axi     Write burst complete bid: 0x6d bresp: 0
   436.83ns INFO     cocotb.cluster_wrapper.s01_axi     Write complete addr: 0x00000020 prot: 2 resp: 0 length: 32
   436.83ns INFO     cocotb.cluster_wrapper.s01_axi     Write start addr: 0x00000040 awid: 0x6e prot: 2 data: 80 7f 7f 00 00 00 00 00 00 00 00 00 00 00 00 00 00 00 00 00 00 00 00 00 00 00 00 00 00 00 00 00
   436.83ns INFO     cocotb.cluster_wrapper.s01_axi     Write burst start awid: 0x6e awaddr: 0x00000040 awlen: 7 awsize: 2 awprot: 2
   436.95ns INFO     cocotb.cluster_wrapper.s01_axi     Write burst complete bid: 0x6e bresp: 0
   436.95ns INFO     cocotb.cluster_wrapper.s01_axi     Write complete addr: 0x00000040 prot: 2 resp: 0 length: 32
   436.95ns INFO     cocotb.cluster_wrapper.s01_axi     Write start addr: 0x00000060 awid: 0x6f prot: 2 data: 80 7f 7f 00 00 00 00 00 00 00 00 00 00 00 00 00 00 00 00 00 00 00 00 00 00 00 00 00 00 00 00 00
   436.95ns INFO     cocotb.cluster_wrapper.s01_axi     Write burst start awid: 0x6f awaddr: 0x00000060 awlen: 7 awsize: 2 awprot: 2
   437.07ns INFO     cocotb.cluster_wrapper.s01_axi     Write burst complete bid: 0x6f bresp: 0
   437.07ns INFO     cocotb.cluster_wrapper.s01_axi     Write complete addr: 0x00000060 prot: 2 resp: 0 length: 32
   437.07ns INFO     cocotb.cluster_wrapper.s01_axi     Write start addr: 0x00000080 awid: 0x70 prot: 2 data: 7f 7f 80 00 00 00 00 00 00 00 00 00 00 00 00 00 00 00 00 00 00 00 00 00 00 00 00 00 00 00 00 00
   437.07ns INFO     cocotb.cluster_wrapper.s01_axi     Write burst start awid: 0x70 awaddr: 0x00000080 awlen: 7 awsize: 2 awprot: 2
   437.19ns INFO     cocotb.cluster_wrapper.s01_axi     Write burst complete bid: 0x70 bresp: 0
   437.19ns INFO     cocotb.cluster_wrapper.s01_axi     Write complete addr: 0x00000080 prot: 2 resp: 0 length: 32
   437.19ns INFO     cocotb.cluster_wrapper.s01_axi     Write start addr: 0x000000a0 awid: 0x71 prot: 2 data: 80 7f 7f 00 00 00 00 00 00 00 00 00 00 00 00 00 00 00 00 00 00 00 00 00 00 00 00 00 00 00 00 00
   437.19ns INFO     cocotb.cluster_wrapper.s01_axi     Write burst start awid: 0x71 awaddr: 0x000000a0 awlen: 7 awsize: 2 awprot: 2
   437.31ns INFO     cocotb.cluster_wrapper.s01_axi     Write burst complete bid: 0x71 bresp: 0
   437.31ns INFO     cocotb.cluster_wrapper.s01_axi     Write complete addr: 0x000000a0 prot: 2 resp: 0 length: 32
   437.31ns INFO     cocotb.cluster_wrapper.s01_axi     Write start addr: 0x000000c0 awid: 0x72 prot: 2 data: 80 80 7f 00 00 00 00 00 00 00 00 00 00 00 00 00 00 00 00 00 00 00 00 00 00 00 00 00 00 00 00 00
   437.31ns INFO     cocotb.cluster_wrapper.s01_axi     Write burst start awid: 0x72 awaddr: 0x000000c0 awlen: 7 awsize: 2 awprot: 2
   437.43ns INFO     cocotb.cluster_wrapper.s01_axi     Write burst complete bid: 0x72 bresp: 0
   437.43ns INFO     cocotb.cluster_wrapper.s01_axi     Write complete addr: 0x000000c0 prot: 2 resp: 0 length: 32
   437.43ns INFO     cocotb.cluster_wrapper.s01_axi     Write start addr: 0x000000e0 awid: 0x73 prot: 2 data: 7f 7f 80 00 00 00 00 00 00 00 00 00 00 00 00 00 00 00 00 00 00 00 00 00 00 00 00 00 00 00 00 00
   437.43ns INFO     cocotb.cluster_wrapper.s01_axi     Write burst start awid: 0x73 awaddr: 0x000000e0 awlen: 7 awsize: 2 awprot: 2
   437.55ns INFO     cocotb.cluster_wrapper.s01_axi     Write burst complete bid: 0x73 bresp: 0
   437.55ns INFO     cocotb.cluster_wrapper.s01_axi     Write complete addr: 0x000000e0 prot: 2 resp: 0 length: 32
   437.55ns INFO     cocotb.cluster_wrapper.s01_axi     Write start addr: 0x00000100 awid: 0x74 prot: 2 data: 80 7f 80 00 00 00 00 00 00 00 00 00 00 00 00 00 00 00 00 00 00 00 00 00 00 00 00 00 00 00 00 00
   437.55ns INFO     cocotb.cluster_wrapper.s01_axi     Write burst start awid: 0x74 awaddr: 0x00000100 awlen: 7 awsize: 2 awprot: 2
   437.67ns INFO     cocotb.cluster_wrapper.s01_axi     Write burst complete bid: 0x74 bresp: 0
   437.67ns INFO     cocotb.cluster_wrapper.s01_axi     Write complete addr: 0x00000100 prot: 2 resp: 0 length: 32
   437.67ns INFO     cocotb.cluster_wrapper.s00_axi     Read start addr: 0x00000004 arid: 0xc prot: 2
   437.67ns INFO     cocotb.cluster_wrapper.s00_axi     Read burst start arid: 0xc araddr: 0x00000004 arlen: 0 arsize: 2 arprot: 2
   437.71ns INFO     cocotb.cluster_wrapper.s00_axi     Read burst complete rid: 0xc rresp: 0
   437.71ns INFO     cocotb.cluster_wrapper.s00_axi     Read complete addr: 0x00000004 prot: 2 resp: 0 data: 07 00 01 00
   447.71ns INFO     cocotb.cluster_wrapper.s00_axi     Write start addr: 0x00000000 awid: 0x26 prot: 2 data: 00 00 00 00
   447.71ns INFO     cocotb.cluster_wrapper.s00_axi     Write burst start awid: 0x26 awaddr: 0x00000000 awlen: 0 awsize: 2 awprot: 2
   447.75ns INFO     cocotb.cluster_wrapper.s00_axi     Write burst complete bid: 0x26 bresp: 0
   447.75ns INFO     cocotb.cluster_wrapper.s00_axi     Write complete addr: 0x00000000 prot: 2 resp: 0 length: 4
   447.75ns INFO     cocotb.cluster_wrapper.s00_axi     Write start addr: 0x00000000 awid: 0x27 prot: 2 data: 01 80 02 00
   447.75ns INFO     cocotb.cluster_wrapper.s00_axi     Write burst start awid: 0x27 awaddr: 0x00000000 awlen: 0 awsize: 2 awprot: 2
   447.80ns INFO     cocotb.cluster_wrapper.s00_axi     Write burst complete bid: 0x27 bresp: 0
   447.80ns INFO     cocotb.cluster_wrapper.s00_axi     Write complete addr: 0x00000000 prot: 2 resp: 0 length: 4
   447.80ns INFO     cocotb.cluster_wrapper.s00_axi     Write start addr: 0x00000004 awid: 0x28 prot: 2 data: 07 00 00 00
   447.80ns INFO     cocotb.cluster_wrapper.s00_axi     Write burst start awid: 0x28 awaddr: 0x00000004 awlen: 0 awsize: 2 awprot: 2
   447.85ns INFO     cocotb.cluster_wrapper.s00_axi     Write burst complete bid: 0x28 bresp: 0
   447.85ns INFO     cocotb.cluster_wrapper.s00_axi     Write complete addr: 0x00000004 prot: 2 resp: 0 length: 4
   447.85ns INFO     cocotb.cluster_wrapper.s01_axi     Write start addr: 0x00000000 awid: 0x75 prot: 2 data: ff ff 00 00 00 00 00 00 00 00 00 00 00 00 00 00 00 00 00 00 00 00 00 00 00 00 00 00 00 00 00 00
   447.85ns INFO     cocotb.cluster_wrapper.s01_axi     Write burst start awid: 0x75 awaddr: 0x00000000 awlen: 7 awsize: 2 awprot: 2
   447.97ns INFO     cocotb.cluster_wrapper.s01_axi     Write burst complete bid: 0x75 bresp: 0
   447.97ns INFO     cocotb.cluster_wrapper.s01_axi     Write complete addr: 0x00000000 prot: 2 resp: 0 length: 32
   447.97ns INFO     cocotb.cluster_wrapper.s01_axi     Write start addr: 0x00000020 awid: 0x76 prot: 2 data: 80 7f 7f 00 00 00 00 00 00 00 00 00 00 00 00 00 00 00 00 00 00 00 00 00 00 00 00 00 00 00 00 00
   447.97ns INFO     cocotb.cluster_wrapper.s01_axi     Write burst start awid: 0x76 awaddr: 0x00000020 awlen: 7 awsize: 2 awprot: 2
   448.09ns INFO     cocotb.cluster_wrapper.s01_axi     Write burst complete bid: 0x76 bresp: 0
   448.09ns INFO     cocotb.cluster_wrapper.s01_axi     Write complete addr: 0x00000020 prot: 2 resp: 0 length: 32
   448.09ns INFO     cocotb.cluster_wrapper.s01_axi     Write start addr: 0x00000040 awid: 0x77 prot: 2 data: 80 80 7f 00 00 00 00 00 00 00 00 00 00 00 00 00 00 00 00 00 00 00 00 00 00 00 00 00 00 00 00 00
   448.09ns INFO     cocotb.cluster_wrapper.s01_axi     Write burst start awid: 0x77 awaddr: 0x00000040 awlen: 7 awsize: 2 awprot: 2
   448.21ns INFO     cocotb.cluster_wrapper.s01_axi     Write burst complete bid: 0x77 bresp: 0
   448.21ns INFO     cocotb.cluster_wrapper.s01_axi     Write complete addr: 0x00000040 prot: 2 resp: 0 length: 32
   448.21ns INFO     cocotb.cluster_wrapper.s01_axi     Write start addr: 0x00000060 awid: 0x78 prot: 2 data: 80 7f 80 00 00 00 00 00 00 00 00 00 00 00 00 00 00 00 00 00 00 00 00 00 00 00 00 00 00 00 00 00
   448.21ns INFO     cocotb.cluster_wrapper.s01_axi     Write burst start awid: 0x78 awaddr: 0x00000060 awlen: 7 awsize: 2 awprot: 2
   448.33ns INFO     cocotb.cluster_wrapper.s01_axi     Write burst complete bid: 0x78 bresp: 0
   448.33ns INFO     cocotb.cluster_wrapper.s01_axi     Write complete addr: 0x00000060 prot: 2 resp: 0 length: 32
   448.33ns INFO     cocotb.cluster_wrapper.s01_axi     Write start addr: 0x00000080 awid: 0x79 prot: 2 data: 7f 7f 7f 00 00 00 00 00 00 00 00 00 00 00 00 00 00 00 00 00 00 00 00 00 00 00 00 00 00 00 00 00
   448.33ns INFO     cocotb.cluster_wrapper.s01_axi     Write burst start awid: 0x79 awaddr: 0x00000080 awlen: 7 awsize: 2 awprot: 2
   448.45ns INFO     cocotb.cluster_wrapper.s01_axi     Write burst complete bid: 0x79 bresp: 0
   448.45ns INFO     cocotb.cluster_wrapper.s01_axi     Write complete addr: 0x00000080 prot: 2 resp: 0 length: 32
   448.45ns INFO     cocotb.cluster_wrapper.s01_axi     Write start addr: 0x000000a0 awid: 0x7a prot: 2 data: 7f 7f 80 00 00 00 00 00 00 00 00 00 00 00 00 00 00 00 00 00 00 00 00 00 00 00 00 00 00 00 00 00
   448.45ns INFO     cocotb.cluster_wrapper.s01_axi     Write burst start awid: 0x7a awaddr: 0x000000a0 awlen: 7 awsize: 2 awprot: 2
   448.57ns INFO     cocotb.cluster_wrapper.s01_axi     Write burst complete bid: 0x7a bresp: 0
   448.57ns INFO     cocotb.cluster_wrapper.s01_axi     Write complete addr: 0x000000a0 prot: 2 resp: 0 length: 32
   448.57ns INFO     cocotb.cluster_wrapper.s01_axi     Write start addr: 0x000000c0 awid: 0x7b prot: 2 data: 7f 7f 7f 00 00 00 00 00 00 00 00 00 00 00 00 00 00 00 00 00 00 00 00 00 00 00 00 00 00 00 00 00
   448.57ns INFO     cocotb.cluster_wrapper.s01_axi     Write burst start awid: 0x7b awaddr: 0x000000c0 awlen: 7 awsize: 2 awprot: 2
   448.69ns INFO     cocotb.cluster_wrapper.s01_axi     Write burst complete bid: 0x7b bresp: 0
   448.69ns INFO     cocotb.cluster_wrapper.s01_axi     Write complete addr: 0x000000c0 prot: 2 resp: 0 length: 32
   448.69ns INFO     cocotb.cluster_wrapper.s01_axi     Write start addr: 0x000000e0 awid: 0x7c prot: 2 data: 80 80 80 00 00 00 00 00 00 00 00 00 00 00 00 00 00 00 00 00 00 00 00 00 00 00 00 00 00 00 00 00
   448.69ns INFO     cocotb.cluster_wrapper.s01_axi     Write burst start awid: 0x7c awaddr: 0x000000e0 awlen: 7 awsize: 2 awprot: 2
   448.81ns INFO     cocotb.cluster_wrapper.s01_axi     Write burst complete bid: 0x7c bresp: 0
   448.81ns INFO     cocotb.cluster_wrapper.s01_axi     Write complete addr: 0x000000e0 prot: 2 resp: 0 length: 32
   448.81ns INFO     cocotb.cluster_wrapper.s01_axi     Write start addr: 0x00000100 awid: 0x7d prot: 2 data: 80 7f 80 00 00 00 00 00 00 00 00 00 00 00 00 00 00 00 00 00 00 00 00 00 00 00 00 00 00 00 00 00
   448.81ns INFO     cocotb.cluster_wrapper.s01_axi     Write burst start awid: 0x7d awaddr: 0x00000100 awlen: 7 awsize: 2 awprot: 2
   448.93ns INFO     cocotb.cluster_wrapper.s01_axi     Write burst complete bid: 0x7d bresp: 0
   448.93ns INFO     cocotb.cluster_wrapper.s01_axi     Write complete addr: 0x00000100 prot: 2 resp: 0 length: 32
   448.93ns INFO     cocotb.cluster_wrapper.s00_axi     Read start addr: 0x00000004 arid: 0xd prot: 2
   448.93ns INFO     cocotb.cluster_wrapper.s00_axi     Read burst start arid: 0xd araddr: 0x00000004 arlen: 0 arsize: 2 arprot: 2
   448.97ns INFO     cocotb.cluster_wrapper.s00_axi     Read burst complete rid: 0xd rresp: 0
   448.97ns INFO     cocotb.cluster_wrapper.s00_axi     Read complete addr: 0x00000004 prot: 2 resp: 0 data: 07 00 01 00
   458.97ns INFO     cocotb.cluster_wrapper.s00_axi     Write start addr: 0x00000000 awid: 0x29 prot: 2 data: 00 00 00 00
   458.97ns INFO     cocotb.cluster_wrapper.s00_axi     Write burst start awid: 0x29 awaddr: 0x00000000 awlen: 0 awsize: 2 awprot: 2
   459.01ns INFO     cocotb.cluster_wrapper.s00_axi     Write burst complete bid: 0x29 bresp: 0
   459.01ns INFO     cocotb.cluster_wrapper.s00_axi     Write complete addr: 0x00000000 prot: 2 resp: 0 length: 4
   459.01ns INFO     cocotb.cluster_wrapper.s00_axi     Write start addr: 0x00000000 awid: 0x2a prot: 2 data: 01 80 02 00
   459.01ns INFO     cocotb.cluster_wrapper.s00_axi     Write burst start awid: 0x2a awaddr: 0x00000000 awlen: 0 awsize: 2 awprot: 2
   459.06ns INFO     cocotb.cluster_wrapper.s00_axi     Write burst complete bid: 0x2a bresp: 0
   459.06ns INFO     cocotb.cluster_wrapper.s00_axi     Write complete addr: 0x00000000 prot: 2 resp: 0 length: 4
   459.06ns INFO     cocotb.cluster_wrapper.s00_axi     Write start addr: 0x00000004 awid: 0x2b prot: 2 data: 07 00 00 00
   459.06ns INFO     cocotb.cluster_wrapper.s00_axi     Write burst start awid: 0x2b awaddr: 0x00000004 awlen: 0 awsize: 2 awprot: 2
   459.11ns INFO     cocotb.cluster_wrapper.s00_axi     Write burst complete bid: 0x2b bresp: 0
   459.11ns INFO     cocotb.cluster_wrapper.s00_axi     Write complete addr: 0x00000004 prot: 2 resp: 0 length: 4
   459.11ns INFO     cocotb.cluster_wrapper.s01_axi     Write start addr: 0x00000000 awid: 0x7e prot: 2 data: 00 00 ff 00 00 00 00 00 00 00 00 00 00 00 00 00 00 00 00 00 00 00 00 00 00 00 00 00 00 00 00 00
   459.11ns INFO     cocotb.cluster_wrapper.s01_axi     Write burst start awid: 0x7e awaddr: 0x00000000 awlen: 7 awsize: 2 awprot: 2
   459.23ns INFO     cocotb.cluster_wrapper.s01_axi     Write burst complete bid: 0x7e bresp: 0
   459.23ns INFO     cocotb.cluster_wrapper.s01_axi     Write complete addr: 0x00000000 prot: 2 resp: 0 length: 32
   459.23ns INFO     cocotb.cluster_wrapper.s01_axi     Write start addr: 0x00000020 awid: 0x7f prot: 2 data: 80 7f 80 00 00 00 00 00 00 00 00 00 00 00 00 00 00 00 00 00 00 00 00 00 00 00 00 00 00 00 00 00
   459.23ns INFO     cocotb.cluster_wrapper.s01_axi     Write burst start awid: 0x7f awaddr: 0x00000020 awlen: 7 awsize: 2 awprot: 2
   459.35ns INFO     cocotb.cluster_wrapper.s01_axi     Write burst complete bid: 0x7f bresp: 0
   459.35ns INFO     cocotb.cluster_wrapper.s01_axi     Write complete addr: 0x00000020 prot: 2 resp: 0 length: 32
   459.35ns INFO     cocotb.cluster_wrapper.s01_axi     Write start addr: 0x00000040 awid: 0x80 prot: 2 data: 7f 7f 80 00 00 00 00 00 00 00 00 00 00 00 00 00 00 00 00 00 00 00 00 00 00 00 00 00 00 00 00 00
   459.35ns INFO     cocotb.cluster_wrapper.s01_axi     Write burst start awid: 0x80 awaddr: 0x00000040 awlen: 7 awsize: 2 awprot: 2
   459.47ns INFO     cocotb.cluster_wrapper.s01_axi     Write burst complete bid: 0x80 bresp: 0
   459.47ns INFO     cocotb.cluster_wrapper.s01_axi     Write complete addr: 0x00000040 prot: 2 resp: 0 length: 32
   459.47ns INFO     cocotb.cluster_wrapper.s01_axi     Write start addr: 0x00000060 awid: 0x81 prot: 2 data: 7f 7f 7f 00 00 00 00 00 00 00 00 00 00 00 00 00 00 00 00 00 00 00 00 00 00 00 00 00 00 00 00 00
   459.47ns INFO     cocotb.cluster_wrapper.s01_axi     Write burst start awid: 0x81 awaddr: 0x00000060 awlen: 7 awsize: 2 awprot: 2
   459.59ns INFO     cocotb.cluster_wrapper.s01_axi     Write burst complete bid: 0x81 bresp: 0
   459.59ns INFO     cocotb.cluster_wrapper.s01_axi     Write complete addr: 0x00000060 prot: 2 resp: 0 length: 32
   459.59ns INFO     cocotb.cluster_wrapper.s01_axi     Write start addr: 0x00000080 awid: 0x82 prot: 2 data: 7f 80 80 00 00 00 00 00 00 00 00 00 00 00 00 00 00 00 00 00 00 00 00 00 00 00 00 00 00 00 00 00
   459.59ns INFO     cocotb.cluster_wrapper.s01_axi     Write burst start awid: 0x82 awaddr: 0x00000080 awlen: 7 awsize: 2 awprot: 2
   459.71ns INFO     cocotb.cluster_wrapper.s01_axi     Write burst complete bid: 0x82 bresp: 0
   459.71ns INFO     cocotb.cluster_wrapper.s01_axi     Write complete addr: 0x00000080 prot: 2 resp: 0 length: 32
   459.71ns INFO     cocotb.cluster_wrapper.s01_axi     Write start addr: 0x000000a0 awid: 0x83 prot: 2 data: 80 80 80 00 00 00 00 00 00 00 00 00 00 00 00 00 00 00 00 00 00 00 00 00 00 00 00 00 00 00 00 00
   459.71ns INFO     cocotb.cluster_wrapper.s01_axi     Write burst start awid: 0x83 awaddr: 0x000000a0 awlen: 7 awsize: 2 awprot: 2
   459.83ns INFO     cocotb.cluster_wrapper.s01_axi     Write burst complete bid: 0x83 bresp: 0
   459.83ns INFO     cocotb.cluster_wrapper.s01_axi     Write complete addr: 0x000000a0 prot: 2 resp: 0 length: 32
   459.83ns INFO     cocotb.cluster_wrapper.s01_axi     Write start addr: 0x000000c0 awid: 0x84 prot: 2 data: 80 7f 80 00 00 00 00 00 00 00 00 00 00 00 00 00 00 00 00 00 00 00 00 00 00 00 00 00 00 00 00 00
   459.83ns INFO     cocotb.cluster_wrapper.s01_axi     Write burst start awid: 0x84 awaddr: 0x000000c0 awlen: 7 awsize: 2 awprot: 2
   459.95ns INFO     cocotb.cluster_wrapper.s01_axi     Write burst complete bid: 0x84 bresp: 0
   459.95ns INFO     cocotb.cluster_wrapper.s01_axi     Write complete addr: 0x000000c0 prot: 2 resp: 0 length: 32
   459.95ns INFO     cocotb.cluster_wrapper.s01_axi     Write start addr: 0x000000e0 awid: 0x85 prot: 2 data: 80 7f 80 00 00 00 00 00 00 00 00 00 00 00 00 00 00 00 00 00 00 00 00 00 00 00 00 00 00 00 00 00
   459.95ns INFO     cocotb.cluster_wrapper.s01_axi     Write burst start awid: 0x85 awaddr: 0x000000e0 awlen: 7 awsize: 2 awprot: 2
   460.07ns INFO     cocotb.cluster_wrapper.s01_axi     Write burst complete bid: 0x85 bresp: 0
   460.07ns INFO     cocotb.cluster_wrapper.s01_axi     Write complete addr: 0x000000e0 prot: 2 resp: 0 length: 32
   460.07ns INFO     cocotb.cluster_wrapper.s01_axi     Write start addr: 0x00000100 awid: 0x86 prot: 2 data: 80 80 7f 00 00 00 00 00 00 00 00 00 00 00 00 00 00 00 00 00 00 00 00 00 00 00 00 00 00 00 00 00
   460.07ns INFO     cocotb.cluster_wrapper.s01_axi     Write burst start awid: 0x86 awaddr: 0x00000100 awlen: 7 awsize: 2 awprot: 2
   460.19ns INFO     cocotb.cluster_wrapper.s01_axi     Write burst complete bid: 0x86 bresp: 0
   460.19ns INFO     cocotb.cluster_wrapper.s01_axi     Write complete addr: 0x00000100 prot: 2 resp: 0 length: 32
   460.19ns INFO     cocotb.cluster_wrapper.s00_axi     Read start addr: 0x00000004 arid: 0xe prot: 2
   460.19ns INFO     cocotb.cluster_wrapper.s00_axi     Read burst start arid: 0xe araddr: 0x00000004 arlen: 0 arsize: 2 arprot: 2
   460.23ns INFO     cocotb.cluster_wrapper.s00_axi     Read burst complete rid: 0xe rresp: 0
   460.23ns INFO     cocotb.cluster_wrapper.s00_axi     Read complete addr: 0x00000004 prot: 2 resp: 0 data: 07 00 01 00
   470.23ns INFO     cocotb.cluster_wrapper.s00_axi     Write start addr: 0x00000000 awid: 0x2c prot: 2 data: 00 00 00 00
   470.23ns INFO     cocotb.cluster_wrapper.s00_axi     Write burst start awid: 0x2c awaddr: 0x00000000 awlen: 0 awsize: 2 awprot: 2
   470.27ns INFO     cocotb.cluster_wrapper.s00_axi     Write burst complete bid: 0x2c bresp: 0
   470.27ns INFO     cocotb.cluster_wrapper.s00_axi     Write complete addr: 0x00000000 prot: 2 resp: 0 length: 4
   470.27ns INFO     cocotb.cluster_wrapper.s00_axi     Write start addr: 0x00000000 awid: 0x2d prot: 2 data: 01 80 02 00
   470.27ns INFO     cocotb.cluster_wrapper.s00_axi     Write burst start awid: 0x2d awaddr: 0x00000000 awlen: 0 awsize: 2 awprot: 2
   470.32ns INFO     cocotb.cluster_wrapper.s00_axi     Write burst complete bid: 0x2d bresp: 0
   470.32ns INFO     cocotb.cluster_wrapper.s00_axi     Write complete addr: 0x00000000 prot: 2 resp: 0 length: 4
   470.32ns INFO     cocotb.cluster_wrapper.s00_axi     Write start addr: 0x00000004 awid: 0x2e prot: 2 data: 07 00 00 00
   470.32ns INFO     cocotb.cluster_wrapper.s00_axi     Write burst start awid: 0x2e awaddr: 0x00000004 awlen: 0 awsize: 2 awprot: 2
   470.37ns INFO     cocotb.cluster_wrapper.s00_axi     Write burst complete bid: 0x2e bresp: 0
   470.37ns INFO     cocotb.cluster_wrapper.s00_axi     Write complete addr: 0x00000004 prot: 2 resp: 0 length: 4
   470.37ns INFO     cocotb.cluster_wrapper.s01_axi     Write start addr: 0x00000000 awid: 0x87 prot: 2 data: ff 00 ff 00 00 00 00 00 00 00 00 00 00 00 00 00 00 00 00 00 00 00 00 00 00 00 00 00 00 00 00 00
   470.37ns INFO     cocotb.cluster_wrapper.s01_axi     Write burst start awid: 0x87 awaddr: 0x00000000 awlen: 7 awsize: 2 awprot: 2
   470.49ns INFO     cocotb.cluster_wrapper.s01_axi     Write burst complete bid: 0x87 bresp: 0
   470.49ns INFO     cocotb.cluster_wrapper.s01_axi     Write complete addr: 0x00000000 prot: 2 resp: 0 length: 32
   470.49ns INFO     cocotb.cluster_wrapper.s01_axi     Write start addr: 0x00000020 awid: 0x88 prot: 2 data: 80 80 7f 00 00 00 00 00 00 00 00 00 00 00 00 00 00 00 00 00 00 00 00 00 00 00 00 00 00 00 00 00
   470.49ns INFO     cocotb.cluster_wrapper.s01_axi     Write burst start awid: 0x88 awaddr: 0x00000020 awlen: 7 awsize: 2 awprot: 2
   470.61ns INFO     cocotb.cluster_wrapper.s01_axi     Write burst complete bid: 0x88 bresp: 0
   470.61ns INFO     cocotb.cluster_wrapper.s01_axi     Write complete addr: 0x00000020 prot: 2 resp: 0 length: 32
   470.61ns INFO     cocotb.cluster_wrapper.s01_axi     Write start addr: 0x00000040 awid: 0x89 prot: 2 data: 7f 7f 80 00 00 00 00 00 00 00 00 00 00 00 00 00 00 00 00 00 00 00 00 00 00 00 00 00 00 00 00 00
   470.61ns INFO     cocotb.cluster_wrapper.s01_axi     Write burst start awid: 0x89 awaddr: 0x00000040 awlen: 7 awsize: 2 awprot: 2
   470.73ns INFO     cocotb.cluster_wrapper.s01_axi     Write burst complete bid: 0x89 bresp: 0
   470.73ns INFO     cocotb.cluster_wrapper.s01_axi     Write complete addr: 0x00000040 prot: 2 resp: 0 length: 32
   470.73ns INFO     cocotb.cluster_wrapper.s01_axi     Write start addr: 0x00000060 awid: 0x8a prot: 2 data: 80 7f 7f 00 00 00 00 00 00 00 00 00 00 00 00 00 00 00 00 00 00 00 00 00 00 00 00 00 00 00 00 00
   470.73ns INFO     cocotb.cluster_wrapper.s01_axi     Write burst start awid: 0x8a awaddr: 0x00000060 awlen: 7 awsize: 2 awprot: 2
   470.85ns INFO     cocotb.cluster_wrapper.s01_axi     Write burst complete bid: 0x8a bresp: 0
   470.85ns INFO     cocotb.cluster_wrapper.s01_axi     Write complete addr: 0x00000060 prot: 2 resp: 0 length: 32
   470.85ns INFO     cocotb.cluster_wrapper.s01_axi     Write start addr: 0x00000080 awid: 0x8b prot: 2 data: 7f 80 7f 00 00 00 00 00 00 00 00 00 00 00 00 00 00 00 00 00 00 00 00 00 00 00 00 00 00 00 00 00
   470.85ns INFO     cocotb.cluster_wrapper.s01_axi     Write burst start awid: 0x8b awaddr: 0x00000080 awlen: 7 awsize: 2 awprot: 2
   470.97ns INFO     cocotb.cluster_wrapper.s01_axi     Write burst complete bid: 0x8b bresp: 0
   470.97ns INFO     cocotb.cluster_wrapper.s01_axi     Write complete addr: 0x00000080 prot: 2 resp: 0 length: 32
   470.97ns INFO     cocotb.cluster_wrapper.s01_axi     Write start addr: 0x000000a0 awid: 0x8c prot: 2 data: 7f 7f 7f 00 00 00 00 00 00 00 00 00 00 00 00 00 00 00 00 00 00 00 00 00 00 00 00 00 00 00 00 00
   470.97ns INFO     cocotb.cluster_wrapper.s01_axi     Write burst start awid: 0x8c awaddr: 0x000000a0 awlen: 7 awsize: 2 awprot: 2
   471.09ns INFO     cocotb.cluster_wrapper.s01_axi     Write burst complete bid: 0x8c bresp: 0
   471.09ns INFO     cocotb.cluster_wrapper.s01_axi     Write complete addr: 0x000000a0 prot: 2 resp: 0 length: 32
   471.09ns INFO     cocotb.cluster_wrapper.s01_axi     Write start addr: 0x000000c0 awid: 0x8d prot: 2 data: 80 80 7f 00 00 00 00 00 00 00 00 00 00 00 00 00 00 00 00 00 00 00 00 00 00 00 00 00 00 00 00 00
   471.09ns INFO     cocotb.cluster_wrapper.s01_axi     Write burst start awid: 0x8d awaddr: 0x000000c0 awlen: 7 awsize: 2 awprot: 2
   471.21ns INFO     cocotb.cluster_wrapper.s01_axi     Write burst complete bid: 0x8d bresp: 0
   471.21ns INFO     cocotb.cluster_wrapper.s01_axi     Write complete addr: 0x000000c0 prot: 2 resp: 0 length: 32
   471.21ns INFO     cocotb.cluster_wrapper.s01_axi     Write start addr: 0x000000e0 awid: 0x8e prot: 2 data: 80 7f 80 00 00 00 00 00 00 00 00 00 00 00 00 00 00 00 00 00 00 00 00 00 00 00 00 00 00 00 00 00
   471.21ns INFO     cocotb.cluster_wrapper.s01_axi     Write burst start awid: 0x8e awaddr: 0x000000e0 awlen: 7 awsize: 2 awprot: 2
   471.33ns INFO     cocotb.cluster_wrapper.s01_axi     Write burst complete bid: 0x8e bresp: 0
   471.33ns INFO     cocotb.cluster_wrapper.s01_axi     Write complete addr: 0x000000e0 prot: 2 resp: 0 length: 32
   471.33ns INFO     cocotb.cluster_wrapper.s01_axi     Write start addr: 0x00000100 awid: 0x8f prot: 2 data: 7f 80 7f 00 00 00 00 00 00 00 00 00 00 00 00 00 00 00 00 00 00 00 00 00 00 00 00 00 00 00 00 00
   471.33ns INFO     cocotb.cluster_wrapper.s01_axi     Write burst start awid: 0x8f awaddr: 0x00000100 awlen: 7 awsize: 2 awprot: 2
   471.45ns INFO     cocotb.cluster_wrapper.s01_axi     Write burst complete bid: 0x8f bresp: 0
   471.45ns INFO     cocotb.cluster_wrapper.s01_axi     Write complete addr: 0x00000100 prot: 2 resp: 0 length: 32
   471.45ns INFO     cocotb.cluster_wrapper.s00_axi     Read start addr: 0x00000004 arid: 0xf prot: 2
   471.45ns INFO     cocotb.cluster_wrapper.s00_axi     Read burst start arid: 0xf araddr: 0x00000004 arlen: 0 arsize: 2 arprot: 2
   471.49ns INFO     cocotb.cluster_wrapper.s00_axi     Read burst complete rid: 0xf rresp: 0
   471.49ns INFO     cocotb.cluster_wrapper.s00_axi     Read complete addr: 0x00000004 prot: 2 resp: 0 data: 07 00 01 00
   481.49ns INFO     cocotb.cluster_wrapper.s00_axi     Write start addr: 0x00000000 awid: 0x2f prot: 2 data: 00 00 00 00
   481.49ns INFO     cocotb.cluster_wrapper.s00_axi     Write burst start awid: 0x2f awaddr: 0x00000000 awlen: 0 awsize: 2 awprot: 2
   481.53ns INFO     cocotb.cluster_wrapper.s00_axi     Write burst complete bid: 0x2f bresp: 0
   481.53ns INFO     cocotb.cluster_wrapper.s00_axi     Write complete addr: 0x00000000 prot: 2 resp: 0 length: 4
   481.53ns INFO     cocotb.cluster_wrapper.s00_axi     Write start addr: 0x00000000 awid: 0x30 prot: 2 data: 01 80 02 00
   481.53ns INFO     cocotb.cluster_wrapper.s00_axi     Write burst start awid: 0x30 awaddr: 0x00000000 awlen: 0 awsize: 2 awprot: 2
   481.58ns INFO     cocotb.cluster_wrapper.s00_axi     Write burst complete bid: 0x30 bresp: 0
   481.58ns INFO     cocotb.cluster_wrapper.s00_axi     Write complete addr: 0x00000000 prot: 2 resp: 0 length: 4
   481.58ns INFO     cocotb.cluster_wrapper.s00_axi     Write start addr: 0x00000004 awid: 0x31 prot: 2 data: 07 00 00 00
   481.58ns INFO     cocotb.cluster_wrapper.s00_axi     Write burst start awid: 0x31 awaddr: 0x00000004 awlen: 0 awsize: 2 awprot: 2
   481.63ns INFO     cocotb.cluster_wrapper.s00_axi     Write burst complete bid: 0x31 bresp: 0
   481.63ns INFO     cocotb.cluster_wrapper.s00_axi     Write complete addr: 0x00000004 prot: 2 resp: 0 length: 4
   481.63ns INFO     cocotb.cluster_wrapper.s01_axi     Write start addr: 0x00000000 awid: 0x90 prot: 2 data: ff ff 00 00 00 00 00 00 00 00 00 00 00 00 00 00 00 00 00 00 00 00 00 00 00 00 00 00 00 00 00 00
   481.63ns INFO     cocotb.cluster_wrapper.s01_axi     Write burst start awid: 0x90 awaddr: 0x00000000 awlen: 7 awsize: 2 awprot: 2
   481.75ns INFO     cocotb.cluster_wrapper.s01_axi     Write burst complete bid: 0x90 bresp: 0
   481.75ns INFO     cocotb.cluster_wrapper.s01_axi     Write complete addr: 0x00000000 prot: 2 resp: 0 length: 32
   481.75ns INFO     cocotb.cluster_wrapper.s01_axi     Write start addr: 0x00000020 awid: 0x91 prot: 2 data: 80 7f 80 00 00 00 00 00 00 00 00 00 00 00 00 00 00 00 00 00 00 00 00 00 00 00 00 00 00 00 00 00
   481.75ns INFO     cocotb.cluster_wrapper.s01_axi     Write burst start awid: 0x91 awaddr: 0x00000020 awlen: 7 awsize: 2 awprot: 2
   481.87ns INFO     cocotb.cluster_wrapper.s01_axi     Write burst complete bid: 0x91 bresp: 0
   481.87ns INFO     cocotb.cluster_wrapper.s01_axi     Write start addr: 0x00000040 awid: 0x92 prot: 2 data: 80 80 7f 00 00 00 00 00 00 00 00 00 00 00 00 00 00 00 00 00 00 00 00 00 00 00 00 00 00 00 00 00
   481.87ns INFO     cocotb.cluster_wrapper.s01_axi     Write burst start awid: 0x92 awaddr: 0x00000040 awlen: 7 awsize: 2 awprot: 2
   481.99ns INFO     cocotb.cluster_wrapper.s01_axi     Write burst complete bid: 0x92 bresp: 0
   481.99ns INFO     cocotb.cluster_wrapper.s01_axi     Write complete addr: 0x00000040 prot: 2 resp: 0 length: 32
   481.99ns INFO     cocotb.cluster_wrapper.s01_axi     Write start addr: 0x00000060 awid: 0x93 prot: 2 data: 80 7f 7f 00 00 00 00 00 00 00 00 00 00 00 00 00 00 00 00 00 00 00 00 00 00 00 00 00 00 00 00 00
   481.99ns INFO     cocotb.cluster_wrapper.s01_axi     Write burst start awid: 0x93 awaddr: 0x00000060 awlen: 7 awsize: 2 awprot: 2
   482.11ns INFO     cocotb.cluster_wrapper.s01_axi     Write burst complete bid: 0x93 bresp: 0
   482.11ns INFO     cocotb.cluster_wrapper.s01_axi     Write complete addr: 0x00000060 prot: 2 resp: 0 length: 32
   482.11ns INFO     cocotb.cluster_wrapper.s01_axi     Write start addr: 0x00000080 awid: 0x94 prot: 2 data: 80 7f 80 00 00 00 00 00 00 00 00 00 00 00 00 00 00 00 00 00 00 00 00 00 00 00 00 00 00 00 00 00
   482.11ns INFO     cocotb.cluster_wrapper.s01_axi     Write burst start awid: 0x94 awaddr: 0x00000080 awlen: 7 awsize: 2 awprot: 2
   482.23ns INFO     cocotb.cluster_wrapper.s01_axi     Write burst complete bid: 0x94 bresp: 0
   482.23ns INFO     cocotb.cluster_wrapper.s01_axi     Write complete addr: 0x00000080 prot: 2 resp: 0 length: 32
   482.23ns INFO     cocotb.cluster_wrapper.s01_axi     Write start addr: 0x000000a0 awid: 0x95 prot: 2 data: 7f 7f 7f 00 00 00 00 00 00 00 00 00 00 00 00 00 00 00 00 00 00 00 00 00 00 00 00 00 00 00 00 00
   482.23ns INFO     cocotb.cluster_wrapper.s01_axi     Write burst start awid: 0x95 awaddr: 0x000000a0 awlen: 7 awsize: 2 awprot: 2
   482.35ns INFO     cocotb.cluster_wrapper.s01_axi     Write burst complete bid: 0x95 bresp: 0
   482.35ns INFO     cocotb.cluster_wrapper.s01_axi     Write complete addr: 0x000000a0 prot: 2 resp: 0 length: 32
   482.35ns INFO     cocotb.cluster_wrapper.s01_axi     Write start addr: 0x000000c0 awid: 0x96 prot: 2 data: 80 7f 80 00 00 00 00 00 00 00 00 00 00 00 00 00 00 00 00 00 00 00 00 00 00 00 00 00 00 00 00 00
   482.35ns INFO     cocotb.cluster_wrapper.s01_axi     Write burst start awid: 0x96 awaddr: 0x000000c0 awlen: 7 awsize: 2 awprot: 2
   482.47ns INFO     cocotb.cluster_wrapper.s01_axi     Write burst complete bid: 0x96 bresp: 0
   482.47ns INFO     cocotb.cluster_wrapper.s01_axi     Write complete addr: 0x000000c0 prot: 2 resp: 0 length: 32
   482.47ns INFO     cocotb.cluster_wrapper.s01_axi     Write start addr: 0x000000e0 awid: 0x97 prot: 2 data: 7f 80 7f 00 00 00 00 00 00 00 00 00 00 00 00 00 00 00 00 00 00 00 00 00 00 00 00 00 00 00 00 00
   482.47ns INFO     cocotb.cluster_wrapper.s01_axi     Write burst start awid: 0x97 awaddr: 0x000000e0 awlen: 7 awsize: 2 awprot: 2
   482.59ns INFO     cocotb.cluster_wrapper.s01_axi     Write burst complete bid: 0x97 bresp: 0
   482.59ns INFO     cocotb.cluster_wrapper.s01_axi     Write complete addr: 0x000000e0 prot: 2 resp: 0 length: 32
   482.59ns INFO     cocotb.cluster_wrapper.s01_axi     Write start addr: 0x00000100 awid: 0x98 prot: 2 data: 7f 80 7f 00 00 00 00 00 00 00 00 00 00 00 00 00 00 00 00 00 00 00 00 00 00 00 00 00 00 00 00 00
   482.59ns INFO     cocotb.cluster_wrapper.s01_axi     Write burst start awid: 0x98 awaddr: 0x00000100 awlen: 7 awsize: 2 awprot: 2
   482.71ns INFO     cocotb.cluster_wrapper.s01_axi     Write burst complete bid: 0x98 bresp: 0
   482.71ns INFO     cocotb.cluster_wrapper.s01_axi     Write complete addr: 0x00000100 prot: 2 resp: 0 length: 32
   482.71ns INFO     cocotb.cluster_wrapper.s00_axi     Read start addr: 0x00000004 arid: 0x10 prot: 2
   482.71ns INFO     cocotb.cluster_wrapper.s00_axi     Read burst start arid: 0x10 araddr: 0x00000004 arlen: 0 arsize: 2 arprot: 2
   482.75ns INFO     cocotb.cluster_wrapper.s00_axi     Read burst complete rid: 0x10 rresp: 0
   482.75ns INFO     cocotb.cluster_wrapper.s00_axi     Read complete addr: 0x00000004 prot: 2 resp: 0 data: 07 00 01 00
   492.75ns INFO     cocotb.cluster_wrapper.s00_axi     Write start addr: 0x00000000 awid: 0x32 prot: 2 data: 00 00 00 00
   492.75ns INFO     cocotb.cluster_wrapper.s00_axi     Write burst start awid: 0x32 awaddr: 0x00000000 awlen: 0 awsize: 2 awprot: 2
   492.79ns INFO     cocotb.cluster_wrapper.s00_axi     Write burst complete bid: 0x32 bresp: 0
   492.79ns INFO     cocotb.cluster_wrapper.s00_axi     Write complete addr: 0x00000000 prot: 2 resp: 0 length: 4
   492.79ns INFO     cocotb.cluster_wrapper.s00_axi     Write start addr: 0x00000000 awid: 0x33 prot: 2 data: 01 80 02 00
   492.79ns INFO     cocotb.cluster_wrapper.s00_axi     Write burst start awid: 0x33 awaddr: 0x00000000 awlen: 0 awsize: 2 awprot: 2
   492.84ns INFO     cocotb.cluster_wrapper.s00_axi     Write burst complete bid: 0x33 bresp: 0
   492.84ns INFO     cocotb.cluster_wrapper.s00_axi     Write complete addr: 0x00000000 prot: 2 resp: 0 length: 4
   492.84ns INFO     cocotb.cluster_wrapper.s00_axi     Write start addr: 0x00000004 awid: 0x34 prot: 2 data: 07 00 00 00
   492.84ns INFO     cocotb.cluster_wrapper.s00_axi     Write burst start awid: 0x34 awaddr: 0x00000004 awlen: 0 awsize: 2 awprot: 2
   492.89ns INFO     cocotb.cluster_wrapper.s00_axi     Write burst complete bid: 0x34 bresp: 0
   492.89ns INFO     cocotb.cluster_wrapper.s00_axi     Write complete addr: 0x00000004 prot: 2 resp: 0 length: 4
   492.89ns INFO     cocotb.cluster_wrapper.s01_axi     Write start addr: 0x00000000 awid: 0x99 prot: 2 data: ff ff 00 00 00 00 00 00 00 00 00 00 00 00 00 00 00 00 00 00 00 00 00 00 00 00 00 00 00 00 00 00
   492.89ns INFO     cocotb.cluster_wrapper.s01_axi     Write burst start awid: 0x99 awaddr: 0x00000000 awlen: 7 awsize: 2 awprot: 2
   493.01ns INFO     cocotb.cluster_wrapper.s01_axi     Write burst complete bid: 0x99 bresp: 0
   493.01ns INFO     cocotb.cluster_wrapper.s01_axi     Write complete addr: 0x00000000 prot: 2 resp: 0 length: 32
   493.01ns INFO     cocotb.cluster_wrapper.s01_axi     Write start addr: 0x00000020 awid: 0x9a prot: 2 data: 7f 80 80 00 00 00 00 00 00 00 00 00 00 00 00 00 00 00 00 00 00 00 00 00 00 00 00 00 00 00 00 00
   493.01ns INFO     cocotb.cluster_wrapper.s01_axi     Write burst start awid: 0x9a awaddr: 0x00000020 awlen: 7 awsize: 2 awprot: 2
   493.13ns INFO     cocotb.cluster_wrapper.s01_axi     Write burst complete bid: 0x9a bresp: 0
   493.13ns INFO     cocotb.cluster_wrapper.s01_axi     Write complete addr: 0x00000020 prot: 2 resp: 0 length: 32
   493.13ns INFO     cocotb.cluster_wrapper.s01_axi     Write start addr: 0x00000040 awid: 0x9b prot: 2 data: 80 7f 7f 00 00 00 00 00 00 00 00 00 00 00 00 00 00 00 00 00 00 00 00 00 00 00 00 00 00 00 00 00
   493.13ns INFO     cocotb.cluster_wrapper.s01_axi     Write burst start awid: 0x9b awaddr: 0x00000040 awlen: 7 awsize: 2 awprot: 2
   493.25ns INFO     cocotb.cluster_wrapper.s01_axi     Write burst complete bid: 0x9b bresp: 0
   493.25ns INFO     cocotb.cluster_wrapper.s01_axi     Write complete addr: 0x00000040 prot: 2 resp: 0 length: 32
   493.25ns INFO     cocotb.cluster_wrapper.s01_axi     Write start addr: 0x00000060 awid: 0x9c prot: 2 data: 7f 80 7f 00 00 00 00 00 00 00 00 00 00 00 00 00 00 00 00 00 00 00 00 00 00 00 00 00 00 00 00 00
   493.25ns INFO     cocotb.cluster_wrapper.s01_axi     Write burst start awid: 0x9c awaddr: 0x00000060 awlen: 7 awsize: 2 awprot: 2
   493.37ns INFO     cocotb.cluster_wrapper.s01_axi     Write burst complete bid: 0x9c bresp: 0
   493.37ns INFO     cocotb.cluster_wrapper.s01_axi     Write complete addr: 0x00000060 prot: 2 resp: 0 length: 32
   493.37ns INFO     cocotb.cluster_wrapper.s01_axi     Write start addr: 0x00000080 awid: 0x9d prot: 2 data: 80 80 7f 00 00 00 00 00 00 00 00 00 00 00 00 00 00 00 00 00 00 00 00 00 00 00 00 00 00 00 00 00
   493.37ns INFO     cocotb.cluster_wrapper.s01_axi     Write burst start awid: 0x9d awaddr: 0x00000080 awlen: 7 awsize: 2 awprot: 2
   493.49ns INFO     cocotb.cluster_wrapper.s01_axi     Write burst complete bid: 0x9d bresp: 0
   493.49ns INFO     cocotb.cluster_wrapper.s01_axi     Write complete addr: 0x00000080 prot: 2 resp: 0 length: 32
   493.49ns INFO     cocotb.cluster_wrapper.s01_axi     Write start addr: 0x000000a0 awid: 0x9e prot: 2 data: 7f 7f 7f 00 00 00 00 00 00 00 00 00 00 00 00 00 00 00 00 00 00 00 00 00 00 00 00 00 00 00 00 00
   493.49ns INFO     cocotb.cluster_wrapper.s01_axi     Write burst start awid: 0x9e awaddr: 0x000000a0 awlen: 7 awsize: 2 awprot: 2
   493.61ns INFO     cocotb.cluster_wrapper.s01_axi     Write burst complete bid: 0x9e bresp: 0
   493.61ns INFO     cocotb.cluster_wrapper.s01_axi     Write complete addr: 0x000000a0 prot: 2 resp: 0 length: 32
   493.61ns INFO     cocotb.cluster_wrapper.s01_axi     Write start addr: 0x000000c0 awid: 0x9f prot: 2 data: 7f 80 80 00 00 00 00 00 00 00 00 00 00 00 00 00 00 00 00 00 00 00 00 00 00 00 00 00 00 00 00 00
   493.61ns INFO     cocotb.cluster_wrapper.s01_axi     Write burst start awid: 0x9f awaddr: 0x000000c0 awlen: 7 awsize: 2 awprot: 2
   493.73ns INFO     cocotb.cluster_wrapper.s01_axi     Write burst complete bid: 0x9f bresp: 0
   493.73ns INFO     cocotb.cluster_wrapper.s01_axi     Write complete addr: 0x000000c0 prot: 2 resp: 0 length: 32
   493.73ns INFO     cocotb.cluster_wrapper.s01_axi     Write start addr: 0x000000e0 awid: 0xa0 prot: 2 data: 80 7f 7f 00 00 00 00 00 00 00 00 00 00 00 00 00 00 00 00 00 00 00 00 00 00 00 00 00 00 00 00 00
   493.73ns INFO     cocotb.cluster_wrapper.s01_axi     Write burst start awid: 0xa0 awaddr: 0x000000e0 awlen: 7 awsize: 2 awprot: 2
   493.85ns INFO     cocotb.cluster_wrapper.s01_axi     Write burst complete bid: 0xa0 bresp: 0
   493.85ns INFO     cocotb.cluster_wrapper.s01_axi     Write complete addr: 0x000000e0 prot: 2 resp: 0 length: 32
   493.85ns INFO     cocotb.cluster_wrapper.s01_axi     Write start addr: 0x00000100 awid: 0xa1 prot: 2 data: 7f 80 80 00 00 00 00 00 00 00 00 00 00 00 00 00 00 00 00 00 00 00 00 00 00 00 00 00 00 00 00 00
   493.85ns INFO     cocotb.cluster_wrapper.s01_axi     Write burst start awid: 0xa1 awaddr: 0x00000100 awlen: 7 awsize: 2 awprot: 2
   493.97ns INFO     cocotb.cluster_wrapper.s01_axi     Write burst complete bid: 0xa1 bresp: 0
   493.97ns INFO     cocotb.cluster_wrapper.s01_axi     Write complete addr: 0x00000100 prot: 2 resp: 0 length: 32
   493.97ns INFO     cocotb.cluster_wrapper.s00_axi     Read start addr: 0x00000004 arid: 0x11 prot: 2
   493.97ns INFO     cocotb.cluster_wrapper.s00_axi     Read burst start arid: 0x11 araddr: 0x00000004 arlen: 0 arsize: 2 arprot: 2
   494.01ns INFO     cocotb.cluster_wrapper.s00_axi     Read burst complete rid: 0x11 rresp: 0
   494.01ns INFO     cocotb.cluster_wrapper.s00_axi     Read complete addr: 0x00000004 prot: 2 resp: 0 data: 07 00 01 00
   504.01ns INFO     cocotb.cluster_wrapper.s00_axi     Write start addr: 0x00000000 awid: 0x35 prot: 2 data: 00 00 00 00
   504.01ns INFO     cocotb.cluster_wrapper.s00_axi     Write burst start awid: 0x35 awaddr: 0x00000000 awlen: 0 awsize: 2 awprot: 2
   504.05ns INFO     cocotb.cluster_wrapper.s00_axi     Write burst complete bid: 0x35 bresp: 0
   504.05ns INFO     cocotb.cluster_wrapper.s00_axi     Write complete addr: 0x00000000 prot: 2 resp: 0 length: 4
   504.05ns INFO     cocotb.cluster_wrapper.s02_axi     Read start addr: 0x00000000 arid: 0x1 prot: 2
   504.05ns INFO     cocotb.cluster_wrapper.s02_axi     Read burst start arid: 0x1 araddr: 0x00000000 arlen: 31 arsize: 2 arprot: 2
   504.71ns INFO     cocotb.cluster_wrapper.s02_axi     Read burst complete rid: 0x1 rresp: 0
   504.71ns INFO     cocotb.cluster_wrapper.s02_axi     Read complete addr: 0x00000000 prot: 2 resp: 0 data: 05 80 ff 7f 84 01 ff 7f 86 ff fe 7f 87 fc 00 80 07 7d 00 80 85 00 ff 7f 05 7f 00 80 05 80 ff 7f 00 00 00 00 00 00 00 00 00 00 00 00 00 00 00 00 00 00 00 00 00 00 00 00 00 00 00 00 00 00 00 00 00 00 00 00 00 00 00 00 00 00 00 00 00 00 00 00 00 00 00 00 00 00 00 00 00 00 00 00 00 00 00 00 00 00 00 00 00 00 00 00 00 00 00 00 00 00 00 00 00 00 00 00 00 00 00 00 00 00 00 00 00 00 00 00
   504.71ns INFO     cocotb.cluster_wrapper.s02_axi     Write start addr: 0x00000000 awid: 0x2 prot: 2 data: 00 00 00 80 00 00 00 80 00 00 00 80 00 00 00 80 00 00 00 80 00 00 00 80 00 00 00 80 00 00 00 80 00 00 00 00 00 00 00 00 00 00 00 00 00 00 00 00 00 00 00 00 00 00 00 00 00 00 00 00 00 00 00 00 00 00 00 00 00 00 00 00 00 00 00 00 00 00 00 00 00 00 00 00 00 00 00 00 00 00 00 00 00 00 00 00 00 00 00 00 00 00 00 00 00 00 00 00 00 00 00 00 00 00 00 00 00 00 00 00 00 00 00 00 00 00 00 00
   504.71ns INFO     cocotb.cluster_wrapper.s02_axi     Write burst start awid: 0x2 awaddr: 0x00000000 awlen: 31 awsize: 2 awprot: 2
   505.07ns INFO     cocotb.cluster_wrapper.s02_axi     Write burst complete bid: 0x2 bresp: 0
   505.07ns INFO     cocotb.cluster_wrapper.s02_axi     Write complete addr: 0x00000000 prot: 2 resp: 0 length: 128
   505.07ns INFO     cocotb.cluster_wrapper.s00_axi     Write start addr: 0x00000000 awid: 0x36 prot: 2 data: 01 80 02 00
   505.07ns INFO     cocotb.cluster_wrapper.s00_axi     Write burst start awid: 0x36 awaddr: 0x00000000 awlen: 0 awsize: 2 awprot: 2
   505.12ns INFO     cocotb.cluster_wrapper.s00_axi     Write burst complete bid: 0x36 bresp: 0
   505.12ns INFO     cocotb.cluster_wrapper.s00_axi     Write complete addr: 0x00000000 prot: 2 resp: 0 length: 4
   505.12ns INFO     cocotb.cluster_wrapper.s00_axi     Write start addr: 0x00000004 awid: 0x37 prot: 2 data: 07 00 00 00
   505.12ns INFO     cocotb.cluster_wrapper.s00_axi     Write burst start awid: 0x37 awaddr: 0x00000004 awlen: 0 awsize: 2 awprot: 2
   505.17ns INFO     cocotb.cluster_wrapper.s00_axi     Write burst complete bid: 0x37 bresp: 0
   505.17ns INFO     cocotb.cluster_wrapper.s00_axi     Write complete addr: 0x00000004 prot: 2 resp: 0 length: 4
   505.17ns INFO     cocotb.cluster_wrapper.s01_axi     Write start addr: 0x00000000 awid: 0xa2 prot: 2 data: 80 80 80 00 00 00 00 00 00 00 00 00 00 00 00 00 00 00 00 00 00 00 00 00 00 00 00 00 00 00 00 00
   505.17ns INFO     cocotb.cluster_wrapper.s01_axi     Write burst start awid: 0xa2 awaddr: 0x00000000 awlen: 7 awsize: 2 awprot: 2
   505.29ns INFO     cocotb.cluster_wrapper.s01_axi     Write burst complete bid: 0xa2 bresp: 0
   505.29ns INFO     cocotb.cluster_wrapper.s01_axi     Write complete addr: 0x00000000 prot: 2 resp: 0 length: 32
   505.29ns INFO     cocotb.cluster_wrapper.s01_axi     Write start addr: 0x00000020 awid: 0xa3 prot: 2 data: 7f 80 80 00 00 00 00 00 00 00 00 00 00 00 00 00 00 00 00 00 00 00 00 00 00 00 00 00 00 00 00 00
   505.29ns INFO     cocotb.cluster_wrapper.s01_axi     Write burst start awid: 0xa3 awaddr: 0x00000020 awlen: 7 awsize: 2 awprot: 2
   505.41ns INFO     cocotb.cluster_wrapper.s01_axi     Write burst complete bid: 0xa3 bresp: 0
   505.41ns INFO     cocotb.cluster_wrapper.s01_axi     Write complete addr: 0x00000020 prot: 2 resp: 0 length: 32
   505.41ns INFO     cocotb.cluster_wrapper.s01_axi     Write start addr: 0x00000040 awid: 0xa4 prot: 2 data: 7f 80 80 00 00 00 00 00 00 00 00 00 00 00 00 00 00 00 00 00 00 00 00 00 00 00 00 00 00 00 00 00
   505.41ns INFO     cocotb.cluster_wrapper.s01_axi     Write burst start awid: 0xa4 awaddr: 0x00000040 awlen: 7 awsize: 2 awprot: 2
   505.53ns INFO     cocotb.cluster_wrapper.s01_axi     Write burst complete bid: 0xa4 bresp: 0
   505.53ns INFO     cocotb.cluster_wrapper.s01_axi     Write complete addr: 0x00000040 prot: 2 resp: 0 length: 32
   505.53ns INFO     cocotb.cluster_wrapper.s01_axi     Write start addr: 0x00000060 awid: 0xa5 prot: 2 data: 7f 7f 80 00 00 00 00 00 00 00 00 00 00 00 00 00 00 00 00 00 00 00 00 00 00 00 00 00 00 00 00 00
   505.53ns INFO     cocotb.cluster_wrapper.s01_axi     Write burst start awid: 0xa5 awaddr: 0x00000060 awlen: 7 awsize: 2 awprot: 2
   505.65ns INFO     cocotb.cluster_wrapper.s01_axi     Write burst complete bid: 0xa5 bresp: 0
   505.65ns INFO     cocotb.cluster_wrapper.s01_axi     Write complete addr: 0x00000060 prot: 2 resp: 0 length: 32
   505.65ns INFO     cocotb.cluster_wrapper.s01_axi     Write start addr: 0x00000080 awid: 0xa6 prot: 2 data: 7f 7f 7f 00 00 00 00 00 00 00 00 00 00 00 00 00 00 00 00 00 00 00 00 00 00 00 00 00 00 00 00 00
   505.65ns INFO     cocotb.cluster_wrapper.s01_axi     Write burst start awid: 0xa6 awaddr: 0x00000080 awlen: 7 awsize: 2 awprot: 2
   505.77ns INFO     cocotb.cluster_wrapper.s01_axi     Write burst complete bid: 0xa6 bresp: 0
   505.77ns INFO     cocotb.cluster_wrapper.s01_axi     Write complete addr: 0x00000080 prot: 2 resp: 0 length: 32
   505.77ns INFO     cocotb.cluster_wrapper.s01_axi     Write start addr: 0x000000a0 awid: 0xa7 prot: 2 data: 7f 80 80 00 00 00 00 00 00 00 00 00 00 00 00 00 00 00 00 00 00 00 00 00 00 00 00 00 00 00 00 00
   505.77ns INFO     cocotb.cluster_wrapper.s01_axi     Write burst start awid: 0xa7 awaddr: 0x000000a0 awlen: 7 awsize: 2 awprot: 2
   505.89ns INFO     cocotb.cluster_wrapper.s01_axi     Write burst complete bid: 0xa7 bresp: 0
   505.89ns INFO     cocotb.cluster_wrapper.s01_axi     Write complete addr: 0x000000a0 prot: 2 resp: 0 length: 32
   505.89ns INFO     cocotb.cluster_wrapper.s01_axi     Write start addr: 0x000000c0 awid: 0xa8 prot: 2 data: 80 80 80 00 00 00 00 00 00 00 00 00 00 00 00 00 00 00 00 00 00 00 00 00 00 00 00 00 00 00 00 00
   505.89ns INFO     cocotb.cluster_wrapper.s01_axi     Write burst start awid: 0xa8 awaddr: 0x000000c0 awlen: 7 awsize: 2 awprot: 2
   506.01ns INFO     cocotb.cluster_wrapper.s01_axi     Write burst complete bid: 0xa8 bresp: 0
   506.01ns INFO     cocotb.cluster_wrapper.s01_axi     Write complete addr: 0x000000c0 prot: 2 resp: 0 length: 32
   506.01ns INFO     cocotb.cluster_wrapper.s01_axi     Write start addr: 0x000000e0 awid: 0xa9 prot: 2 data: 7f 7f 80 00 00 00 00 00 00 00 00 00 00 00 00 00 00 00 00 00 00 00 00 00 00 00 00 00 00 00 00 00
   506.01ns INFO     cocotb.cluster_wrapper.s01_axi     Write burst start awid: 0xa9 awaddr: 0x000000e0 awlen: 7 awsize: 2 awprot: 2
   506.13ns INFO     cocotb.cluster_wrapper.s01_axi     Write burst complete bid: 0xa9 bresp: 0
   506.13ns INFO     cocotb.cluster_wrapper.s01_axi     Write complete addr: 0x000000e0 prot: 2 resp: 0 length: 32
   506.13ns INFO     cocotb.cluster_wrapper.s01_axi     Write start addr: 0x00000100 awid: 0xaa prot: 2 data: 80 7f 7f 00 00 00 00 00 00 00 00 00 00 00 00 00 00 00 00 00 00 00 00 00 00 00 00 00 00 00 00 00
   506.13ns INFO     cocotb.cluster_wrapper.s01_axi     Write burst start awid: 0xaa awaddr: 0x00000100 awlen: 7 awsize: 2 awprot: 2
   506.25ns INFO     cocotb.cluster_wrapper.s01_axi     Write burst complete bid: 0xaa bresp: 0
   506.25ns INFO     cocotb.cluster_wrapper.s01_axi     Write complete addr: 0x00000100 prot: 2 resp: 0 length: 32
   506.25ns INFO     cocotb.cluster_wrapper.s00_axi     Read start addr: 0x00000004 arid: 0x12 prot: 2
   506.25ns INFO     cocotb.cluster_wrapper.s00_axi     Read burst start arid: 0x12 araddr: 0x00000004 arlen: 0 arsize: 2 arprot: 2
   506.29ns INFO     cocotb.cluster_wrapper.s00_axi     Read burst complete rid: 0x12 rresp: 0
   506.29ns INFO     cocotb.cluster_wrapper.s00_axi     Read complete addr: 0x00000004 prot: 2 resp: 0 data: 07 00 01 00
   516.29ns INFO     cocotb.cluster_wrapper.s00_axi     Write start addr: 0x00000000 awid: 0x38 prot: 2 data: 00 00 00 00
   516.29ns INFO     cocotb.cluster_wrapper.s00_axi     Write burst start awid: 0x38 awaddr: 0x00000000 awlen: 0 awsize: 2 awprot: 2
   516.33ns INFO     cocotb.cluster_wrapper.s00_axi     Write burst complete bid: 0x38 bresp: 0
   516.33ns INFO     cocotb.cluster_wrapper.s00_axi     Write complete addr: 0x00000000 prot: 2 resp: 0 length: 4
   516.33ns INFO     cocotb.cluster_wrapper.s00_axi     Write start addr: 0x00000000 awid: 0x39 prot: 2 data: 01 80 02 00
   516.33ns INFO     cocotb.cluster_wrapper.s00_axi     Write burst start awid: 0x39 awaddr: 0x00000000 awlen: 0 awsize: 2 awprot: 2
   516.38ns INFO     cocotb.cluster_wrapper.s00_axi     Write burst complete bid: 0x39 bresp: 0
   516.38ns INFO     cocotb.cluster_wrapper.s00_axi     Write complete addr: 0x00000000 prot: 2 resp: 0 length: 4
   516.38ns INFO     cocotb.cluster_wrapper.s00_axi     Write start addr: 0x00000004 awid: 0x3a prot: 2 data: 07 00 00 00
   516.38ns INFO     cocotb.cluster_wrapper.s00_axi     Write burst start awid: 0x3a awaddr: 0x00000004 awlen: 0 awsize: 2 awprot: 2
   516.43ns INFO     cocotb.cluster_wrapper.s00_axi     Write burst complete bid: 0x3a bresp: 0
   516.43ns INFO     cocotb.cluster_wrapper.s00_axi     Write complete addr: 0x00000004 prot: 2 resp: 0 length: 4
   516.43ns INFO     cocotb.cluster_wrapper.s01_axi     Write start addr: 0x00000000 awid: 0xab prot: 2 data: 80 80 80 00 00 00 00 00 00 00 00 00 00 00 00 00 00 00 00 00 00 00 00 00 00 00 00 00 00 00 00 00
   516.43ns INFO     cocotb.cluster_wrapper.s01_axi     Write burst start awid: 0xab awaddr: 0x00000000 awlen: 7 awsize: 2 awprot: 2
   516.55ns INFO     cocotb.cluster_wrapper.s01_axi     Write burst complete bid: 0xab bresp: 0
   516.55ns INFO     cocotb.cluster_wrapper.s01_axi     Write complete addr: 0x00000000 prot: 2 resp: 0 length: 32
   516.55ns INFO     cocotb.cluster_wrapper.s01_axi     Write start addr: 0x00000020 awid: 0xac prot: 2 data: 80 80 80 00 00 00 00 00 00 00 00 00 00 00 00 00 00 00 00 00 00 00 00 00 00 00 00 00 00 00 00 00
   516.55ns INFO     cocotb.cluster_wrapper.s01_axi     Write burst start awid: 0xac awaddr: 0x00000020 awlen: 7 awsize: 2 awprot: 2
   516.67ns INFO     cocotb.cluster_wrapper.s01_axi     Write burst complete bid: 0xac bresp: 0
   516.67ns INFO     cocotb.cluster_wrapper.s01_axi     Write complete addr: 0x00000020 prot: 2 resp: 0 length: 32
   516.67ns INFO     cocotb.cluster_wrapper.s01_axi     Write start addr: 0x00000040 awid: 0xad prot: 2 data: 80 7f 80 00 00 00 00 00 00 00 00 00 00 00 00 00 00 00 00 00 00 00 00 00 00 00 00 00 00 00 00 00
   516.67ns INFO     cocotb.cluster_wrapper.s01_axi     Write burst start awid: 0xad awaddr: 0x00000040 awlen: 7 awsize: 2 awprot: 2
   516.79ns INFO     cocotb.cluster_wrapper.s01_axi     Write burst complete bid: 0xad bresp: 0
   516.79ns INFO     cocotb.cluster_wrapper.s01_axi     Write complete addr: 0x00000040 prot: 2 resp: 0 length: 32
   516.79ns INFO     cocotb.cluster_wrapper.s01_axi     Write start addr: 0x00000060 awid: 0xae prot: 2 data: 7f 80 80 00 00 00 00 00 00 00 00 00 00 00 00 00 00 00 00 00 00 00 00 00 00 00 00 00 00 00 00 00
   516.79ns INFO     cocotb.cluster_wrapper.s01_axi     Write burst start awid: 0xae awaddr: 0x00000060 awlen: 7 awsize: 2 awprot: 2
   516.91ns INFO     cocotb.cluster_wrapper.s01_axi     Write burst complete bid: 0xae bresp: 0
   516.91ns INFO     cocotb.cluster_wrapper.s01_axi     Write complete addr: 0x00000060 prot: 2 resp: 0 length: 32
   516.91ns INFO     cocotb.cluster_wrapper.s01_axi     Write start addr: 0x00000080 awid: 0xaf prot: 2 data: 7f 80 80 00 00 00 00 00 00 00 00 00 00 00 00 00 00 00 00 00 00 00 00 00 00 00 00 00 00 00 00 00
   516.91ns INFO     cocotb.cluster_wrapper.s01_axi     Write burst start awid: 0xaf awaddr: 0x00000080 awlen: 7 awsize: 2 awprot: 2
   517.03ns INFO     cocotb.cluster_wrapper.s01_axi     Write burst complete bid: 0xaf bresp: 0
   517.03ns INFO     cocotb.cluster_wrapper.s01_axi     Write complete addr: 0x00000080 prot: 2 resp: 0 length: 32
   517.03ns INFO     cocotb.cluster_wrapper.s01_axi     Write start addr: 0x000000a0 awid: 0xb0 prot: 2 data: 80 80 80 00 00 00 00 00 00 00 00 00 00 00 00 00 00 00 00 00 00 00 00 00 00 00 00 00 00 00 00 00
   517.03ns INFO     cocotb.cluster_wrapper.s01_axi     Write burst start awid: 0xb0 awaddr: 0x000000a0 awlen: 7 awsize: 2 awprot: 2
   517.15ns INFO     cocotb.cluster_wrapper.s01_axi     Write burst complete bid: 0xb0 bresp: 0
   517.15ns INFO     cocotb.cluster_wrapper.s01_axi     Write complete addr: 0x000000a0 prot: 2 resp: 0 length: 32
   517.15ns INFO     cocotb.cluster_wrapper.s01_axi     Write start addr: 0x000000c0 awid: 0xb1 prot: 2 data: 80 7f 80 00 00 00 00 00 00 00 00 00 00 00 00 00 00 00 00 00 00 00 00 00 00 00 00 00 00 00 00 00
   517.15ns INFO     cocotb.cluster_wrapper.s01_axi     Write burst start awid: 0xb1 awaddr: 0x000000c0 awlen: 7 awsize: 2 awprot: 2
   517.27ns INFO     cocotb.cluster_wrapper.s01_axi     Write burst complete bid: 0xb1 bresp: 0
   517.27ns INFO     cocotb.cluster_wrapper.s01_axi     Write complete addr: 0x000000c0 prot: 2 resp: 0 length: 32
   517.27ns INFO     cocotb.cluster_wrapper.s01_axi     Write start addr: 0x000000e0 awid: 0xb2 prot: 2 data: 7f 7f 80 00 00 00 00 00 00 00 00 00 00 00 00 00 00 00 00 00 00 00 00 00 00 00 00 00 00 00 00 00
   517.27ns INFO     cocotb.cluster_wrapper.s01_axi     Write burst start awid: 0xb2 awaddr: 0x000000e0 awlen: 7 awsize: 2 awprot: 2
   517.39ns INFO     cocotb.cluster_wrapper.s01_axi     Write burst complete bid: 0xb2 bresp: 0
   517.39ns INFO     cocotb.cluster_wrapper.s01_axi     Write complete addr: 0x000000e0 prot: 2 resp: 0 length: 32
   517.39ns INFO     cocotb.cluster_wrapper.s01_axi     Write start addr: 0x00000100 awid: 0xb3 prot: 2 data: 7f 7f 80 00 00 00 00 00 00 00 00 00 00 00 00 00 00 00 00 00 00 00 00 00 00 00 00 00 00 00 00 00
   517.39ns INFO     cocotb.cluster_wrapper.s01_axi     Write burst start awid: 0xb3 awaddr: 0x00000100 awlen: 7 awsize: 2 awprot: 2
   517.51ns INFO     cocotb.cluster_wrapper.s01_axi     Write burst complete bid: 0xb3 bresp: 0
   517.51ns INFO     cocotb.cluster_wrapper.s01_axi     Write complete addr: 0x00000100 prot: 2 resp: 0 length: 32
   517.51ns INFO     cocotb.cluster_wrapper.s00_axi     Read start addr: 0x00000004 arid: 0x13 prot: 2
   517.51ns INFO     cocotb.cluster_wrapper.s00_axi     Read burst start arid: 0x13 araddr: 0x00000004 arlen: 0 arsize: 2 arprot: 2
   517.55ns INFO     cocotb.cluster_wrapper.s00_axi     Read burst complete rid: 0x13 rresp: 0
   517.55ns INFO     cocotb.cluster_wrapper.s00_axi     Read complete addr: 0x00000004 prot: 2 resp: 0 data: 07 00 01 00
   527.55ns INFO     cocotb.cluster_wrapper.s00_axi     Write start addr: 0x00000000 awid: 0x3b prot: 2 data: 00 00 00 00
   527.55ns INFO     cocotb.cluster_wrapper.s00_axi     Write burst start awid: 0x3b awaddr: 0x00000000 awlen: 0 awsize: 2 awprot: 2
   527.59ns INFO     cocotb.cluster_wrapper.s00_axi     Write burst complete bid: 0x3b bresp: 0
   527.59ns INFO     cocotb.cluster_wrapper.s00_axi     Write complete addr: 0x00000000 prot: 2 resp: 0 length: 4
   527.59ns INFO     cocotb.cluster_wrapper.s00_axi     Write start addr: 0x00000000 awid: 0x3c prot: 2 data: 01 80 02 00
   527.59ns INFO     cocotb.cluster_wrapper.s00_axi     Write burst start awid: 0x3c awaddr: 0x00000000 awlen: 0 awsize: 2 awprot: 2
   527.64ns INFO     cocotb.cluster_wrapper.s00_axi     Write burst complete bid: 0x3c bresp: 0
   527.64ns INFO     cocotb.cluster_wrapper.s00_axi     Write complete addr: 0x00000000 prot: 2 resp: 0 length: 4
   527.64ns INFO     cocotb.cluster_wrapper.s00_axi     Write start addr: 0x00000004 awid: 0x3d prot: 2 data: 07 00 00 00
   527.64ns INFO     cocotb.cluster_wrapper.s00_axi     Write burst start awid: 0x3d awaddr: 0x00000004 awlen: 0 awsize: 2 awprot: 2
   527.69ns INFO     cocotb.cluster_wrapper.s00_axi     Write burst complete bid: 0x3d bresp: 0
   527.69ns INFO     cocotb.cluster_wrapper.s00_axi     Write complete addr: 0x00000004 prot: 2 resp: 0 length: 4
   527.69ns INFO     cocotb.cluster_wrapper.s01_axi     Write start addr: 0x00000000 awid: 0xb4 prot: 2 data: 80 80 80 00 00 00 00 00 00 00 00 00 00 00 00 00 00 00 00 00 00 00 00 00 00 00 00 00 00 00 00 00
   527.69ns INFO     cocotb.cluster_wrapper.s01_axi     Write burst start awid: 0xb4 awaddr: 0x00000000 awlen: 7 awsize: 2 awprot: 2
   527.81ns INFO     cocotb.cluster_wrapper.s01_axi     Write burst complete bid: 0xb4 bresp: 0
   527.81ns INFO     cocotb.cluster_wrapper.s01_axi     Write complete addr: 0x00000000 prot: 2 resp: 0 length: 32
   527.81ns INFO     cocotb.cluster_wrapper.s01_axi     Write start addr: 0x00000020 awid: 0xb5 prot: 2 data: 7f 80 7f 00 00 00 00 00 00 00 00 00 00 00 00 00 00 00 00 00 00 00 00 00 00 00 00 00 00 00 00 00
   527.81ns INFO     cocotb.cluster_wrapper.s01_axi     Write burst start awid: 0xb5 awaddr: 0x00000020 awlen: 7 awsize: 2 awprot: 2
   527.93ns INFO     cocotb.cluster_wrapper.s01_axi     Write burst complete bid: 0xb5 bresp: 0
   527.93ns INFO     cocotb.cluster_wrapper.s01_axi     Write complete addr: 0x00000020 prot: 2 resp: 0 length: 32
   527.93ns INFO     cocotb.cluster_wrapper.s01_axi     Write start addr: 0x00000040 awid: 0xb6 prot: 2 data: 80 80 80 00 00 00 00 00 00 00 00 00 00 00 00 00 00 00 00 00 00 00 00 00 00 00 00 00 00 00 00 00
   527.93ns INFO     cocotb.cluster_wrapper.s01_axi     Write burst start awid: 0xb6 awaddr: 0x00000040 awlen: 7 awsize: 2 awprot: 2
   528.05ns INFO     cocotb.cluster_wrapper.s01_axi     Write burst complete bid: 0xb6 bresp: 0
   528.05ns INFO     cocotb.cluster_wrapper.s01_axi     Write complete addr: 0x00000040 prot: 2 resp: 0 length: 32
   528.05ns INFO     cocotb.cluster_wrapper.s01_axi     Write start addr: 0x00000060 awid: 0xb7 prot: 2 data: 7f 80 7f 00 00 00 00 00 00 00 00 00 00 00 00 00 00 00 00 00 00 00 00 00 00 00 00 00 00 00 00 00
   528.05ns INFO     cocotb.cluster_wrapper.s01_axi     Write burst start awid: 0xb7 awaddr: 0x00000060 awlen: 7 awsize: 2 awprot: 2
   528.17ns INFO     cocotb.cluster_wrapper.s01_axi     Write burst complete bid: 0xb7 bresp: 0
   528.17ns INFO     cocotb.cluster_wrapper.s01_axi     Write complete addr: 0x00000060 prot: 2 resp: 0 length: 32
   528.17ns INFO     cocotb.cluster_wrapper.s01_axi     Write start addr: 0x00000080 awid: 0xb8 prot: 2 data: 7f 80 7f 00 00 00 00 00 00 00 00 00 00 00 00 00 00 00 00 00 00 00 00 00 00 00 00 00 00 00 00 00
   528.17ns INFO     cocotb.cluster_wrapper.s01_axi     Write burst start awid: 0xb8 awaddr: 0x00000080 awlen: 7 awsize: 2 awprot: 2
   528.29ns INFO     cocotb.cluster_wrapper.s01_axi     Write burst complete bid: 0xb8 bresp: 0
   528.29ns INFO     cocotb.cluster_wrapper.s01_axi     Write complete addr: 0x00000080 prot: 2 resp: 0 length: 32
   528.29ns INFO     cocotb.cluster_wrapper.s01_axi     Write start addr: 0x000000a0 awid: 0xb9 prot: 2 data: 7f 80 80 00 00 00 00 00 00 00 00 00 00 00 00 00 00 00 00 00 00 00 00 00 00 00 00 00 00 00 00 00
   528.29ns INFO     cocotb.cluster_wrapper.s01_axi     Write burst start awid: 0xb9 awaddr: 0x000000a0 awlen: 7 awsize: 2 awprot: 2
   528.41ns INFO     cocotb.cluster_wrapper.s01_axi     Write burst complete bid: 0xb9 bresp: 0
   528.41ns INFO     cocotb.cluster_wrapper.s01_axi     Write complete addr: 0x000000a0 prot: 2 resp: 0 length: 32
   528.41ns INFO     cocotb.cluster_wrapper.s01_axi     Write start addr: 0x000000c0 awid: 0xba prot: 2 data: 80 7f 7f 00 00 00 00 00 00 00 00 00 00 00 00 00 00 00 00 00 00 00 00 00 00 00 00 00 00 00 00 00
   528.41ns INFO     cocotb.cluster_wrapper.s01_axi     Write burst start awid: 0xba awaddr: 0x000000c0 awlen: 7 awsize: 2 awprot: 2
   528.53ns INFO     cocotb.cluster_wrapper.s01_axi     Write burst complete bid: 0xba bresp: 0
   528.53ns INFO     cocotb.cluster_wrapper.s01_axi     Write complete addr: 0x000000c0 prot: 2 resp: 0 length: 32
   528.53ns INFO     cocotb.cluster_wrapper.s01_axi     Write start addr: 0x000000e0 awid: 0xbb prot: 2 data: 80 80 7f 00 00 00 00 00 00 00 00 00 00 00 00 00 00 00 00 00 00 00 00 00 00 00 00 00 00 00 00 00
   528.53ns INFO     cocotb.cluster_wrapper.s01_axi     Write burst start awid: 0xbb awaddr: 0x000000e0 awlen: 7 awsize: 2 awprot: 2
   528.65ns INFO     cocotb.cluster_wrapper.s01_axi     Write burst complete bid: 0xbb bresp: 0
   528.65ns INFO     cocotb.cluster_wrapper.s01_axi     Write complete addr: 0x000000e0 prot: 2 resp: 0 length: 32
   528.65ns INFO     cocotb.cluster_wrapper.s01_axi     Write start addr: 0x00000100 awid: 0xbc prot: 2 data: 7f 7f 80 00 00 00 00 00 00 00 00 00 00 00 00 00 00 00 00 00 00 00 00 00 00 00 00 00 00 00 00 00
   528.65ns INFO     cocotb.cluster_wrapper.s01_axi     Write burst start awid: 0xbc awaddr: 0x00000100 awlen: 7 awsize: 2 awprot: 2
   528.77ns INFO     cocotb.cluster_wrapper.s01_axi     Write burst complete bid: 0xbc bresp: 0
   528.77ns INFO     cocotb.cluster_wrapper.s01_axi     Write complete addr: 0x00000100 prot: 2 resp: 0 length: 32
   528.77ns INFO     cocotb.cluster_wrapper.s00_axi     Read start addr: 0x00000004 arid: 0x14 prot: 2
   528.77ns INFO     cocotb.cluster_wrapper.s00_axi     Read burst start arid: 0x14 araddr: 0x00000004 arlen: 0 arsize: 2 arprot: 2
   528.81ns INFO     cocotb.cluster_wrapper.s00_axi     Read burst complete rid: 0x14 rresp: 0
   528.81ns INFO     cocotb.cluster_wrapper.s00_axi     Read complete addr: 0x00000004 prot: 2 resp: 0 data: 07 00 01 00
   538.81ns INFO     cocotb.cluster_wrapper.s00_axi     Write start addr: 0x00000000 awid: 0x3e prot: 2 data: 00 00 00 00
   538.81ns INFO     cocotb.cluster_wrapper.s00_axi     Write burst start awid: 0x3e awaddr: 0x00000000 awlen: 0 awsize: 2 awprot: 2
   538.85ns INFO     cocotb.cluster_wrapper.s00_axi     Write burst complete bid: 0x3e bresp: 0
   538.85ns INFO     cocotb.cluster_wrapper.s00_axi     Write complete addr: 0x00000000 prot: 2 resp: 0 length: 4
   538.85ns INFO     cocotb.cluster_wrapper.s00_axi     Write start addr: 0x00000000 awid: 0x3f prot: 2 data: 01 80 02 00
   538.85ns INFO     cocotb.cluster_wrapper.s00_axi     Write burst start awid: 0x3f awaddr: 0x00000000 awlen: 0 awsize: 2 awprot: 2
   538.90ns INFO     cocotb.cluster_wrapper.s00_axi     Write burst complete bid: 0x3f bresp: 0
   538.90ns INFO     cocotb.cluster_wrapper.s00_axi     Write complete addr: 0x00000000 prot: 2 resp: 0 length: 4
   538.90ns INFO     cocotb.cluster_wrapper.s00_axi     Write start addr: 0x00000004 awid: 0x40 prot: 2 data: 07 00 00 00
   538.90ns INFO     cocotb.cluster_wrapper.s00_axi     Write burst start awid: 0x40 awaddr: 0x00000004 awlen: 0 awsize: 2 awprot: 2
   538.95ns INFO     cocotb.cluster_wrapper.s00_axi     Write burst complete bid: 0x40 bresp: 0
   538.95ns INFO     cocotb.cluster_wrapper.s00_axi     Write complete addr: 0x00000004 prot: 2 resp: 0 length: 4
   538.95ns INFO     cocotb.cluster_wrapper.s01_axi     Write start addr: 0x00000000 awid: 0xbd prot: 2 data: ff ff 00 00 00 00 00 00 00 00 00 00 00 00 00 00 00 00 00 00 00 00 00 00 00 00 00 00 00 00 00 00
   538.95ns INFO     cocotb.cluster_wrapper.s01_axi     Write burst start awid: 0xbd awaddr: 0x00000000 awlen: 7 awsize: 2 awprot: 2
   539.07ns INFO     cocotb.cluster_wrapper.s01_axi     Write burst complete bid: 0xbd bresp: 0
   539.07ns INFO     cocotb.cluster_wrapper.s01_axi     Write complete addr: 0x00000000 prot: 2 resp: 0 length: 32
   539.07ns INFO     cocotb.cluster_wrapper.s01_axi     Write start addr: 0x00000020 awid: 0xbe prot: 2 data: 80 7f 7f 00 00 00 00 00 00 00 00 00 00 00 00 00 00 00 00 00 00 00 00 00 00 00 00 00 00 00 00 00
   539.07ns INFO     cocotb.cluster_wrapper.s01_axi     Write burst start awid: 0xbe awaddr: 0x00000020 awlen: 7 awsize: 2 awprot: 2
   539.19ns INFO     cocotb.cluster_wrapper.s01_axi     Write burst complete bid: 0xbe bresp: 0
   539.19ns INFO     cocotb.cluster_wrapper.s01_axi     Write complete addr: 0x00000020 prot: 2 resp: 0 length: 32
   539.19ns INFO     cocotb.cluster_wrapper.s01_axi     Write start addr: 0x00000040 awid: 0xbf prot: 2 data: 80 7f 7f 00 00 00 00 00 00 00 00 00 00 00 00 00 00 00 00 00 00 00 00 00 00 00 00 00 00 00 00 00
   539.19ns INFO     cocotb.cluster_wrapper.s01_axi     Write burst start awid: 0xbf awaddr: 0x00000040 awlen: 7 awsize: 2 awprot: 2
   539.31ns INFO     cocotb.cluster_wrapper.s01_axi     Write burst complete bid: 0xbf bresp: 0
   539.31ns INFO     cocotb.cluster_wrapper.s01_axi     Write complete addr: 0x00000040 prot: 2 resp: 0 length: 32
   539.31ns INFO     cocotb.cluster_wrapper.s01_axi     Write start addr: 0x00000060 awid: 0xc0 prot: 2 data: 80 7f 7f 00 00 00 00 00 00 00 00 00 00 00 00 00 00 00 00 00 00 00 00 00 00 00 00 00 00 00 00 00
   539.31ns INFO     cocotb.cluster_wrapper.s01_axi     Write burst start awid: 0xc0 awaddr: 0x00000060 awlen: 7 awsize: 2 awprot: 2
   539.43ns INFO     cocotb.cluster_wrapper.s01_axi     Write burst complete bid: 0xc0 bresp: 0
   539.43ns INFO     cocotb.cluster_wrapper.s01_axi     Write complete addr: 0x00000060 prot: 2 resp: 0 length: 32
   539.43ns INFO     cocotb.cluster_wrapper.s01_axi     Write start addr: 0x00000080 awid: 0xc1 prot: 2 data: 7f 7f 80 00 00 00 00 00 00 00 00 00 00 00 00 00 00 00 00 00 00 00 00 00 00 00 00 00 00 00 00 00
   539.43ns INFO     cocotb.cluster_wrapper.s01_axi     Write burst start awid: 0xc1 awaddr: 0x00000080 awlen: 7 awsize: 2 awprot: 2
   539.55ns INFO     cocotb.cluster_wrapper.s01_axi     Write burst complete bid: 0xc1 bresp: 0
   539.55ns INFO     cocotb.cluster_wrapper.s01_axi     Write complete addr: 0x00000080 prot: 2 resp: 0 length: 32
   539.55ns INFO     cocotb.cluster_wrapper.s01_axi     Write start addr: 0x000000a0 awid: 0xc2 prot: 2 data: 80 7f 7f 00 00 00 00 00 00 00 00 00 00 00 00 00 00 00 00 00 00 00 00 00 00 00 00 00 00 00 00 00
   539.55ns INFO     cocotb.cluster_wrapper.s01_axi     Write burst start awid: 0xc2 awaddr: 0x000000a0 awlen: 7 awsize: 2 awprot: 2
   539.67ns INFO     cocotb.cluster_wrapper.s01_axi     Write burst complete bid: 0xc2 bresp: 0
   539.67ns INFO     cocotb.cluster_wrapper.s01_axi     Write complete addr: 0x000000a0 prot: 2 resp: 0 length: 32
   539.67ns INFO     cocotb.cluster_wrapper.s01_axi     Write start addr: 0x000000c0 awid: 0xc3 prot: 2 data: 80 80 7f 00 00 00 00 00 00 00 00 00 00 00 00 00 00 00 00 00 00 00 00 00 00 00 00 00 00 00 00 00
   539.67ns INFO     cocotb.cluster_wrapper.s01_axi     Write burst start awid: 0xc3 awaddr: 0x000000c0 awlen: 7 awsize: 2 awprot: 2
   539.79ns INFO     cocotb.cluster_wrapper.s01_axi     Write burst complete bid: 0xc3 bresp: 0
   539.79ns INFO     cocotb.cluster_wrapper.s01_axi     Write complete addr: 0x000000c0 prot: 2 resp: 0 length: 32
   539.79ns INFO     cocotb.cluster_wrapper.s01_axi     Write start addr: 0x000000e0 awid: 0xc4 prot: 2 data: 7f 7f 80 00 00 00 00 00 00 00 00 00 00 00 00 00 00 00 00 00 00 00 00 00 00 00 00 00 00 00 00 00
   539.79ns INFO     cocotb.cluster_wrapper.s01_axi     Write burst start awid: 0xc4 awaddr: 0x000000e0 awlen: 7 awsize: 2 awprot: 2
   539.91ns INFO     cocotb.cluster_wrapper.s01_axi     Write burst complete bid: 0xc4 bresp: 0
   539.91ns INFO     cocotb.cluster_wrapper.s01_axi     Write complete addr: 0x000000e0 prot: 2 resp: 0 length: 32
   539.91ns INFO     cocotb.cluster_wrapper.s01_axi     Write start addr: 0x00000100 awid: 0xc5 prot: 2 data: 80 7f 80 00 00 00 00 00 00 00 00 00 00 00 00 00 00 00 00 00 00 00 00 00 00 00 00 00 00 00 00 00
   539.91ns INFO     cocotb.cluster_wrapper.s01_axi     Write burst start awid: 0xc5 awaddr: 0x00000100 awlen: 7 awsize: 2 awprot: 2
   540.03ns INFO     cocotb.cluster_wrapper.s01_axi     Write burst complete bid: 0xc5 bresp: 0
   540.03ns INFO     cocotb.cluster_wrapper.s01_axi     Write complete addr: 0x00000100 prot: 2 resp: 0 length: 32
   540.03ns INFO     cocotb.cluster_wrapper.s00_axi     Read start addr: 0x00000004 arid: 0x15 prot: 2
   540.03ns INFO     cocotb.cluster_wrapper.s00_axi     Read burst start arid: 0x15 araddr: 0x00000004 arlen: 0 arsize: 2 arprot: 2
   540.07ns INFO     cocotb.cluster_wrapper.s00_axi     Read burst complete rid: 0x15 rresp: 0
   540.07ns INFO     cocotb.cluster_wrapper.s00_axi     Read complete addr: 0x00000004 prot: 2 resp: 0 data: 07 00 01 00
   550.07ns INFO     cocotb.cluster_wrapper.s00_axi     Write start addr: 0x00000000 awid: 0x41 prot: 2 data: 00 00 00 00
   550.07ns INFO     cocotb.cluster_wrapper.s00_axi     Write burst start awid: 0x41 awaddr: 0x00000000 awlen: 0 awsize: 2 awprot: 2
   550.11ns INFO     cocotb.cluster_wrapper.s00_axi     Write burst complete bid: 0x41 bresp: 0
   550.11ns INFO     cocotb.cluster_wrapper.s00_axi     Write complete addr: 0x00000000 prot: 2 resp: 0 length: 4
   550.11ns INFO     cocotb.cluster_wrapper.s00_axi     Write start addr: 0x00000000 awid: 0x42 prot: 2 data: 01 80 02 00
   550.11ns INFO     cocotb.cluster_wrapper.s00_axi     Write burst start awid: 0x42 awaddr: 0x00000000 awlen: 0 awsize: 2 awprot: 2
   550.16ns INFO     cocotb.cluster_wrapper.s00_axi     Write burst complete bid: 0x42 bresp: 0
   550.16ns INFO     cocotb.cluster_wrapper.s00_axi     Write complete addr: 0x00000000 prot: 2 resp: 0 length: 4
   550.16ns INFO     cocotb.cluster_wrapper.s00_axi     Write start addr: 0x00000004 awid: 0x43 prot: 2 data: 07 00 00 00
   550.16ns INFO     cocotb.cluster_wrapper.s00_axi     Write burst start awid: 0x43 awaddr: 0x00000004 awlen: 0 awsize: 2 awprot: 2
   550.21ns INFO     cocotb.cluster_wrapper.s00_axi     Write burst complete bid: 0x43 bresp: 0
   550.21ns INFO     cocotb.cluster_wrapper.s00_axi     Write complete addr: 0x00000004 prot: 2 resp: 0 length: 4
   550.21ns INFO     cocotb.cluster_wrapper.s01_axi     Write start addr: 0x00000000 awid: 0xc6 prot: 2 data: 00 00 ff 00 00 00 00 00 00 00 00 00 00 00 00 00 00 00 00 00 00 00 00 00 00 00 00 00 00 00 00 00
   550.21ns INFO     cocotb.cluster_wrapper.s01_axi     Write burst start awid: 0xc6 awaddr: 0x00000000 awlen: 7 awsize: 2 awprot: 2
   550.33ns INFO     cocotb.cluster_wrapper.s01_axi     Write burst complete bid: 0xc6 bresp: 0
   550.33ns INFO     cocotb.cluster_wrapper.s01_axi     Write complete addr: 0x00000000 prot: 2 resp: 0 length: 32
   550.33ns INFO     cocotb.cluster_wrapper.s01_axi     Write start addr: 0x00000020 awid: 0xc7 prot: 2 data: 80 7f 7f 00 00 00 00 00 00 00 00 00 00 00 00 00 00 00 00 00 00 00 00 00 00 00 00 00 00 00 00 00
   550.33ns INFO     cocotb.cluster_wrapper.s01_axi     Write burst start awid: 0xc7 awaddr: 0x00000020 awlen: 7 awsize: 2 awprot: 2
   550.45ns INFO     cocotb.cluster_wrapper.s01_axi     Write burst complete bid: 0xc7 bresp: 0
   550.45ns INFO     cocotb.cluster_wrapper.s01_axi     Write complete addr: 0x00000020 prot: 2 resp: 0 length: 32
   550.45ns INFO     cocotb.cluster_wrapper.s01_axi     Write start addr: 0x00000040 awid: 0xc8 prot: 2 data: 80 80 7f 00 00 00 00 00 00 00 00 00 00 00 00 00 00 00 00 00 00 00 00 00 00 00 00 00 00 00 00 00
   550.45ns INFO     cocotb.cluster_wrapper.s01_axi     Write burst start awid: 0xc8 awaddr: 0x00000040 awlen: 7 awsize: 2 awprot: 2
   550.57ns INFO     cocotb.cluster_wrapper.s01_axi     Write burst complete bid: 0xc8 bresp: 0
   550.57ns INFO     cocotb.cluster_wrapper.s01_axi     Write complete addr: 0x00000040 prot: 2 resp: 0 length: 32
   550.57ns INFO     cocotb.cluster_wrapper.s01_axi     Write start addr: 0x00000060 awid: 0xc9 prot: 2 data: 80 7f 80 00 00 00 00 00 00 00 00 00 00 00 00 00 00 00 00 00 00 00 00 00 00 00 00 00 00 00 00 00
   550.57ns INFO     cocotb.cluster_wrapper.s01_axi     Write burst start awid: 0xc9 awaddr: 0x00000060 awlen: 7 awsize: 2 awprot: 2
   550.69ns INFO     cocotb.cluster_wrapper.s01_axi     Write burst complete bid: 0xc9 bresp: 0
   550.69ns INFO     cocotb.cluster_wrapper.s01_axi     Write complete addr: 0x00000060 prot: 2 resp: 0 length: 32
   550.69ns INFO     cocotb.cluster_wrapper.s01_axi     Write start addr: 0x00000080 awid: 0xca prot: 2 data: 7f 7f 7f 00 00 00 00 00 00 00 00 00 00 00 00 00 00 00 00 00 00 00 00 00 00 00 00 00 00 00 00 00
   550.69ns INFO     cocotb.cluster_wrapper.s01_axi     Write burst start awid: 0xca awaddr: 0x00000080 awlen: 7 awsize: 2 awprot: 2
   550.81ns INFO     cocotb.cluster_wrapper.s01_axi     Write burst complete bid: 0xca bresp: 0
   550.81ns INFO     cocotb.cluster_wrapper.s01_axi     Write complete addr: 0x00000080 prot: 2 resp: 0 length: 32
   550.81ns INFO     cocotb.cluster_wrapper.s01_axi     Write start addr: 0x000000a0 awid: 0xcb prot: 2 data: 7f 7f 80 00 00 00 00 00 00 00 00 00 00 00 00 00 00 00 00 00 00 00 00 00 00 00 00 00 00 00 00 00
   550.81ns INFO     cocotb.cluster_wrapper.s01_axi     Write burst start awid: 0xcb awaddr: 0x000000a0 awlen: 7 awsize: 2 awprot: 2
   550.93ns INFO     cocotb.cluster_wrapper.s01_axi     Write burst complete bid: 0xcb bresp: 0
   550.93ns INFO     cocotb.cluster_wrapper.s01_axi     Write complete addr: 0x000000a0 prot: 2 resp: 0 length: 32
   550.93ns INFO     cocotb.cluster_wrapper.s01_axi     Write start addr: 0x000000c0 awid: 0xcc prot: 2 data: 7f 7f 7f 00 00 00 00 00 00 00 00 00 00 00 00 00 00 00 00 00 00 00 00 00 00 00 00 00 00 00 00 00
   550.93ns INFO     cocotb.cluster_wrapper.s01_axi     Write burst start awid: 0xcc awaddr: 0x000000c0 awlen: 7 awsize: 2 awprot: 2
   551.05ns INFO     cocotb.cluster_wrapper.s01_axi     Write burst complete bid: 0xcc bresp: 0
   551.05ns INFO     cocotb.cluster_wrapper.s01_axi     Write complete addr: 0x000000c0 prot: 2 resp: 0 length: 32
   551.05ns INFO     cocotb.cluster_wrapper.s01_axi     Write start addr: 0x000000e0 awid: 0xcd prot: 2 data: 80 80 80 00 00 00 00 00 00 00 00 00 00 00 00 00 00 00 00 00 00 00 00 00 00 00 00 00 00 00 00 00
   551.05ns INFO     cocotb.cluster_wrapper.s01_axi     Write burst start awid: 0xcd awaddr: 0x000000e0 awlen: 7 awsize: 2 awprot: 2
   551.17ns INFO     cocotb.cluster_wrapper.s01_axi     Write burst complete bid: 0xcd bresp: 0
   551.17ns INFO     cocotb.cluster_wrapper.s01_axi     Write complete addr: 0x000000e0 prot: 2 resp: 0 length: 32
   551.17ns INFO     cocotb.cluster_wrapper.s01_axi     Write start addr: 0x00000100 awid: 0xce prot: 2 data: 80 7f 80 00 00 00 00 00 00 00 00 00 00 00 00 00 00 00 00 00 00 00 00 00 00 00 00 00 00 00 00 00
   551.17ns INFO     cocotb.cluster_wrapper.s01_axi     Write burst start awid: 0xce awaddr: 0x00000100 awlen: 7 awsize: 2 awprot: 2
   551.29ns INFO     cocotb.cluster_wrapper.s01_axi     Write burst complete bid: 0xce bresp: 0
   551.29ns INFO     cocotb.cluster_wrapper.s01_axi     Write complete addr: 0x00000100 prot: 2 resp: 0 length: 32
   551.29ns INFO     cocotb.cluster_wrapper.s00_axi     Read start addr: 0x00000004 arid: 0x16 prot: 2
   551.29ns INFO     cocotb.cluster_wrapper.s00_axi     Read burst start arid: 0x16 araddr: 0x00000004 arlen: 0 arsize: 2 arprot: 2
   551.33ns INFO     cocotb.cluster_wrapper.s00_axi     Read burst complete rid: 0x16 rresp: 0
   551.33ns INFO     cocotb.cluster_wrapper.s00_axi     Read complete addr: 0x00000004 prot: 2 resp: 0 data: 07 00 01 00
   561.33ns INFO     cocotb.cluster_wrapper.s00_axi     Write start addr: 0x00000000 awid: 0x44 prot: 2 data: 00 00 00 00
   561.33ns INFO     cocotb.cluster_wrapper.s00_axi     Write burst start awid: 0x44 awaddr: 0x00000000 awlen: 0 awsize: 2 awprot: 2
   561.37ns INFO     cocotb.cluster_wrapper.s00_axi     Write burst complete bid: 0x44 bresp: 0
   561.37ns INFO     cocotb.cluster_wrapper.s00_axi     Write complete addr: 0x00000000 prot: 2 resp: 0 length: 4
   561.37ns INFO     cocotb.cluster_wrapper.s00_axi     Write start addr: 0x00000000 awid: 0x45 prot: 2 data: 01 80 02 00
   561.37ns INFO     cocotb.cluster_wrapper.s00_axi     Write burst start awid: 0x45 awaddr: 0x00000000 awlen: 0 awsize: 2 awprot: 2
   561.42ns INFO     cocotb.cluster_wrapper.s00_axi     Write burst complete bid: 0x45 bresp: 0
   561.42ns INFO     cocotb.cluster_wrapper.s00_axi     Write complete addr: 0x00000000 prot: 2 resp: 0 length: 4
   561.42ns INFO     cocotb.cluster_wrapper.s00_axi     Write start addr: 0x00000004 awid: 0x46 prot: 2 data: 07 00 00 00
   561.42ns INFO     cocotb.cluster_wrapper.s00_axi     Write burst start awid: 0x46 awaddr: 0x00000004 awlen: 0 awsize: 2 awprot: 2
   561.47ns INFO     cocotb.cluster_wrapper.s00_axi     Write burst complete bid: 0x46 bresp: 0
   561.47ns INFO     cocotb.cluster_wrapper.s00_axi     Write complete addr: 0x00000004 prot: 2 resp: 0 length: 4
   561.47ns INFO     cocotb.cluster_wrapper.s01_axi     Write start addr: 0x00000000 awid: 0xcf prot: 2 data: ff ff 00 00 00 00 00 00 00 00 00 00 00 00 00 00 00 00 00 00 00 00 00 00 00 00 00 00 00 00 00 00
   561.47ns INFO     cocotb.cluster_wrapper.s01_axi     Write burst start awid: 0xcf awaddr: 0x00000000 awlen: 7 awsize: 2 awprot: 2
   561.59ns INFO     cocotb.cluster_wrapper.s01_axi     Write burst complete bid: 0xcf bresp: 0
   561.59ns INFO     cocotb.cluster_wrapper.s01_axi     Write complete addr: 0x00000000 prot: 2 resp: 0 length: 32
   561.59ns INFO     cocotb.cluster_wrapper.s01_axi     Write start addr: 0x00000020 awid: 0xd0 prot: 2 data: 80 7f 80 00 00 00 00 00 00 00 00 00 00 00 00 00 00 00 00 00 00 00 00 00 00 00 00 00 00 00 00 00
   561.59ns INFO     cocotb.cluster_wrapper.s01_axi     Write burst start awid: 0xd0 awaddr: 0x00000020 awlen: 7 awsize: 2 awprot: 2
   561.71ns INFO     cocotb.cluster_wrapper.s01_axi     Write burst complete bid: 0xd0 bresp: 0
   561.71ns INFO     cocotb.cluster_wrapper.s01_axi     Write complete addr: 0x00000020 prot: 2 resp: 0 length: 32
   561.71ns INFO     cocotb.cluster_wrapper.s01_axi     Write start addr: 0x00000040 awid: 0xd1 prot: 2 data: 7f 7f 80 00 00 00 00 00 00 00 00 00 00 00 00 00 00 00 00 00 00 00 00 00 00 00 00 00 00 00 00 00
   561.71ns INFO     cocotb.cluster_wrapper.s01_axi     Write burst start awid: 0xd1 awaddr: 0x00000040 awlen: 7 awsize: 2 awprot: 2
   561.83ns INFO     cocotb.cluster_wrapper.s01_axi     Write burst complete bid: 0xd1 bresp: 0
   561.83ns INFO     cocotb.cluster_wrapper.s01_axi     Write complete addr: 0x00000040 prot: 2 resp: 0 length: 32
   561.83ns INFO     cocotb.cluster_wrapper.s01_axi     Write start addr: 0x00000060 awid: 0xd2 prot: 2 data: 7f 7f 7f 00 00 00 00 00 00 00 00 00 00 00 00 00 00 00 00 00 00 00 00 00 00 00 00 00 00 00 00 00
   561.83ns INFO     cocotb.cluster_wrapper.s01_axi     Write burst start awid: 0xd2 awaddr: 0x00000060 awlen: 7 awsize: 2 awprot: 2
   561.95ns INFO     cocotb.cluster_wrapper.s01_axi     Write burst complete bid: 0xd2 bresp: 0
   561.95ns INFO     cocotb.cluster_wrapper.s01_axi     Write complete addr: 0x00000060 prot: 2 resp: 0 length: 32
   561.95ns INFO     cocotb.cluster_wrapper.s01_axi     Write start addr: 0x00000080 awid: 0xd3 prot: 2 data: 7f 80 80 00 00 00 00 00 00 00 00 00 00 00 00 00 00 00 00 00 00 00 00 00 00 00 00 00 00 00 00 00
   561.95ns INFO     cocotb.cluster_wrapper.s01_axi     Write burst start awid: 0xd3 awaddr: 0x00000080 awlen: 7 awsize: 2 awprot: 2
   562.07ns INFO     cocotb.cluster_wrapper.s01_axi     Write burst complete bid: 0xd3 bresp: 0
   562.07ns INFO     cocotb.cluster_wrapper.s01_axi     Write complete addr: 0x00000080 prot: 2 resp: 0 length: 32
   562.07ns INFO     cocotb.cluster_wrapper.s01_axi     Write start addr: 0x000000a0 awid: 0xd4 prot: 2 data: 80 80 80 00 00 00 00 00 00 00 00 00 00 00 00 00 00 00 00 00 00 00 00 00 00 00 00 00 00 00 00 00
   562.07ns INFO     cocotb.cluster_wrapper.s01_axi     Write burst start awid: 0xd4 awaddr: 0x000000a0 awlen: 7 awsize: 2 awprot: 2
   562.19ns INFO     cocotb.cluster_wrapper.s01_axi     Write burst complete bid: 0xd4 bresp: 0
   562.19ns INFO     cocotb.cluster_wrapper.s01_axi     Write complete addr: 0x000000a0 prot: 2 resp: 0 length: 32
   562.19ns INFO     cocotb.cluster_wrapper.s01_axi     Write start addr: 0x000000c0 awid: 0xd5 prot: 2 data: 80 7f 80 00 00 00 00 00 00 00 00 00 00 00 00 00 00 00 00 00 00 00 00 00 00 00 00 00 00 00 00 00
   562.19ns INFO     cocotb.cluster_wrapper.s01_axi     Write burst start awid: 0xd5 awaddr: 0x000000c0 awlen: 7 awsize: 2 awprot: 2
   562.31ns INFO     cocotb.cluster_wrapper.s01_axi     Write burst complete bid: 0xd5 bresp: 0
   562.31ns INFO     cocotb.cluster_wrapper.s01_axi     Write complete addr: 0x000000c0 prot: 2 resp: 0 length: 32
   562.31ns INFO     cocotb.cluster_wrapper.s01_axi     Write start addr: 0x000000e0 awid: 0xd6 prot: 2 data: 80 7f 80 00 00 00 00 00 00 00 00 00 00 00 00 00 00 00 00 00 00 00 00 00 00 00 00 00 00 00 00 00
   562.31ns INFO     cocotb.cluster_wrapper.s01_axi     Write burst start awid: 0xd6 awaddr: 0x000000e0 awlen: 7 awsize: 2 awprot: 2
   562.43ns INFO     cocotb.cluster_wrapper.s01_axi     Write burst complete bid: 0xd6 bresp: 0
   562.43ns INFO     cocotb.cluster_wrapper.s01_axi     Write complete addr: 0x000000e0 prot: 2 resp: 0 length: 32
   562.43ns INFO     cocotb.cluster_wrapper.s01_axi     Write start addr: 0x00000100 awid: 0xd7 prot: 2 data: 80 80 7f 00 00 00 00 00 00 00 00 00 00 00 00 00 00 00 00 00 00 00 00 00 00 00 00 00 00 00 00 00
   562.43ns INFO     cocotb.cluster_wrapper.s01_axi     Write burst start awid: 0xd7 awaddr: 0x00000100 awlen: 7 awsize: 2 awprot: 2
   562.55ns INFO     cocotb.cluster_wrapper.s01_axi     Write burst complete bid: 0xd7 bresp: 0
   562.55ns INFO     cocotb.cluster_wrapper.s01_axi     Write complete addr: 0x00000100 prot: 2 resp: 0 length: 32
   562.55ns INFO     cocotb.cluster_wrapper.s00_axi     Read start addr: 0x00000004 arid: 0x17 prot: 2
   562.55ns INFO     cocotb.cluster_wrapper.s00_axi     Read burst start arid: 0x17 araddr: 0x00000004 arlen: 0 arsize: 2 arprot: 2
   562.59ns INFO     cocotb.cluster_wrapper.s00_axi     Read burst complete rid: 0x17 rresp: 0
   562.59ns INFO     cocotb.cluster_wrapper.s00_axi     Read complete addr: 0x00000004 prot: 2 resp: 0 data: 07 00 01 00
   572.59ns INFO     cocotb.cluster_wrapper.s00_axi     Write start addr: 0x00000000 awid: 0x47 prot: 2 data: 00 00 00 00
   572.59ns INFO     cocotb.cluster_wrapper.s00_axi     Write burst start awid: 0x47 awaddr: 0x00000000 awlen: 0 awsize: 2 awprot: 2
   572.63ns INFO     cocotb.cluster_wrapper.s00_axi     Write burst complete bid: 0x47 bresp: 0
   572.63ns INFO     cocotb.cluster_wrapper.s00_axi     Write complete addr: 0x00000000 prot: 2 resp: 0 length: 4
   572.63ns INFO     cocotb.cluster_wrapper.s00_axi     Write start addr: 0x00000000 awid: 0x48 prot: 2 data: 01 80 02 00
   572.63ns INFO     cocotb.cluster_wrapper.s00_axi     Write burst start awid: 0x48 awaddr: 0x00000000 awlen: 0 awsize: 2 awprot: 2
   572.68ns INFO     cocotb.cluster_wrapper.s00_axi     Write burst complete bid: 0x48 bresp: 0
   572.68ns INFO     cocotb.cluster_wrapper.s00_axi     Write complete addr: 0x00000000 prot: 2 resp: 0 length: 4
   572.68ns INFO     cocotb.cluster_wrapper.s00_axi     Write start addr: 0x00000004 awid: 0x49 prot: 2 data: 07 00 00 00
   572.68ns INFO     cocotb.cluster_wrapper.s00_axi     Write burst start awid: 0x49 awaddr: 0x00000004 awlen: 0 awsize: 2 awprot: 2
   572.73ns INFO     cocotb.cluster_wrapper.s00_axi     Write burst complete bid: 0x49 bresp: 0
   572.73ns INFO     cocotb.cluster_wrapper.s00_axi     Write complete addr: 0x00000004 prot: 2 resp: 0 length: 4
   572.73ns INFO     cocotb.cluster_wrapper.s01_axi     Write start addr: 0x00000000 awid: 0xd8 prot: 2 data: ff ff 00 00 00 00 00 00 00 00 00 00 00 00 00 00 00 00 00 00 00 00 00 00 00 00 00 00 00 00 00 00
   572.73ns INFO     cocotb.cluster_wrapper.s01_axi     Write burst start awid: 0xd8 awaddr: 0x00000000 awlen: 7 awsize: 2 awprot: 2
   572.85ns INFO     cocotb.cluster_wrapper.s01_axi     Write burst complete bid: 0xd8 bresp: 0
   572.85ns INFO     cocotb.cluster_wrapper.s01_axi     Write complete addr: 0x00000000 prot: 2 resp: 0 length: 32
   572.85ns INFO     cocotb.cluster_wrapper.s01_axi     Write burst start awid: 0xd9 awaddr: 0x00000020 awlen: 7 awsize: 2 awprot: 2
 00 00 00 00 00 00 00 00 00 00 00 00 00 00 00 00 00 00 00 00 00 00 00 00
   572.97ns INFO     cocotb.cluster_wrapper.s01_axi     Write burst complete bid: 0xd9 bresp: 0
   572.97ns INFO     cocotb.cluster_wrapper.s01_axi     Write complete addr: 0x00000020 prot: 2 resp: 0 length: 32
   572.97ns INFO     cocotb.cluster_wrapper.s01_axi     Write start addr: 0x00000040 awid: 0xda prot: 2 data: 7f 7f 80 00 00 00 00 00 00 00 00 00 00 00 00 00 00 00 00 00 00 00 00 00 00 00 00 00 00 00 00 00
   572.97ns INFO     cocotb.cluster_wrapper.s01_axi     Write burst start awid: 0xda awaddr: 0x00000040 awlen: 7 awsize: 2 awprot: 2
   573.09ns INFO     cocotb.cluster_wrapper.s01_axi     Write burst complete bid: 0xda bresp: 0
   573.09ns INFO     cocotb.cluster_wrapper.s01_axi     Write complete addr: 0x00000040 prot: 2 resp: 0 length: 32
   573.09ns INFO     cocotb.cluster_wrapper.s01_axi     Write start addr: 0x00000060 awid: 0xdb prot: 2 data: 80 7f 7f 00 00 00 00 00 00 00 00 00 00 00 00 00 00 00 00 00 00 00 00 00 00 00 00 00 00 00 00 00
   573.09ns INFO     cocotb.cluster_wrapper.s01_axi     Write burst start awid: 0xdb awaddr: 0x00000060 awlen: 7 awsize: 2 awprot: 2
   573.21ns INFO     cocotb.cluster_wrapper.s01_axi     Write burst complete bid: 0xdb bresp: 0
   573.21ns INFO     cocotb.cluster_wrapper.s01_axi     Write complete addr: 0x00000060 prot: 2 resp: 0 length: 32
   573.21ns INFO     cocotb.cluster_wrapper.s01_axi     Write start addr: 0x00000080 awid: 0xdc prot: 2 data: 7f 80 7f 00 00 00 00 00 00 00 00 00 00 00 00 00 00 00 00 00 00 00 00 00 00 00 00 00 00 00 00 00
   573.21ns INFO     cocotb.cluster_wrapper.s01_axi     Write burst start awid: 0xdc awaddr: 0x00000080 awlen: 7 awsize: 2 awprot: 2
   573.33ns INFO     cocotb.cluster_wrapper.s01_axi     Write burst complete bid: 0xdc bresp: 0
   573.33ns INFO     cocotb.cluster_wrapper.s01_axi     Write complete addr: 0x00000080 prot: 2 resp: 0 length: 32
   573.33ns INFO     cocotb.cluster_wrapper.s01_axi     Write start addr: 0x000000a0 awid: 0xdd prot: 2 data: 7f 7f 7f 00 00 00 00 00 00 00 00 00 00 00 00 00 00 00 00 00 00 00 00 00 00 00 00 00 00 00 00 00
   573.33ns INFO     cocotb.cluster_wrapper.s01_axi     Write burst start awid: 0xdd awaddr: 0x000000a0 awlen: 7 awsize: 2 awprot: 2
   573.45ns INFO     cocotb.cluster_wrapper.s01_axi     Write burst complete bid: 0xdd bresp: 0
   573.45ns INFO     cocotb.cluster_wrapper.s01_axi     Write complete addr: 0x000000a0 prot: 2 resp: 0 length: 32
   573.45ns INFO     cocotb.cluster_wrapper.s01_axi     Write start addr: 0x000000c0 awid: 0xde prot: 2 data: 80 80 7f 00 00 00 00 00 00 00 00 00 00 00 00 00 00 00 00 00 00 00 00 00 00 00 00 00 00 00 00 00
   573.45ns INFO     cocotb.cluster_wrapper.s01_axi     Write burst start awid: 0xde awaddr: 0x000000c0 awlen: 7 awsize: 2 awprot: 2
   573.57ns INFO     cocotb.cluster_wrapper.s01_axi     Write burst complete bid: 0xde bresp: 0
   573.57ns INFO     cocotb.cluster_wrapper.s01_axi     Write complete addr: 0x000000c0 prot: 2 resp: 0 length: 32
   573.57ns INFO     cocotb.cluster_wrapper.s01_axi     Write start addr: 0x000000e0 awid: 0xdf prot: 2 data: 80 7f 80 00 00 00 00 00 00 00 00 00 00 00 00 00 00 00 00 00 00 00 00 00 00 00 00 00 00 00 00 00
   573.57ns INFO     cocotb.cluster_wrapper.s01_axi     Write burst start awid: 0xdf awaddr: 0x000000e0 awlen: 7 awsize: 2 awprot: 2
   573.69ns INFO     cocotb.cluster_wrapper.s01_axi     Write burst complete bid: 0xdf bresp: 0
   573.69ns INFO     cocotb.cluster_wrapper.s01_axi     Write complete addr: 0x000000e0 prot: 2 resp: 0 length: 32
   573.69ns INFO     cocotb.cluster_wrapper.s01_axi     Write start addr: 0x00000100 awid: 0xe0 prot: 2 data: 7f 80 7f 00 00 00 00 00 00 00 00 00 00 00 00 00 00 00 00 00 00 00 00 00 00 00 00 00 00 00 00 00
   573.69ns INFO     cocotb.cluster_wrapper.s01_axi     Write burst start awid: 0xe0 awaddr: 0x00000100 awlen: 7 awsize: 2 awprot: 2
   573.81ns INFO     cocotb.cluster_wrapper.s01_axi     Write burst complete bid: 0xe0 bresp: 0
   573.81ns INFO     cocotb.cluster_wrapper.s00_axi     Read start addr: 0x00000004 arid: 0x18 prot: 2
 length: 32
   573.81ns INFO     cocotb.cluster_wrapper.s00_axi     Read burst start arid: 0x18 araddr: 0x00000004 arlen: 0 arsize: 2 arprot: 2
   573.85ns INFO     cocotb.cluster_wrapper.s00_axi     Read burst complete rid: 0x18 rresp: 0
   573.85ns INFO     cocotb.cluster_wrapper.s00_axi     Read complete addr: 0x00000004 prot: 2 resp: 0 data: 07 00 01 00
   583.85ns INFO     cocotb.cluster_wrapper.s00_axi     Write start addr: 0x00000000 awid: 0x4a prot: 2 data: 00 00 00 00
   583.85ns INFO     cocotb.cluster_wrapper.s00_axi     Write burst start awid: 0x4a awaddr: 0x00000000 awlen: 0 awsize: 2 awprot: 2
   583.89ns INFO     cocotb.cluster_wrapper.s00_axi     Write burst complete bid: 0x4a bresp: 0
   583.89ns INFO     cocotb.cluster_wrapper.s00_axi     Write complete addr: 0x00000000 prot: 2 resp: 0 length: 4
   583.89ns INFO     cocotb.cluster_wrapper.s00_axi     Write start addr: 0x00000000 awid: 0x4b prot: 2 data: 01 80 02 00
   583.89ns INFO     cocotb.cluster_wrapper.s00_axi     Write burst start awid: 0x4b awaddr: 0x00000000 awlen: 0 awsize: 2 awprot: 2
   583.94ns INFO     cocotb.cluster_wrapper.s00_axi     Write burst complete bid: 0x4b bresp: 0
   583.94ns INFO     cocotb.cluster_wrapper.s00_axi     Write complete addr: 0x00000000 prot: 2 resp: 0 length: 4
   583.94ns INFO     cocotb.cluster_wrapper.s00_axi     Write start addr: 0x00000004 awid: 0x4c prot: 2 data: 07 00 00 00
   583.94ns INFO     cocotb.cluster_wrapper.s00_axi     Write burst start awid: 0x4c awaddr: 0x00000004 awlen: 0 awsize: 2 awprot: 2
   583.99ns INFO     cocotb.cluster_wrapper.s00_axi     Write burst complete bid: 0x4c bresp: 0
   583.99ns INFO     cocotb.cluster_wrapper.s00_axi     Write complete addr: 0x00000004 prot: 2 resp: 0 length: 4
   583.99ns INFO     cocotb.cluster_wrapper.s01_axi     Write start addr: 0x00000000 awid: 0xe1 prot: 2 data: ff ff 00 00 00 00 00 00 00 00 00 00 00 00 00 00 00 00 00 00 00 00 00 00 00 00 00 00 00 00 00 00
   583.99ns INFO     cocotb.cluster_wrapper.s01_axi     Write burst start awid: 0xe1 awaddr: 0x00000000 awlen: 7 awsize: 2 awprot: 2
   584.11ns INFO     cocotb.cluster_wrapper.s01_axi     Write burst complete bid: 0xe1 bresp: 0
   584.11ns INFO     cocotb.cluster_wrapper.s01_axi     Write complete addr: 0x00000000 prot: 2 resp: 0 length: 32
   584.11ns INFO     cocotb.cluster_wrapper.s01_axi     Write start addr: 0x00000020 awid: 0xe2 prot: 2 data: 80 7f 80 00 00 00 00 00 00 00 00 00 00 00 00 00 00 00 00 00 00 00 00 00 00 00 00 00 00 00 00 00
   584.11ns INFO     cocotb.cluster_wrapper.s01_axi     Write burst start awid: 0xe2 awaddr: 0x00000020 awlen: 7 awsize: 2 awprot: 2
   584.23ns INFO     cocotb.cluster_wrapper.s01_axi     Write burst complete bid: 0xe2 bresp: 0
   584.23ns INFO     cocotb.cluster_wrapper.s01_axi     Write complete addr: 0x00000020 prot: 2 resp: 0 length: 32
   584.23ns INFO     cocotb.cluster_wrapper.s01_axi     Write start addr: 0x00000040 awid: 0xe3 prot: 2 data: 80 80 7f 00 00 00 00 00 00 00 00 00 00 00 00 00 00 00 00 00 00 00 00 00 00 00 00 00 00 00 00 00
   584.23ns INFO     cocotb.cluster_wrapper.s01_axi     Write burst start awid: 0xe3 awaddr: 0x00000040 awlen: 7 awsize: 2 awprot: 2
   584.35ns INFO     cocotb.cluster_wrapper.s01_axi     Write burst complete bid: 0xe3 bresp: 0
   584.35ns INFO     cocotb.cluster_wrapper.s01_axi     Write complete addr: 0x00000040 prot: 2 resp: 0 length: 32
   584.35ns INFO     cocotb.cluster_wrapper.s01_axi     Write start addr: 0x00000060 awid: 0xe4 prot: 2 data: 80 7f 7f 00 00 00 00 00 00 00 00 00 00 00 00 00 00 00 00 00 00 00 00 00 00 00 00 00 00 00 00 00
   584.35ns INFO     cocotb.cluster_wrapper.s01_axi     Write burst start awid: 0xe4 awaddr: 0x00000060 awlen: 7 awsize: 2 awprot: 2
   584.47ns INFO     cocotb.cluster_wrapper.s01_axi     Write burst complete bid: 0xe4 bresp: 0
   584.47ns INFO     cocotb.cluster_wrapper.s01_axi     Write complete addr: 0x00000060 prot: 2 resp: 0 length: 32
   584.47ns INFO     cocotb.cluster_wrapper.s01_axi     Write start addr: 0x00000080 awid: 0xe5 prot: 2 data: 80 7f 80 00 00 00 00 00 00 00 00 00 00 00 00 00 00 00 00 00 00 00 00 00 00 00 00 00 00 00 00 00
   584.47ns INFO     cocotb.cluster_wrapper.s01_axi     Write burst start awid: 0xe5 awaddr: 0x00000080 awlen: 7 awsize: 2 awprot: 2
   584.59ns INFO     cocotb.cluster_wrapper.s01_axi     Write burst complete bid: 0xe5 bresp: 0
   584.59ns INFO     cocotb.cluster_wrapper.s01_axi     Write complete addr: 0x00000080 prot: 2 resp: 0 length: 32
   584.59ns INFO     cocotb.cluster_wrapper.s01_axi     Write start addr: 0x000000a0 awid: 0xe6 prot: 2 data: 7f 7f 7f 00 00 00 00 00 00 00 00 00 00 00 00 00 00 00 00 00 00 00 00 00 00 00 00 00 00 00 00 00
   584.59ns INFO     cocotb.cluster_wrapper.s01_axi     Write burst start awid: 0xe6 awaddr: 0x000000a0 awlen: 7 awsize: 2 awprot: 2
   584.71ns INFO     cocotb.cluster_wrapper.s01_axi     Write burst complete bid: 0xe6 bresp: 0
   584.71ns INFO     cocotb.cluster_wrapper.s01_axi     Write complete addr: 0x000000a0 prot: 2 resp: 0 length: 32
   584.71ns INFO     cocotb.cluster_wrapper.s01_axi     Write start addr: 0x000000c0 awid: 0xe7 prot: 2 data: 80 7f 80 00 00 00 00 00 00 00 00 00 00 00 00 00 00 00 00 00 00 00 00 00 00 00 00 00 00 00 00 00
   584.71ns INFO     cocotb.cluster_wrapper.s01_axi     Write burst start awid: 0xe7 awaddr: 0x000000c0 awlen: 7 awsize: 2 awprot: 2
   584.83ns INFO     cocotb.cluster_wrapper.s01_axi     Write burst complete bid: 0xe7 bresp: 0
   584.83ns INFO     cocotb.cluster_wrapper.s01_axi     Write complete addr: 0x000000c0 prot: 2 resp: 0 length: 32
   584.83ns INFO     cocotb.cluster_wrapper.s01_axi     Write start addr: 0x000000e0 awid: 0xe8 prot: 2 data: 7f 80 7f 00 00 00 00 00 00 00 00 00 00 00 00 00 00 00 00 00 00 00 00 00 00 00 00 00 00 00 00 00
   584.83ns INFO     cocotb.cluster_wrapper.s01_axi     Write burst start awid: 0xe8 awaddr: 0x000000e0 awlen: 7 awsize: 2 awprot: 2
   584.95ns INFO     cocotb.cluster_wrapper.s01_axi     Write burst complete bid: 0xe8 bresp: 0
   584.95ns INFO     cocotb.cluster_wrapper.s01_axi     Write complete addr: 0x000000e0 prot: 2 resp: 0 length: 32
   584.95ns INFO     cocotb.cluster_wrapper.s01_axi     Write start addr: 0x00000100 awid: 0xe9 prot: 2 data: 7f 80 7f 00 00 00 00 00 00 00 00 00 00 00 00 00 00 00 00 00 00 00 00 00 00 00 00 00 00 00 00 00
   584.95ns INFO     cocotb.cluster_wrapper.s01_axi     Write burst start awid: 0xe9 awaddr: 0x00000100 awlen: 7 awsize: 2 awprot: 2
   585.07ns INFO     cocotb.cluster_wrapper.s01_axi     Write burst complete bid: 0xe9 bresp: 0
   585.07ns INFO     cocotb.cluster_wrapper.s01_axi     Write complete addr: 0x00000100 prot: 2 resp: 0 length: 32
   585.07ns INFO     cocotb.cluster_wrapper.s00_axi     Read start addr: 0x00000004 arid: 0x19 prot: 2
   585.07ns INFO     cocotb.cluster_wrapper.s00_axi     Read burst start arid: 0x19 araddr: 0x00000004 arlen: 0 arsize: 2 arprot: 2
   585.11ns INFO     cocotb.cluster_wrapper.s00_axi     Read burst complete rid: 0x19 rresp: 0
   585.11ns INFO     cocotb.cluster_wrapper.s00_axi     Read complete addr: 0x00000004 prot: 2 resp: 0 data: 07 00 01 00
   595.11ns INFO     cocotb.cluster_wrapper.s00_axi     Write start addr: 0x00000000 awid: 0x4d prot: 2 data: 00 00 00 00
   595.11ns INFO     cocotb.cluster_wrapper.s00_axi     Write burst start awid: 0x4d awaddr: 0x00000000 awlen: 0 awsize: 2 awprot: 2
   595.15ns INFO     cocotb.cluster_wrapper.s00_axi     Write burst complete bid: 0x4d bresp: 0
   595.15ns INFO     cocotb.cluster_wrapper.s00_axi     Write complete addr: 0x00000000 prot: 2 resp: 0 length: 4
   595.15ns INFO     cocotb.cluster_wrapper.s00_axi     Write start addr: 0x00000000 awid: 0x4e prot: 2 data: 01 80 02 00
   595.15ns INFO     cocotb.cluster_wrapper.s00_axi     Write burst start awid: 0x4e awaddr: 0x00000000 awlen: 0 awsize: 2 awprot: 2
   595.20ns INFO     cocotb.cluster_wrapper.s00_axi     Write burst complete bid: 0x4e bresp: 0
   595.20ns INFO     cocotb.cluster_wrapper.s00_axi     Write complete addr: 0x00000000 prot: 2 resp: 0 length: 4
   595.20ns INFO     cocotb.cluster_wrapper.s00_axi     Write start addr: 0x00000004 awid: 0x4f prot: 2 data: 07 00 00 00
   595.20ns INFO     cocotb.cluster_wrapper.s00_axi     Write burst start awid: 0x4f awaddr: 0x00000004 awlen: 0 awsize: 2 awprot: 2
   595.25ns INFO     cocotb.cluster_wrapper.s00_axi     Write burst complete bid: 0x4f bresp: 0
   595.25ns INFO     cocotb.cluster_wrapper.s00_axi     Write complete addr: 0x00000004 prot: 2 resp: 0 length: 4
   595.25ns INFO     cocotb.cluster_wrapper.s01_axi     Write start addr: 0x00000000 awid: 0xea prot: 2 data: ff ff ff 00 00 00 00 00 00 00 00 00 00 00 00 00 00 00 00 00 00 00 00 00 00 00 00 00 00 00 00 00
   595.25ns INFO     cocotb.cluster_wrapper.s01_axi     Write burst start awid: 0xea awaddr: 0x00000000 awlen: 7 awsize: 2 awprot: 2
   595.37ns INFO     cocotb.cluster_wrapper.s01_axi     Write burst complete bid: 0xea bresp: 0
   595.37ns INFO     cocotb.cluster_wrapper.s01_axi     Write complete addr: 0x00000000 prot: 2 resp: 0 length: 32
   595.37ns INFO     cocotb.cluster_wrapper.s01_axi     Write start addr: 0x00000020 awid: 0xeb prot: 2 data: 7f 80 80 00 00 00 00 00 00 00 00 00 00 00 00 00 00 00 00 00 00 00 00 00 00 00 00 00 00 00 00 00
   595.37ns INFO     cocotb.cluster_wrapper.s01_axi     Write burst start awid: 0xeb awaddr: 0x00000020 awlen: 7 awsize: 2 awprot: 2
   595.49ns INFO     cocotb.cluster_wrapper.s01_axi     Write burst complete bid: 0xeb bresp: 0
   595.49ns INFO     cocotb.cluster_wrapper.s01_axi     Write complete addr: 0x00000020 prot: 2 resp: 0 length: 32
   595.49ns INFO     cocotb.cluster_wrapper.s01_axi     Write start addr: 0x00000040 awid: 0xec prot: 2 data: 80 7f 7f 00 00 00 00 00 00 00 00 00 00 00 00 00 00 00 00 00 00 00 00 00 00 00 00 00 00 00 00 00
   595.49ns INFO     cocotb.cluster_wrapper.s01_axi     Write burst start awid: 0xec awaddr: 0x00000040 awlen: 7 awsize: 2 awprot: 2
   595.61ns INFO     cocotb.cluster_wrapper.s01_axi     Write burst complete bid: 0xec bresp: 0
   595.61ns INFO     cocotb.cluster_wrapper.s01_axi     Write complete addr: 0x00000040 prot: 2 resp: 0 length: 32
   595.61ns INFO     cocotb.cluster_wrapper.s01_axi     Write start addr: 0x00000060 awid: 0xed prot: 2 data: 7f 80 7f 00 00 00 00 00 00 00 00 00 00 00 00 00 00 00 00 00 00 00 00 00 00 00 00 00 00 00 00 00
   595.61ns INFO     cocotb.cluster_wrapper.s01_axi     Write burst start awid: 0xed awaddr: 0x00000060 awlen: 7 awsize: 2 awprot: 2
   595.73ns INFO     cocotb.cluster_wrapper.s01_axi     Write burst complete bid: 0xed bresp: 0
   595.73ns INFO     cocotb.cluster_wrapper.s01_axi     Write complete addr: 0x00000060 prot: 2 resp: 0 length: 32
   595.73ns INFO     cocotb.cluster_wrapper.s01_axi     Write start addr: 0x00000080 awid: 0xee prot: 2 data: 80 80 7f 00 00 00 00 00 00 00 00 00 00 00 00 00 00 00 00 00 00 00 00 00 00 00 00 00 00 00 00 00
   595.73ns INFO     cocotb.cluster_wrapper.s01_axi     Write burst start awid: 0xee awaddr: 0x00000080 awlen: 7 awsize: 2 awprot: 2
   595.85ns INFO     cocotb.cluster_wrapper.s01_axi     Write burst complete bid: 0xee bresp: 0
   595.85ns INFO     cocotb.cluster_wrapper.s01_axi     Write complete addr: 0x00000080 prot: 2 resp: 0 length: 32
   595.85ns INFO     cocotb.cluster_wrapper.s01_axi     Write start addr: 0x000000a0 awid: 0xef prot: 2 data: 7f 7f 7f 00 00 00 00 00 00 00 00 00 00 00 00 00 00 00 00 00 00 00 00 00 00 00 00 00 00 00 00 00
   595.85ns INFO     cocotb.cluster_wrapper.s01_axi     Write burst start awid: 0xef awaddr: 0x000000a0 awlen: 7 awsize: 2 awprot: 2
   595.97ns INFO     cocotb.cluster_wrapper.s01_axi     Write burst complete bid: 0xef bresp: 0
   595.97ns INFO     cocotb.cluster_wrapper.s01_axi     Write complete addr: 0x000000a0 prot: 2 resp: 0 length: 32
   595.97ns INFO     cocotb.cluster_wrapper.s01_axi     Write start addr: 0x000000c0 awid: 0xf0 prot: 2 data: 7f 80 80 00 00 00 00 00 00 00 00 00 00 00 00 00 00 00 00 00 00 00 00 00 00 00 00 00 00 00 00 00
   595.97ns INFO     cocotb.cluster_wrapper.s01_axi     Write burst start awid: 0xf0 awaddr: 0x000000c0 awlen: 7 awsize: 2 awprot: 2
   596.09ns INFO     cocotb.cluster_wrapper.s01_axi     Write burst complete bid: 0xf0 bresp: 0
   596.09ns INFO     cocotb.cluster_wrapper.s01_axi     Write complete addr: 0x000000c0 prot: 2 resp: 0 length: 32
   596.09ns INFO     cocotb.cluster_wrapper.s01_axi     Write start addr: 0x000000e0 awid: 0xf1 prot: 2 data: 80 7f 7f 00 00 00 00 00 00 00 00 00 00 00 00 00 00 00 00 00 00 00 00 00 00 00 00 00 00 00 00 00
   596.09ns INFO     cocotb.cluster_wrapper.s01_axi     Write burst start awid: 0xf1 awaddr: 0x000000e0 awlen: 7 awsize: 2 awprot: 2
   596.21ns INFO     cocotb.cluster_wrapper.s01_axi     Write burst complete bid: 0xf1 bresp: 0
   596.21ns INFO     cocotb.cluster_wrapper.s01_axi     Write complete addr: 0x000000e0 prot: 2 resp: 0 length: 32
   596.21ns INFO     cocotb.cluster_wrapper.s01_axi     Write start addr: 0x00000100 awid: 0xf2 prot: 2 data: 7f 80 80 00 00 00 00 00 00 00 00 00 00 00 00 00 00 00 00 00 00 00 00 00 00 00 00 00 00 00 00 00
   596.21ns INFO     cocotb.cluster_wrapper.s01_axi     Write burst start awid: 0xf2 awaddr: 0x00000100 awlen: 7 awsize: 2 awprot: 2
   596.33ns INFO     cocotb.cluster_wrapper.s01_axi     Write burst complete bid: 0xf2 bresp: 0
   596.33ns INFO     cocotb.cluster_wrapper.s01_axi     Write complete addr: 0x00000100 prot: 2 resp: 0 length: 32
   596.33ns INFO     cocotb.cluster_wrapper.s00_axi     Read start addr: 0x00000004 arid: 0x1a prot: 2
   596.33ns INFO     cocotb.cluster_wrapper.s00_axi     Read burst start arid: 0x1a araddr: 0x00000004 arlen: 0 arsize: 2 arprot: 2
   596.37ns INFO     cocotb.cluster_wrapper.s00_axi     Read burst complete rid: 0x1a rresp: 0
   596.37ns INFO     cocotb.cluster_wrapper.s00_axi     Read complete addr: 0x00000004 prot: 2 resp: 0 data: 07 00 01 00
   606.37ns INFO     cocotb.cluster_wrapper.s00_axi     Write start addr: 0x00000000 awid: 0x50 prot: 2 data: 00 00 00 00
   606.37ns INFO     cocotb.cluster_wrapper.s00_axi     Write burst start awid: 0x50 awaddr: 0x00000000 awlen: 0 awsize: 2 awprot: 2
   606.41ns INFO     cocotb.cluster_wrapper.s00_axi     Write burst complete bid: 0x50 bresp: 0
   606.41ns INFO     cocotb.cluster_wrapper.s00_axi     Write complete addr: 0x00000000 prot: 2 resp: 0 length: 4
   606.41ns INFO     cocotb.cluster_wrapper.s02_axi     Read start addr: 0x00000000 arid: 0x2 prot: 2
   606.41ns INFO     cocotb.cluster_wrapper.s02_axi     Read burst start arid: 0x2 araddr: 0x00000000 arlen: 31 arsize: 2 arprot: 2
   607.07ns INFO     cocotb.cluster_wrapper.s02_axi     Read burst complete rid: 0x2 rresp: 0
   607.07ns INFO     cocotb.cluster_wrapper.s02_axi     Read complete addr: 0x00000000 prot: 2 resp: 0 data: 85 00 ff 7f 06 7e 00 80 08 7c 00 80 05 81 fe 7f 88 fb 00 80 06 7f ff 7f 85 ff ff 7f 86 fe ff 7f 00 00 00 00 00 00 00 00 00 00 00 00 00 00 00 00 00 00 00 00 00 00 00 00 00 00 00 00 00 00 00 00 00 00 00 00 00 00 00 00 00 00 00 00 00 00 00 00 00 00 00 00 00 00 00 00 00 00 00 00 00 00 00 00 00 00 00 00 00 00 00 00 00 00 00 00 00 00 00 00 00 00 00 00 00 00 00 00 00 00 00 00 00 00 00 00
   607.07ns INFO     cocotb.cluster_wrapper.s02_axi     Write start addr: 0x00000000 awid: 0x3 prot: 2 data: 00 00 00 80 00 00 00 80 00 00 00 80 00 00 00 80 00 00 00 80 00 00 00 80 00 00 00 80 00 00 00 80 00 00 00 00 00 00 00 00 00 00 00 00 00 00 00 00 00 00 00 00 00 00 00 00 00 00 00 00 00 00 00 00 00 00 00 00 00 00 00 00 00 00 00 00 00 00 00 00 00 00 00 00 00 00 00 00 00 00 00 00 00 00 00 00 00 00 00 00 00 00 00 00 00 00 00 00 00 00 00 00 00 00 00 00 00 00 00 00 00 00 00 00 00 00 00 00
   607.07ns INFO     cocotb.cluster_wrapper.s02_axi     Write burst start awid: 0x3 awaddr: 0x00000000 awlen: 31 awsize: 2 awprot: 2
   607.43ns INFO     cocotb.cluster_wrapper.s02_axi     Write burst complete bid: 0x3 bresp: 0
   607.43ns INFO     cocotb.cluster_wrapper.s02_axi     Write complete addr: 0x00000000 prot: 2 resp: 0 length: 128
   607.43ns INFO     cocotb.cluster_wrapper.s00_axi     Write start addr: 0x00000000 awid: 0x51 prot: 2 data: 01 80 02 00
   607.43ns INFO     cocotb.cluster_wrapper.s00_axi     Write burst start awid: 0x51 awaddr: 0x00000000 awlen: 0 awsize: 2 awprot: 2
   607.48ns INFO     cocotb.cluster_wrapper.s00_axi     Write burst complete bid: 0x51 bresp: 0
   607.48ns INFO     cocotb.cluster_wrapper.s00_axi     Write complete addr: 0x00000000 prot: 2 resp: 0 length: 4
   607.48ns INFO     cocotb.cluster_wrapper.s00_axi     Write start addr: 0x00000004 awid: 0x52 prot: 2 data: 07 00 00 00
   607.48ns INFO     cocotb.cluster_wrapper.s00_axi     Write burst start awid: 0x52 awaddr: 0x00000004 awlen: 0 awsize: 2 awprot: 2
   607.53ns INFO     cocotb.cluster_wrapper.s00_axi     Write burst complete bid: 0x52 bresp: 0
   607.53ns INFO     cocotb.cluster_wrapper.s00_axi     Write complete addr: 0x00000004 prot: 2 resp: 0 length: 4
   607.53ns INFO     cocotb.cluster_wrapper.s01_axi     Write start addr: 0x00000000 awid: 0xf3 prot: 2 data: 80 80 80 00 00 00 00 00 00 00 00 00 00 00 00 00 00 00 00 00 00 00 00 00 00 00 00 00 00 00 00 00
   607.53ns INFO     cocotb.cluster_wrapper.s01_axi     Write burst start awid: 0xf3 awaddr: 0x00000000 awlen: 7 awsize: 2 awprot: 2
   607.65ns INFO     cocotb.cluster_wrapper.s01_axi     Write burst complete bid: 0xf3 bresp: 0
   607.65ns INFO     cocotb.cluster_wrapper.s01_axi     Write complete addr: 0x00000000 prot: 2 resp: 0 length: 32
   607.65ns INFO     cocotb.cluster_wrapper.s01_axi     Write start addr: 0x00000020 awid: 0xf4 prot: 2 data: 7f 80 80 00 00 00 00 00 00 00 00 00 00 00 00 00 00 00 00 00 00 00 00 00 00 00 00 00 00 00 00 00
   607.65ns INFO     cocotb.cluster_wrapper.s01_axi     Write burst start awid: 0xf4 awaddr: 0x00000020 awlen: 7 awsize: 2 awprot: 2
   607.77ns INFO     cocotb.cluster_wrapper.s01_axi     Write burst complete bid: 0xf4 bresp: 0
   607.77ns INFO     cocotb.cluster_wrapper.s01_axi     Write complete addr: 0x00000020 prot: 2 resp: 0 length: 32
   607.77ns INFO     cocotb.cluster_wrapper.s01_axi     Write start addr: 0x00000040 awid: 0xf5 prot: 2 data: 7f 80 80 00 00 00 00 00 00 00 00 00 00 00 00 00 00 00 00 00 00 00 00 00 00 00 00 00 00 00 00 00
   607.77ns INFO     cocotb.cluster_wrapper.s01_axi     Write burst start awid: 0xf5 awaddr: 0x00000040 awlen: 7 awsize: 2 awprot: 2
   607.89ns INFO     cocotb.cluster_wrapper.s01_axi     Write burst complete bid: 0xf5 bresp: 0
   607.89ns INFO     cocotb.cluster_wrapper.s01_axi     Write complete addr: 0x00000040 prot: 2 resp: 0 length: 32
   607.89ns INFO     cocotb.cluster_wrapper.s01_axi     Write start addr: 0x00000060 awid: 0xf6 prot: 2 data: 7f 7f 80 00 00 00 00 00 00 00 00 00 00 00 00 00 00 00 00 00 00 00 00 00 00 00 00 00 00 00 00 00
   607.89ns INFO     cocotb.cluster_wrapper.s01_axi     Write burst start awid: 0xf6 awaddr: 0x00000060 awlen: 7 awsize: 2 awprot: 2
   608.01ns INFO     cocotb.cluster_wrapper.s01_axi     Write burst complete bid: 0xf6 bresp: 0
   608.01ns INFO     cocotb.cluster_wrapper.s01_axi     Write complete addr: 0x00000060 prot: 2 resp: 0 length: 32
   608.01ns INFO     cocotb.cluster_wrapper.s01_axi     Write start addr: 0x00000080 awid: 0xf7 prot: 2 data: 7f 7f 7f 00 00 00 00 00 00 00 00 00 00 00 00 00 00 00 00 00 00 00 00 00 00 00 00 00 00 00 00 00
   608.01ns INFO     cocotb.cluster_wrapper.s01_axi     Write burst start awid: 0xf7 awaddr: 0x00000080 awlen: 7 awsize: 2 awprot: 2
   608.13ns INFO     cocotb.cluster_wrapper.s01_axi     Write burst complete bid: 0xf7 bresp: 0
   608.13ns INFO     cocotb.cluster_wrapper.s01_axi     Write complete addr: 0x00000080 prot: 2 resp: 0 length: 32
   608.13ns INFO     cocotb.cluster_wrapper.s01_axi     Write start addr: 0x000000a0 awid: 0xf8 prot: 2 data: 7f 80 80 00 00 00 00 00 00 00 00 00 00 00 00 00 00 00 00 00 00 00 00 00 00 00 00 00 00 00 00 00
   608.13ns INFO     cocotb.cluster_wrapper.s01_axi     Write burst start awid: 0xf8 awaddr: 0x000000a0 awlen: 7 awsize: 2 awprot: 2
   608.25ns INFO     cocotb.cluster_wrapper.s01_axi     Write burst complete bid: 0xf8 bresp: 0
   608.25ns INFO     cocotb.cluster_wrapper.s01_axi     Write complete addr: 0x000000a0 prot: 2 resp: 0 length: 32
   608.25ns INFO     cocotb.cluster_wrapper.s01_axi     Write start addr: 0x000000c0 awid: 0xf9 prot: 2 data: 80 80 80 00 00 00 00 00 00 00 00 00 00 00 00 00 00 00 00 00 00 00 00 00 00 00 00 00 00 00 00 00
   608.25ns INFO     cocotb.cluster_wrapper.s01_axi     Write burst start awid: 0xf9 awaddr: 0x000000c0 awlen: 7 awsize: 2 awprot: 2
   608.37ns INFO     cocotb.cluster_wrapper.s01_axi     Write burst complete bid: 0xf9 bresp: 0
   608.37ns INFO     cocotb.cluster_wrapper.s01_axi     Write complete addr: 0x000000c0 prot: 2 resp: 0 length: 32
   608.37ns INFO     cocotb.cluster_wrapper.s01_axi     Write start addr: 0x000000e0 awid: 0xfa prot: 2 data: 7f 7f 80 00 00 00 00 00 00 00 00 00 00 00 00 00 00 00 00 00 00 00 00 00 00 00 00 00 00 00 00 00
   608.37ns INFO     cocotb.cluster_wrapper.s01_axi     Write burst start awid: 0xfa awaddr: 0x000000e0 awlen: 7 awsize: 2 awprot: 2
   608.49ns INFO     cocotb.cluster_wrapper.s01_axi     Write burst complete bid: 0xfa bresp: 0
   608.49ns INFO     cocotb.cluster_wrapper.s01_axi     Write complete addr: 0x000000e0 prot: 2 resp: 0 length: 32
   608.49ns INFO     cocotb.cluster_wrapper.s01_axi     Write start addr: 0x00000100 awid: 0xfb prot: 2 data: 80 7f 7f 00 00 00 00 00 00 00 00 00 00 00 00 00 00 00 00 00 00 00 00 00 00 00 00 00 00 00 00 00
   608.49ns INFO     cocotb.cluster_wrapper.s01_axi     Write burst start awid: 0xfb awaddr: 0x00000100 awlen: 7 awsize: 2 awprot: 2
   608.61ns INFO     cocotb.cluster_wrapper.s01_axi     Write burst complete bid: 0xfb bresp: 0
   608.61ns INFO     cocotb.cluster_wrapper.s01_axi     Write complete addr: 0x00000100 prot: 2 resp: 0 length: 32
   608.61ns INFO     cocotb.cluster_wrapper.s00_axi     Read start addr: 0x00000004 arid: 0x1b prot: 2
   608.61ns INFO     cocotb.cluster_wrapper.s00_axi     Read burst start arid: 0x1b araddr: 0x00000004 arlen: 0 arsize: 2 arprot: 2
   608.65ns INFO     cocotb.cluster_wrapper.s00_axi     Read burst complete rid: 0x1b rresp: 0
   608.65ns INFO     cocotb.cluster_wrapper.s00_axi     Read complete addr: 0x00000004 prot: 2 resp: 0 data: 07 00 01 00
   618.65ns INFO     cocotb.cluster_wrapper.s00_axi     Write start addr: 0x00000000 awid: 0x53 prot: 2 data: 00 00 00 00
   618.65ns INFO     cocotb.cluster_wrapper.s00_axi     Write burst start awid: 0x53 awaddr: 0x00000000 awlen: 0 awsize: 2 awprot: 2
   618.69ns INFO     cocotb.cluster_wrapper.s00_axi     Write burst complete bid: 0x53 bresp: 0
   618.69ns INFO     cocotb.cluster_wrapper.s00_axi     Write complete addr: 0x00000000 prot: 2 resp: 0 length: 4
   618.69ns INFO     cocotb.cluster_wrapper.s00_axi     Write start addr: 0x00000000 awid: 0x54 prot: 2 data: 01 80 02 00
   618.69ns INFO     cocotb.cluster_wrapper.s00_axi     Write burst start awid: 0x54 awaddr: 0x00000000 awlen: 0 awsize: 2 awprot: 2
   618.74ns INFO     cocotb.cluster_wrapper.s00_axi     Write burst complete bid: 0x54 bresp: 0
   618.74ns INFO     cocotb.cluster_wrapper.s00_axi     Write complete addr: 0x00000000 prot: 2 resp: 0 length: 4
   618.74ns INFO     cocotb.cluster_wrapper.s00_axi     Write start addr: 0x00000004 awid: 0x55 prot: 2 data: 07 00 00 00
   618.74ns INFO     cocotb.cluster_wrapper.s00_axi     Write burst start awid: 0x55 awaddr: 0x00000004 awlen: 0 awsize: 2 awprot: 2
   618.79ns INFO     cocotb.cluster_wrapper.s00_axi     Write burst complete bid: 0x55 bresp: 0
   618.79ns INFO     cocotb.cluster_wrapper.s00_axi     Write complete addr: 0x00000004 prot: 2 resp: 0 length: 4
   618.79ns INFO     cocotb.cluster_wrapper.s01_axi     Write start addr: 0x00000000 awid: 0xfc prot: 2 data: 80 80 80 00 00 00 00 00 00 00 00 00 00 00 00 00 00 00 00 00 00 00 00 00 00 00 00 00 00 00 00 00
   618.79ns INFO     cocotb.cluster_wrapper.s01_axi     Write burst start awid: 0xfc awaddr: 0x00000000 awlen: 7 awsize: 2 awprot: 2
   618.91ns INFO     cocotb.cluster_wrapper.s01_axi     Write burst complete bid: 0xfc bresp: 0
   618.91ns INFO     cocotb.cluster_wrapper.s01_axi     Write complete addr: 0x00000000 prot: 2 resp: 0 length: 32
   618.91ns INFO     cocotb.cluster_wrapper.s01_axi     Write start addr: 0x00000020 awid: 0xfd prot: 2 data: 80 80 80 00 00 00 00 00 00 00 00 00 00 00 00 00 00 00 00 00 00 00 00 00 00 00 00 00 00 00 00 00
   618.91ns INFO     cocotb.cluster_wrapper.s01_axi     Write burst start awid: 0xfd awaddr: 0x00000020 awlen: 7 awsize: 2 awprot: 2
   619.03ns INFO     cocotb.cluster_wrapper.s01_axi     Write burst complete bid: 0xfd bresp: 0
   619.03ns INFO     cocotb.cluster_wrapper.s01_axi     Write complete addr: 0x00000020 prot: 2 resp: 0 length: 32
   619.03ns INFO     cocotb.cluster_wrapper.s01_axi     Write start addr: 0x00000040 awid: 0xfe prot: 2 data: 80 7f 80 00 00 00 00 00 00 00 00 00 00 00 00 00 00 00 00 00 00 00 00 00 00 00 00 00 00 00 00 00
   619.03ns INFO     cocotb.cluster_wrapper.s01_axi     Write burst start awid: 0xfe awaddr: 0x00000040 awlen: 7 awsize: 2 awprot: 2
   619.15ns INFO     cocotb.cluster_wrapper.s01_axi     Write burst complete bid: 0xfe bresp: 0
   619.15ns INFO     cocotb.cluster_wrapper.s01_axi     Write complete addr: 0x00000040 prot: 2 resp: 0 length: 32
   619.15ns INFO     cocotb.cluster_wrapper.s01_axi     Write start addr: 0x00000060 awid: 0xff prot: 2 data: 7f 80 80 00 00 00 00 00 00 00 00 00 00 00 00 00 00 00 00 00 00 00 00 00 00 00 00 00 00 00 00 00
   619.15ns INFO     cocotb.cluster_wrapper.s01_axi     Write burst start awid: 0xff awaddr: 0x00000060 awlen: 7 awsize: 2 awprot: 2
   619.27ns INFO     cocotb.cluster_wrapper.s01_axi     Write burst complete bid: 0xff bresp: 0
   619.27ns INFO     cocotb.cluster_wrapper.s01_axi     Write complete addr: 0x00000060 prot: 2 resp: 0 length: 32
   619.27ns INFO     cocotb.cluster_wrapper.s01_axi     Write start addr: 0x00000080 awid: 0x100 prot: 2 data: 7f 80 80 00 00 00 00 00 00 00 00 00 00 00 00 00 00 00 00 00 00 00 00 00 00 00 00 00 00 00 00 00
   619.27ns INFO     cocotb.cluster_wrapper.s01_axi     Write burst start awid: 0x100 awaddr: 0x00000080 awlen: 7 awsize: 2 awprot: 2
   619.39ns INFO     cocotb.cluster_wrapper.s01_axi     Write burst complete bid: 0x100 bresp: 0
   619.39ns INFO     cocotb.cluster_wrapper.s01_axi     Write complete addr: 0x00000080 prot: 2 resp: 0 length: 32
   619.39ns INFO     cocotb.cluster_wrapper.s01_axi     Write start addr: 0x000000a0 awid: 0x101 prot: 2 data: 80 80 80 00 00 00 00 00 00 00 00 00 00 00 00 00 00 00 00 00 00 00 00 00 00 00 00 00 00 00 00 00
   619.39ns INFO     cocotb.cluster_wrapper.s01_axi     Write burst start awid: 0x101 awaddr: 0x000000a0 awlen: 7 awsize: 2 awprot: 2
   619.51ns INFO     cocotb.cluster_wrapper.s01_axi     Write burst complete bid: 0x101 bresp: 0
   619.51ns INFO     cocotb.cluster_wrapper.s01_axi     Write complete addr: 0x000000a0 prot: 2 resp: 0 length: 32
   619.51ns INFO     cocotb.cluster_wrapper.s01_axi     Write start addr: 0x000000c0 awid: 0x102 prot: 2 data: 80 7f 80 00 00 00 00 00 00 00 00 00 00 00 00 00 00 00 00 00 00 00 00 00 00 00 00 00 00 00 00 00
   619.51ns INFO     cocotb.cluster_wrapper.s01_axi     Write burst start awid: 0x102 awaddr: 0x000000c0 awlen: 7 awsize: 2 awprot: 2
   619.63ns INFO     cocotb.cluster_wrapper.s01_axi     Write burst complete bid: 0x102 bresp: 0
   619.63ns INFO     cocotb.cluster_wrapper.s01_axi     Write complete addr: 0x000000c0 prot: 2 resp: 0 length: 32
   619.63ns INFO     cocotb.cluster_wrapper.s01_axi     Write start addr: 0x000000e0 awid: 0x103 prot: 2 data: 7f 7f 80 00 00 00 00 00 00 00 00 00 00 00 00 00 00 00 00 00 00 00 00 00 00 00 00 00 00 00 00 00
   619.63ns INFO     cocotb.cluster_wrapper.s01_axi     Write burst start awid: 0x103 awaddr: 0x000000e0 awlen: 7 awsize: 2 awprot: 2
   619.75ns INFO     cocotb.cluster_wrapper.s01_axi     Write burst complete bid: 0x103 bresp: 0
   619.75ns INFO     cocotb.cluster_wrapper.s01_axi     Write complete addr: 0x000000e0 prot: 2 resp: 0 length: 32
   619.75ns INFO     cocotb.cluster_wrapper.s01_axi     Write start addr: 0x00000100 awid: 0x104 prot: 2 data: 7f 7f 80 00 00 00 00 00 00 00 00 00 00 00 00 00 00 00 00 00 00 00 00 00 00 00 00 00 00 00 00 00
   619.75ns INFO     cocotb.cluster_wrapper.s01_axi     Write burst start awid: 0x104 awaddr: 0x00000100 awlen: 7 awsize: 2 awprot: 2
   619.87ns INFO     cocotb.cluster_wrapper.s01_axi     Write burst complete bid: 0x104 bresp: 0
   619.87ns INFO     cocotb.cluster_wrapper.s01_axi     Write complete addr: 0x00000100 prot: 2 resp: 0 length: 32
   619.87ns INFO     cocotb.cluster_wrapper.s00_axi     Read start addr: 0x00000004 arid: 0x1c prot: 2
   619.87ns INFO     cocotb.cluster_wrapper.s00_axi     Read burst start arid: 0x1c araddr: 0x00000004 arlen: 0 arsize: 2 arprot: 2
   619.91ns INFO     cocotb.cluster_wrapper.s00_axi     Read burst complete rid: 0x1c rresp: 0
   619.91ns INFO     cocotb.cluster_wrapper.s00_axi     Read complete addr: 0x00000004 prot: 2 resp: 0 data: 07 00 01 00
   629.91ns INFO     cocotb.cluster_wrapper.s00_axi     Write start addr: 0x00000000 awid: 0x56 prot: 2 data: 00 00 00 00
   629.91ns INFO     cocotb.cluster_wrapper.s00_axi     Write burst start awid: 0x56 awaddr: 0x00000000 awlen: 0 awsize: 2 awprot: 2
   629.95ns INFO     cocotb.cluster_wrapper.s00_axi     Write burst complete bid: 0x56 bresp: 0
   629.95ns INFO     cocotb.cluster_wrapper.s00_axi     Write complete addr: 0x00000000 prot: 2 resp: 0 length: 4
   629.95ns INFO     cocotb.cluster_wrapper.s00_axi     Write start addr: 0x00000000 awid: 0x57 prot: 2 data: 01 80 02 00
   629.95ns INFO     cocotb.cluster_wrapper.s00_axi     Write burst start awid: 0x57 awaddr: 0x00000000 awlen: 0 awsize: 2 awprot: 2
   630.00ns INFO     cocotb.cluster_wrapper.s00_axi     Write burst complete bid: 0x57 bresp: 0
   630.00ns INFO     cocotb.cluster_wrapper.s00_axi     Write start addr: 0x00000004 awid: 0x58 prot: 2 data: 07 00 00 00
   630.00ns INFO     cocotb.cluster_wrapper.s00_axi     Write burst start awid: 0x58 awaddr: 0x00000004 awlen: 0 awsize: 2 awprot: 2
   630.05ns INFO     cocotb.cluster_wrapper.s00_axi     Write burst complete bid: 0x58 bresp: 0
   630.05ns INFO     cocotb.cluster_wrapper.s00_axi     Write complete addr: 0x00000004 prot: 2 resp: 0 length: 4
   630.05ns INFO     cocotb.cluster_wrapper.s01_axi     Write start addr: 0x00000000 awid: 0x105 prot: 2 data: 80 80 80 00 00 00 00 00 00 00 00 00 00 00 00 00 00 00 00 00 00 00 00 00 00 00 00 00 00 00 00 00
   630.05ns INFO     cocotb.cluster_wrapper.s01_axi     Write burst start awid: 0x105 awaddr: 0x00000000 awlen: 7 awsize: 2 awprot: 2
   630.17ns INFO     cocotb.cluster_wrapper.s01_axi     Write burst complete bid: 0x105 bresp: 0
   630.17ns INFO     cocotb.cluster_wrapper.s01_axi     Write complete addr: 0x00000000 prot: 2 resp: 0 length: 32
   630.17ns INFO     cocotb.cluster_wrapper.s01_axi     Write start addr: 0x00000020 awid: 0x106 prot: 2 data: 7f 80 7f 00 00 00 00 00 00 00 00 00 00 00 00 00 00 00 00 00 00 00 00 00 00 00 00 00 00 00 00 00
   630.17ns INFO     cocotb.cluster_wrapper.s01_axi     Write burst start awid: 0x106 awaddr: 0x00000020 awlen: 7 awsize: 2 awprot: 2
   630.29ns INFO     cocotb.cluster_wrapper.s01_axi     Write burst complete bid: 0x106 bresp: 0
   630.29ns INFO     cocotb.cluster_wrapper.s01_axi     Write complete addr: 0x00000020 prot: 2 resp: 0 length: 32
   630.29ns INFO     cocotb.cluster_wrapper.s01_axi     Write start addr: 0x00000040 awid: 0x107 prot: 2 data: 80 80 80 00 00 00 00 00 00 00 00 00 00 00 00 00 00 00 00 00 00 00 00 00 00 00 00 00 00 00 00 00
   630.29ns INFO     cocotb.cluster_wrapper.s01_axi     Write burst start awid: 0x107 awaddr: 0x00000040 awlen: 7 awsize: 2 awprot: 2
   630.41ns INFO     cocotb.cluster_wrapper.s01_axi     Write burst complete bid: 0x107 bresp: 0
   630.41ns INFO     cocotb.cluster_wrapper.s01_axi     Write start addr: 0x00000060 awid: 0x108 prot: 2 data: 7f 80 7f 00 00 00 00 00 00 00 00 00 00 00 00 00 00 00 00 00 00 00 00 00 00 00 00 00 00 00 00 00
   630.41ns INFO     cocotb.cluster_wrapper.s01_axi     Write burst start awid: 0x108 awaddr: 0x00000060 awlen: 7 awsize: 2 awprot: 2
   630.53ns INFO     cocotb.cluster_wrapper.s01_axi     Write burst complete bid: 0x108 bresp: 0
   630.53ns INFO     cocotb.cluster_wrapper.s01_axi     Write start addr: 0x00000080 awid: 0x109 prot: 2 data: 7f 80 7f 00 00 00 00 00 00 00 00 00 00 00 00 00 00 00 00 00 00 00 00 00 00 00 00 00 00 00 00 00
   630.53ns INFO     cocotb.cluster_wrapper.s01_axi     Write burst start awid: 0x109 awaddr: 0x00000080 awlen: 7 awsize: 2 awprot: 2
   630.65ns INFO     cocotb.cluster_wrapper.s01_axi     Write burst complete bid: 0x109 bresp: 0
   630.65ns INFO     cocotb.cluster_wrapper.s01_axi     Write complete addr: 0x00000080 prot: 2 resp: 0 length: 32
   630.65ns INFO     cocotb.cluster_wrapper.s01_axi     Write start addr: 0x000000a0 awid: 0x10a prot: 2 data: 7f 80 80 00 00 00 00 00 00 00 00 00 00 00 00 00 00 00 00 00 00 00 00 00 00 00 00 00 00 00 00 00
   630.65ns INFO     cocotb.cluster_wrapper.s01_axi     Write burst start awid: 0x10a awaddr: 0x000000a0 awlen: 7 awsize: 2 awprot: 2
   630.77ns INFO     cocotb.cluster_wrapper.s01_axi     Write burst complete bid: 0x10a bresp: 0
   630.77ns INFO     cocotb.cluster_wrapper.s01_axi     Write complete addr: 0x000000a0 prot: 2 resp: 0 length: 32
   630.77ns INFO     cocotb.cluster_wrapper.s01_axi     Write start addr: 0x000000c0 awid: 0x10b prot: 2 data: 80 7f 7f 00 00 00 00 00 00 00 00 00 00 00 00 00 00 00 00 00 00 00 00 00 00 00 00 00 00 00 00 00
   630.77ns INFO     cocotb.cluster_wrapper.s01_axi     Write burst start awid: 0x10b awaddr: 0x000000c0 awlen: 7 awsize: 2 awprot: 2
   630.89ns INFO     cocotb.cluster_wrapper.s01_axi     Write burst complete bid: 0x10b bresp: 0
   630.89ns INFO     cocotb.cluster_wrapper.s01_axi     Write complete addr: 0x000000c0 prot: 2 resp: 0 length: 32
   630.89ns INFO     cocotb.cluster_wrapper.s01_axi     Write start addr: 0x000000e0 awid: 0x10c prot: 2 data: 80 80 7f 00 00 00 00 00 00 00 00 00 00 00 00 00 00 00 00 00 00 00 00 00 00 00 00 00 00 00 00 00
   630.89ns INFO     cocotb.cluster_wrapper.s01_axi     Write burst start awid: 0x10c awaddr: 0x000000e0 awlen: 7 awsize: 2 awprot: 2
   631.01ns INFO     cocotb.cluster_wrapper.s01_axi     Write burst complete bid: 0x10c bresp: 0
   631.01ns INFO     cocotb.cluster_wrapper.s01_axi     Write complete addr: 0x000000e0 prot: 2 resp: 0 length: 32
   631.01ns INFO     cocotb.cluster_wrapper.s01_axi     Write start addr: 0x00000100 awid: 0x10d prot: 2 data: 7f 7f 80 00 00 00 00 00 00 00 00 00 00 00 00 00 00 00 00 00 00 00 00 00 00 00 00 00 00 00 00 00
   631.01ns INFO     cocotb.cluster_wrapper.s01_axi     Write burst start awid: 0x10d awaddr: 0x00000100 awlen: 7 awsize: 2 awprot: 2
   631.13ns INFO     cocotb.cluster_wrapper.s01_axi     Write burst complete bid: 0x10d bresp: 0
   631.13ns INFO     cocotb.cluster_wrapper.s01_axi     Write complete addr: 0x00000100 prot: 2 resp: 0 length: 32
   631.13ns INFO     cocotb.cluster_wrapper.s00_axi     Read start addr: 0x00000004 arid: 0x1d prot: 2
   631.13ns INFO     cocotb.cluster_wrapper.s00_axi     Read burst start arid: 0x1d araddr: 0x00000004 arlen: 0 arsize: 2 arprot: 2
   631.17ns INFO     cocotb.cluster_wrapper.s00_axi     Read burst complete rid: 0x1d rresp: 0
   631.17ns INFO     cocotb.cluster_wrapper.s00_axi     Read complete addr: 0x00000004 prot: 2 resp: 0 data: 07 00 01 00
   641.17ns INFO     cocotb.cluster_wrapper.s00_axi     Write start addr: 0x00000000 awid: 0x59 prot: 2 data: 00 00 00 00
   641.17ns INFO     cocotb.cluster_wrapper.s00_axi     Write burst start awid: 0x59 awaddr: 0x00000000 awlen: 0 awsize: 2 awprot: 2
   641.21ns INFO     cocotb.cluster_wrapper.s00_axi     Write burst complete bid: 0x59 bresp: 0
   641.21ns INFO     cocotb.cluster_wrapper.s00_axi     Write complete addr: 0x00000000 prot: 2 resp: 0 length: 4
   641.21ns INFO     cocotb.cluster_wrapper.s00_axi     Write start addr: 0x00000000 awid: 0x5a prot: 2 data: 01 80 02 00
   641.21ns INFO     cocotb.cluster_wrapper.s00_axi     Write burst start awid: 0x5a awaddr: 0x00000000 awlen: 0 awsize: 2 awprot: 2
   641.26ns INFO     cocotb.cluster_wrapper.s00_axi     Write burst complete bid: 0x5a bresp: 0
   641.26ns INFO     cocotb.cluster_wrapper.s00_axi     Write complete addr: 0x00000000 prot: 2 resp: 0 length: 4
   641.26ns INFO     cocotb.cluster_wrapper.s00_axi     Write start addr: 0x00000004 awid: 0x5b prot: 2 data: 07 00 00 00
   641.26ns INFO     cocotb.cluster_wrapper.s00_axi     Write burst start awid: 0x5b awaddr: 0x00000004 awlen: 0 awsize: 2 awprot: 2
   641.31ns INFO     cocotb.cluster_wrapper.s00_axi     Write burst complete bid: 0x5b bresp: 0
   641.31ns INFO     cocotb.cluster_wrapper.s00_axi     Write complete addr: 0x00000004 prot: 2 resp: 0 length: 4
   641.31ns INFO     cocotb.cluster_wrapper.s01_axi     Write start addr: 0x00000000 awid: 0x10e prot: 2 data: 00 00 ff 00 00 00 00 00 00 00 00 00 00 00 00 00 00 00 00 00 00 00 00 00 00 00 00 00 00 00 00 00
   641.31ns INFO     cocotb.cluster_wrapper.s01_axi     Write burst start awid: 0x10e awaddr: 0x00000000 awlen: 7 awsize: 2 awprot: 2
   641.43ns INFO     cocotb.cluster_wrapper.s01_axi     Write burst complete bid: 0x10e bresp: 0
   641.43ns INFO     cocotb.cluster_wrapper.s01_axi     Write complete addr: 0x00000000 prot: 2 resp: 0 length: 32
   641.43ns INFO     cocotb.cluster_wrapper.s01_axi     Write start addr: 0x00000020 awid: 0x10f prot: 2 data: 80 7f 7f 00 00 00 00 00 00 00 00 00 00 00 00 00 00 00 00 00 00 00 00 00 00 00 00 00 00 00 00 00
   641.43ns INFO     cocotb.cluster_wrapper.s01_axi     Write burst start awid: 0x10f awaddr: 0x00000020 awlen: 7 awsize: 2 awprot: 2
   641.55ns INFO     cocotb.cluster_wrapper.s01_axi     Write burst complete bid: 0x10f bresp: 0
   641.55ns INFO     cocotb.cluster_wrapper.s01_axi     Write complete addr: 0x00000020 prot: 2 resp: 0 length: 32
   641.55ns INFO     cocotb.cluster_wrapper.s01_axi     Write start addr: 0x00000040 awid: 0x110 prot: 2 data: 80 7f 7f 00 00 00 00 00 00 00 00 00 00 00 00 00 00 00 00 00 00 00 00 00 00 00 00 00 00 00 00 00
   641.55ns INFO     cocotb.cluster_wrapper.s01_axi     Write burst start awid: 0x110 awaddr: 0x00000040 awlen: 7 awsize: 2 awprot: 2
   641.67ns INFO     cocotb.cluster_wrapper.s01_axi     Write burst complete bid: 0x110 bresp: 0
   641.67ns INFO     cocotb.cluster_wrapper.s01_axi     Write complete addr: 0x00000040 prot: 2 resp: 0 length: 32
   641.67ns INFO     cocotb.cluster_wrapper.s01_axi     Write start addr: 0x00000060 awid: 0x111 prot: 2 data: 80 7f 7f 00 00 00 00 00 00 00 00 00 00 00 00 00 00 00 00 00 00 00 00 00 00 00 00 00 00 00 00 00
   641.67ns INFO     cocotb.cluster_wrapper.s01_axi     Write burst start awid: 0x111 awaddr: 0x00000060 awlen: 7 awsize: 2 awprot: 2
   641.79ns INFO     cocotb.cluster_wrapper.s01_axi     Write burst complete bid: 0x111 bresp: 0
   641.79ns INFO     cocotb.cluster_wrapper.s01_axi     Write complete addr: 0x00000060 prot: 2 resp: 0 length: 32
   641.79ns INFO     cocotb.cluster_wrapper.s01_axi     Write start addr: 0x00000080 awid: 0x112 prot: 2 data: 7f 7f 80 00 00 00 00 00 00 00 00 00 00 00 00 00 00 00 00 00 00 00 00 00 00 00 00 00 00 00 00 00
   641.79ns INFO     cocotb.cluster_wrapper.s01_axi     Write burst start awid: 0x112 awaddr: 0x00000080 awlen: 7 awsize: 2 awprot: 2
   641.91ns INFO     cocotb.cluster_wrapper.s01_axi     Write burst complete bid: 0x112 bresp: 0
   641.91ns INFO     cocotb.cluster_wrapper.s01_axi     Write complete addr: 0x00000080 prot: 2 resp: 0 length: 32
   641.91ns INFO     cocotb.cluster_wrapper.s01_axi     Write start addr: 0x000000a0 awid: 0x113 prot: 2 data: 80 7f 7f 00 00 00 00 00 00 00 00 00 00 00 00 00 00 00 00 00 00 00 00 00 00 00 00 00 00 00 00 00
   641.91ns INFO     cocotb.cluster_wrapper.s01_axi     Write burst start awid: 0x113 awaddr: 0x000000a0 awlen: 7 awsize: 2 awprot: 2
   642.03ns INFO     cocotb.cluster_wrapper.s01_axi     Write burst complete bid: 0x113 bresp: 0
   642.03ns INFO     cocotb.cluster_wrapper.s01_axi     Write complete addr: 0x000000a0 prot: 2 resp: 0 length: 32
   642.03ns INFO     cocotb.cluster_wrapper.s01_axi     Write start addr: 0x000000c0 awid: 0x114 prot: 2 data: 80 80 7f 00 00 00 00 00 00 00 00 00 00 00 00 00 00 00 00 00 00 00 00 00 00 00 00 00 00 00 00 00
   642.03ns INFO     cocotb.cluster_wrapper.s01_axi     Write burst start awid: 0x114 awaddr: 0x000000c0 awlen: 7 awsize: 2 awprot: 2
   642.15ns INFO     cocotb.cluster_wrapper.s01_axi     Write burst complete bid: 0x114 bresp: 0
   642.15ns INFO     cocotb.cluster_wrapper.s01_axi     Write complete addr: 0x000000c0 prot: 2 resp: 0 length: 32
   642.15ns INFO     cocotb.cluster_wrapper.s01_axi     Write start addr: 0x000000e0 awid: 0x115 prot: 2 data: 7f 7f 80 00 00 00 00 00 00 00 00 00 00 00 00 00 00 00 00 00 00 00 00 00 00 00 00 00 00 00 00 00
   642.15ns INFO     cocotb.cluster_wrapper.s01_axi     Write burst start awid: 0x115 awaddr: 0x000000e0 awlen: 7 awsize: 2 awprot: 2
   642.27ns INFO     cocotb.cluster_wrapper.s01_axi     Write burst complete bid: 0x115 bresp: 0
   642.27ns INFO     cocotb.cluster_wrapper.s01_axi     Write complete addr: 0x000000e0 prot: 2 resp: 0 length: 32
   642.27ns INFO     cocotb.cluster_wrapper.s01_axi     Write start addr: 0x00000100 awid: 0x116 prot: 2 data: 80 7f 80 00 00 00 00 00 00 00 00 00 00 00 00 00 00 00 00 00 00 00 00 00 00 00 00 00 00 00 00 00
   642.27ns INFO     cocotb.cluster_wrapper.s01_axi     Write burst start awid: 0x116 awaddr: 0x00000100 awlen: 7 awsize: 2 awprot: 2
   642.39ns INFO     cocotb.cluster_wrapper.s01_axi     Write burst complete bid: 0x116 bresp: 0
   642.39ns INFO     cocotb.cluster_wrapper.s01_axi     Write complete addr: 0x00000100 prot: 2 resp: 0 length: 32
   642.39ns INFO     cocotb.cluster_wrapper.s00_axi     Read start addr: 0x00000004 arid: 0x1e prot: 2
   642.39ns INFO     cocotb.cluster_wrapper.s00_axi     Read burst start arid: 0x1e araddr: 0x00000004 arlen: 0 arsize: 2 arprot: 2
   642.43ns INFO     cocotb.cluster_wrapper.s00_axi     Read burst complete rid: 0x1e rresp: 0
   642.43ns INFO     cocotb.cluster_wrapper.s00_axi     Read complete addr: 0x00000004 prot: 2 resp: 0 data: 07 00 01 00
   652.43ns INFO     cocotb.cluster_wrapper.s00_axi     Write start addr: 0x00000000 awid: 0x5c prot: 2 data: 00 00 00 00
   652.43ns INFO     cocotb.cluster_wrapper.s00_axi     Write burst start awid: 0x5c awaddr: 0x00000000 awlen: 0 awsize: 2 awprot: 2
   652.47ns INFO     cocotb.cluster_wrapper.s00_axi     Write burst complete bid: 0x5c bresp: 0
   652.47ns INFO     cocotb.cluster_wrapper.s00_axi     Write complete addr: 0x00000000 prot: 2 resp: 0 length: 4
   652.47ns INFO     cocotb.cluster_wrapper.s00_axi     Write start addr: 0x00000000 awid: 0x5d prot: 2 data: 01 80 02 00
   652.47ns INFO     cocotb.cluster_wrapper.s00_axi     Write burst start awid: 0x5d awaddr: 0x00000000 awlen: 0 awsize: 2 awprot: 2
   652.52ns INFO     cocotb.cluster_wrapper.s00_axi     Write burst complete bid: 0x5d bresp: 0
   652.52ns INFO     cocotb.cluster_wrapper.s00_axi     Write complete addr: 0x00000000 prot: 2 resp: 0 length: 4
   652.52ns INFO     cocotb.cluster_wrapper.s00_axi     Write start addr: 0x00000004 awid: 0x5e prot: 2 data: 07 00 00 00
   652.52ns INFO     cocotb.cluster_wrapper.s00_axi     Write burst start awid: 0x5e awaddr: 0x00000004 awlen: 0 awsize: 2 awprot: 2
   652.57ns INFO     cocotb.cluster_wrapper.s00_axi     Write burst complete bid: 0x5e bresp: 0
   652.57ns INFO     cocotb.cluster_wrapper.s00_axi     Write complete addr: 0x00000004 prot: 2 resp: 0 length: 4
   652.57ns INFO     cocotb.cluster_wrapper.s01_axi     Write start addr: 0x00000000 awid: 0x117 prot: 2 data: ff ff 00 00 00 00 00 00 00 00 00 00 00 00 00 00 00 00 00 00 00 00 00 00 00 00 00 00 00 00 00 00
   652.57ns INFO     cocotb.cluster_wrapper.s01_axi     Write burst start awid: 0x117 awaddr: 0x00000000 awlen: 7 awsize: 2 awprot: 2
   652.69ns INFO     cocotb.cluster_wrapper.s01_axi     Write burst complete bid: 0x117 bresp: 0
   652.69ns INFO     cocotb.cluster_wrapper.s01_axi     Write complete addr: 0x00000000 prot: 2 resp: 0 length: 32
   652.69ns INFO     cocotb.cluster_wrapper.s01_axi     Write start addr: 0x00000020 awid: 0x118 prot: 2 data: 80 7f 7f 00 00 00 00 00 00 00 00 00 00 00 00 00 00 00 00 00 00 00 00 00 00 00 00 00 00 00 00 00
   652.69ns INFO     cocotb.cluster_wrapper.s01_axi     Write burst start awid: 0x118 awaddr: 0x00000020 awlen: 7 awsize: 2 awprot: 2
   652.81ns INFO     cocotb.cluster_wrapper.s01_axi     Write burst complete bid: 0x118 bresp: 0
   652.81ns INFO     cocotb.cluster_wrapper.s01_axi     Write complete addr: 0x00000020 prot: 2 resp: 0 length: 32
   652.81ns INFO     cocotb.cluster_wrapper.s01_axi     Write start addr: 0x00000040 awid: 0x119 prot: 2 data: 80 80 7f 00 00 00 00 00 00 00 00 00 00 00 00 00 00 00 00 00 00 00 00 00 00 00 00 00 00 00 00 00
   652.81ns INFO     cocotb.cluster_wrapper.s01_axi     Write burst start awid: 0x119 awaddr: 0x00000040 awlen: 7 awsize: 2 awprot: 2
   652.93ns INFO     cocotb.cluster_wrapper.s01_axi     Write burst complete bid: 0x119 bresp: 0
   652.93ns INFO     cocotb.cluster_wrapper.s01_axi     Write complete addr: 0x00000040 prot: 2 resp: 0 length: 32
   652.93ns INFO     cocotb.cluster_wrapper.s01_axi     Write start addr: 0x00000060 awid: 0x11a prot: 2 data: 80 7f 80 00 00 00 00 00 00 00 00 00 00 00 00 00 00 00 00 00 00 00 00 00 00 00 00 00 00 00 00 00
   652.93ns INFO     cocotb.cluster_wrapper.s01_axi     Write burst start awid: 0x11a awaddr: 0x00000060 awlen: 7 awsize: 2 awprot: 2
   653.05ns INFO     cocotb.cluster_wrapper.s01_axi     Write burst complete bid: 0x11a bresp: 0
   653.05ns INFO     cocotb.cluster_wrapper.s01_axi     Write complete addr: 0x00000060 prot: 2 resp: 0 length: 32
   653.05ns INFO     cocotb.cluster_wrapper.s01_axi     Write start addr: 0x00000080 awid: 0x11b prot: 2 data: 7f 7f 7f 00 00 00 00 00 00 00 00 00 00 00 00 00 00 00 00 00 00 00 00 00 00 00 00 00 00 00 00 00
   653.05ns INFO     cocotb.cluster_wrapper.s01_axi     Write burst start awid: 0x11b awaddr: 0x00000080 awlen: 7 awsize: 2 awprot: 2
   653.17ns INFO     cocotb.cluster_wrapper.s01_axi     Write burst complete bid: 0x11b bresp: 0
   653.17ns INFO     cocotb.cluster_wrapper.s01_axi     Write complete addr: 0x00000080 prot: 2 resp: 0 length: 32
   653.17ns INFO     cocotb.cluster_wrapper.s01_axi     Write start addr: 0x000000a0 awid: 0x11c prot: 2 data: 7f 7f 80 00 00 00 00 00 00 00 00 00 00 00 00 00 00 00 00 00 00 00 00 00 00 00 00 00 00 00 00 00
   653.17ns INFO     cocotb.cluster_wrapper.s01_axi     Write burst start awid: 0x11c awaddr: 0x000000a0 awlen: 7 awsize: 2 awprot: 2
   653.29ns INFO     cocotb.cluster_wrapper.s01_axi     Write burst complete bid: 0x11c bresp: 0
   653.29ns INFO     cocotb.cluster_wrapper.s01_axi     Write complete addr: 0x000000a0 prot: 2 resp: 0 length: 32
   653.29ns INFO     cocotb.cluster_wrapper.s01_axi     Write start addr: 0x000000c0 awid: 0x11d prot: 2 data: 7f 7f 7f 00 00 00 00 00 00 00 00 00 00 00 00 00 00 00 00 00 00 00 00 00 00 00 00 00 00 00 00 00
   653.29ns INFO     cocotb.cluster_wrapper.s01_axi     Write burst start awid: 0x11d awaddr: 0x000000c0 awlen: 7 awsize: 2 awprot: 2
   653.41ns INFO     cocotb.cluster_wrapper.s01_axi     Write burst complete bid: 0x11d bresp: 0
   653.41ns INFO     cocotb.cluster_wrapper.s01_axi     Write complete addr: 0x000000c0 prot: 2 resp: 0 length: 32
   653.41ns INFO     cocotb.cluster_wrapper.s01_axi     Write start addr: 0x000000e0 awid: 0x11e prot: 2 data: 80 80 80 00 00 00 00 00 00 00 00 00 00 00 00 00 00 00 00 00 00 00 00 00 00 00 00 00 00 00 00 00
   653.41ns INFO     cocotb.cluster_wrapper.s01_axi     Write burst start awid: 0x11e awaddr: 0x000000e0 awlen: 7 awsize: 2 awprot: 2
   653.53ns INFO     cocotb.cluster_wrapper.s01_axi     Write burst complete bid: 0x11e bresp: 0
   653.53ns INFO     cocotb.cluster_wrapper.s01_axi     Write complete addr: 0x000000e0 prot: 2 resp: 0 length: 32
   653.53ns INFO     cocotb.cluster_wrapper.s01_axi     Write start addr: 0x00000100 awid: 0x11f prot: 2 data: 80 7f 80 00 00 00 00 00 00 00 00 00 00 00 00 00 00 00 00 00 00 00 00 00 00 00 00 00 00 00 00 00
   653.53ns INFO     cocotb.cluster_wrapper.s01_axi     Write burst start awid: 0x11f awaddr: 0x00000100 awlen: 7 awsize: 2 awprot: 2
   653.65ns INFO     cocotb.cluster_wrapper.s01_axi     Write burst complete bid: 0x11f bresp: 0
   653.65ns INFO     cocotb.cluster_wrapper.s01_axi     Write complete addr: 0x00000100 prot: 2 resp: 0 length: 32
   653.65ns INFO     cocotb.cluster_wrapper.s00_axi     Read start addr: 0x00000004 arid: 0x1f prot: 2
   653.65ns INFO     cocotb.cluster_wrapper.s00_axi     Read burst start arid: 0x1f araddr: 0x00000004 arlen: 0 arsize: 2 arprot: 2
   653.69ns INFO     cocotb.cluster_wrapper.s00_axi     Read burst complete rid: 0x1f rresp: 0
   653.69ns INFO     cocotb.cluster_wrapper.s00_axi     Read complete addr: 0x00000004 prot: 2 resp: 0 data: 07 00 01 00
   663.69ns INFO     cocotb.cluster_wrapper.s00_axi     Write start addr: 0x00000000 awid: 0x5f prot: 2 data: 00 00 00 00
   663.69ns INFO     cocotb.cluster_wrapper.s00_axi     Write burst start awid: 0x5f awaddr: 0x00000000 awlen: 0 awsize: 2 awprot: 2
   663.73ns INFO     cocotb.cluster_wrapper.s00_axi     Write burst complete bid: 0x5f bresp: 0
   663.73ns INFO     cocotb.cluster_wrapper.s00_axi     Write complete addr: 0x00000000 prot: 2 resp: 0 length: 4
   663.73ns INFO     cocotb.cluster_wrapper.s00_axi     Write start addr: 0x00000000 awid: 0x60 prot: 2 data: 01 80 02 00
   663.73ns INFO     cocotb.cluster_wrapper.s00_axi     Write burst start awid: 0x60 awaddr: 0x00000000 awlen: 0 awsize: 2 awprot: 2
   663.78ns INFO     cocotb.cluster_wrapper.s00_axi     Write burst complete bid: 0x60 bresp: 0
   663.78ns INFO     cocotb.cluster_wrapper.s00_axi     Write complete addr: 0x00000000 prot: 2 resp: 0 length: 4
   663.78ns INFO     cocotb.cluster_wrapper.s00_axi     Write start addr: 0x00000004 awid: 0x61 prot: 2 data: 07 00 00 00
   663.78ns INFO     cocotb.cluster_wrapper.s00_axi     Write burst start awid: 0x61 awaddr: 0x00000004 awlen: 0 awsize: 2 awprot: 2
   663.83ns INFO     cocotb.cluster_wrapper.s00_axi     Write burst complete bid: 0x61 bresp: 0
   663.83ns INFO     cocotb.cluster_wrapper.s00_axi     Write complete addr: 0x00000004 prot: 2 resp: 0 length: 4
   663.83ns INFO     cocotb.cluster_wrapper.s01_axi     Write start addr: 0x00000000 awid: 0x120 prot: 2 data: ff ff ff 00 00 00 00 00 00 00 00 00 00 00 00 00 00 00 00 00 00 00 00 00 00 00 00 00 00 00 00 00
   663.83ns INFO     cocotb.cluster_wrapper.s01_axi     Write burst start awid: 0x120 awaddr: 0x00000000 awlen: 7 awsize: 2 awprot: 2
   663.95ns INFO     cocotb.cluster_wrapper.s01_axi     Write burst complete bid: 0x120 bresp: 0
   663.95ns INFO     cocotb.cluster_wrapper.s01_axi     Write complete addr: 0x00000000 prot: 2 resp: 0 length: 32
   663.95ns INFO     cocotb.cluster_wrapper.s01_axi     Write start addr: 0x00000020 awid: 0x121 prot: 2 data: 80 7f 80 00 00 00 00 00 00 00 00 00 00 00 00 00 00 00 00 00 00 00 00 00 00 00 00 00 00 00 00 00
   663.95ns INFO     cocotb.cluster_wrapper.s01_axi     Write burst start awid: 0x121 awaddr: 0x00000020 awlen: 7 awsize: 2 awprot: 2
   664.07ns INFO     cocotb.cluster_wrapper.s01_axi     Write burst complete bid: 0x121 bresp: 0
   664.07ns INFO     cocotb.cluster_wrapper.s01_axi     Write complete addr: 0x00000020 prot: 2 resp: 0 length: 32
   664.07ns INFO     cocotb.cluster_wrapper.s01_axi     Write start addr: 0x00000040 awid: 0x122 prot: 2 data: 7f 7f 80 00 00 00 00 00 00 00 00 00 00 00 00 00 00 00 00 00 00 00 00 00 00 00 00 00 00 00 00 00
   664.07ns INFO     cocotb.cluster_wrapper.s01_axi     Write burst start awid: 0x122 awaddr: 0x00000040 awlen: 7 awsize: 2 awprot: 2
   664.19ns INFO     cocotb.cluster_wrapper.s01_axi     Write burst complete bid: 0x122 bresp: 0
   664.19ns INFO     cocotb.cluster_wrapper.s01_axi     Write complete addr: 0x00000040 prot: 2 resp: 0 length: 32
   664.19ns INFO     cocotb.cluster_wrapper.s01_axi     Write start addr: 0x00000060 awid: 0x123 prot: 2 data: 7f 7f 7f 00 00 00 00 00 00 00 00 00 00 00 00 00 00 00 00 00 00 00 00 00 00 00 00 00 00 00 00 00
   664.19ns INFO     cocotb.cluster_wrapper.s01_axi     Write burst start awid: 0x123 awaddr: 0x00000060 awlen: 7 awsize: 2 awprot: 2
   664.31ns INFO     cocotb.cluster_wrapper.s01_axi     Write burst complete bid: 0x123 bresp: 0
   664.31ns INFO     cocotb.cluster_wrapper.s01_axi     Write complete addr: 0x00000060 prot: 2 resp: 0 length: 32
   664.31ns INFO     cocotb.cluster_wrapper.s01_axi     Write start addr: 0x00000080 awid: 0x124 prot: 2 data: 7f 80 80 00 00 00 00 00 00 00 00 00 00 00 00 00 00 00 00 00 00 00 00 00 00 00 00 00 00 00 00 00
   664.31ns INFO     cocotb.cluster_wrapper.s01_axi     Write burst start awid: 0x124 awaddr: 0x00000080 awlen: 7 awsize: 2 awprot: 2
   664.43ns INFO     cocotb.cluster_wrapper.s01_axi     Write burst complete bid: 0x124 bresp: 0
   664.43ns INFO     cocotb.cluster_wrapper.s01_axi     Write complete addr: 0x00000080 prot: 2 resp: 0 length: 32
   664.43ns INFO     cocotb.cluster_wrapper.s01_axi     Write start addr: 0x000000a0 awid: 0x125 prot: 2 data: 80 80 80 00 00 00 00 00 00 00 00 00 00 00 00 00 00 00 00 00 00 00 00 00 00 00 00 00 00 00 00 00
   664.43ns INFO     cocotb.cluster_wrapper.s01_axi     Write burst start awid: 0x125 awaddr: 0x000000a0 awlen: 7 awsize: 2 awprot: 2
   664.55ns INFO     cocotb.cluster_wrapper.s01_axi     Write burst complete bid: 0x125 bresp: 0
   664.55ns INFO     cocotb.cluster_wrapper.s01_axi     Write complete addr: 0x000000a0 prot: 2 resp: 0 length: 32
   664.55ns INFO     cocotb.cluster_wrapper.s01_axi     Write start addr: 0x000000c0 awid: 0x126 prot: 2 data: 80 7f 80 00 00 00 00 00 00 00 00 00 00 00 00 00 00 00 00 00 00 00 00 00 00 00 00 00 00 00 00 00
   664.55ns INFO     cocotb.cluster_wrapper.s01_axi     Write burst start awid: 0x126 awaddr: 0x000000c0 awlen: 7 awsize: 2 awprot: 2
   664.67ns INFO     cocotb.cluster_wrapper.s01_axi     Write burst complete bid: 0x126 bresp: 0
   664.67ns INFO     cocotb.cluster_wrapper.s01_axi     Write complete addr: 0x000000c0 prot: 2 resp: 0 length: 32
   664.67ns INFO     cocotb.cluster_wrapper.s01_axi     Write burst start awid: 0x127 awaddr: 0x000000e0 awlen: 7 awsize: 2 awprot: 2
 00 00 00 00 00 00 00 00 00 00 00 00 00 00 00 00 00 00 00 00 00 00 00 00
   664.79ns INFO     cocotb.cluster_wrapper.s01_axi     Write burst complete bid: 0x127 bresp: 0
   664.79ns INFO     cocotb.cluster_wrapper.s01_axi     Write start addr: 0x00000100 awid: 0x128 prot: 2 data: 80 80 7f 00 00 00 00 00 00 00 00 00 00 00 00 00 00 00 00 00 00 00 00 00 00 00 00 00 00 00 00 00
   664.79ns INFO     cocotb.cluster_wrapper.s01_axi     Write burst start awid: 0x128 awaddr: 0x00000100 awlen: 7 awsize: 2 awprot: 2
   664.91ns INFO     cocotb.cluster_wrapper.s01_axi     Write burst complete bid: 0x128 bresp: 0
   664.91ns INFO     cocotb.cluster_wrapper.s01_axi     Write complete addr: 0x00000100 prot: 2 resp: 0 length: 32
   664.91ns INFO     cocotb.cluster_wrapper.s00_axi     Read start addr: 0x00000004 arid: 0x20 prot: 2
   664.91ns INFO     cocotb.cluster_wrapper.s00_axi     Read burst start arid: 0x20 araddr: 0x00000004 arlen: 0 arsize: 2 arprot: 2
   664.95ns INFO     cocotb.cluster_wrapper.s00_axi     Read burst complete rid: 0x20 rresp: 0
   664.95ns INFO     cocotb.cluster_wrapper.s00_axi     Read complete addr: 0x00000004 prot: 2 resp: 0 data: 07 00 01 00
   674.95ns INFO     cocotb.cluster_wrapper.s00_axi     Write start addr: 0x00000000 awid: 0x62 prot: 2 data: 00 00 00 00
   674.95ns INFO     cocotb.cluster_wrapper.s00_axi     Write burst start awid: 0x62 awaddr: 0x00000000 awlen: 0 awsize: 2 awprot: 2
   674.99ns INFO     cocotb.cluster_wrapper.s00_axi     Write burst complete bid: 0x62 bresp: 0
   674.99ns INFO     cocotb.cluster_wrapper.s00_axi     Write complete addr: 0x00000000 prot: 2 resp: 0 length: 4
   674.99ns INFO     cocotb.cluster_wrapper.s00_axi     Write start addr: 0x00000000 awid: 0x63 prot: 2 data: 01 80 02 00
   674.99ns INFO     cocotb.cluster_wrapper.s00_axi     Write burst start awid: 0x63 awaddr: 0x00000000 awlen: 0 awsize: 2 awprot: 2
   675.04ns INFO     cocotb.cluster_wrapper.s00_axi     Write burst complete bid: 0x63 bresp: 0
   675.04ns INFO     cocotb.cluster_wrapper.s00_axi     Write start addr: 0x00000004 awid: 0x64 prot: 2 data: 07 00 00 00
   675.04ns INFO     cocotb.cluster_wrapper.s00_axi     Write burst start awid: 0x64 awaddr: 0x00000004 awlen: 0 awsize: 2 awprot: 2
   675.09ns INFO     cocotb.cluster_wrapper.s00_axi     Write burst complete bid: 0x64 bresp: 0
   675.09ns INFO     cocotb.cluster_wrapper.s00_axi     Write complete addr: 0x00000004 prot: 2 resp: 0 length: 4
   675.09ns INFO     cocotb.cluster_wrapper.s01_axi     Write start addr: 0x00000000 awid: 0x129 prot: 2 data: ff ff 00 00 00 00 00 00 00 00 00 00 00 00 00 00 00 00 00 00 00 00 00 00 00 00 00 00 00 00 00 00
   675.09ns INFO     cocotb.cluster_wrapper.s01_axi     Write burst start awid: 0x129 awaddr: 0x00000000 awlen: 7 awsize: 2 awprot: 2
   675.21ns INFO     cocotb.cluster_wrapper.s01_axi     Write burst complete bid: 0x129 bresp: 0
   675.21ns INFO     cocotb.cluster_wrapper.s01_axi     Write complete addr: 0x00000000 prot: 2 resp: 0 length: 32
   675.21ns INFO     cocotb.cluster_wrapper.s01_axi     Write start addr: 0x00000020 awid: 0x12a prot: 2 data: 80 80 7f 00 00 00 00 00 00 00 00 00 00 00 00 00 00 00 00 00 00 00 00 00 00 00 00 00 00 00 00 00
   675.21ns INFO     cocotb.cluster_wrapper.s01_axi     Write burst start awid: 0x12a awaddr: 0x00000020 awlen: 7 awsize: 2 awprot: 2
   675.33ns INFO     cocotb.cluster_wrapper.s01_axi     Write burst complete bid: 0x12a bresp: 0
   675.33ns INFO     cocotb.cluster_wrapper.s01_axi     Write complete addr: 0x00000020 prot: 2 resp: 0 length: 32
   675.33ns INFO     cocotb.cluster_wrapper.s01_axi     Write start addr: 0x00000040 awid: 0x12b prot: 2 data: 7f 7f 80 00 00 00 00 00 00 00 00 00 00 00 00 00 00 00 00 00 00 00 00 00 00 00 00 00 00 00 00 00
   675.33ns INFO     cocotb.cluster_wrapper.s01_axi     Write burst start awid: 0x12b awaddr: 0x00000040 awlen: 7 awsize: 2 awprot: 2
   675.45ns INFO     cocotb.cluster_wrapper.s01_axi     Write burst complete bid: 0x12b bresp: 0
   675.45ns INFO     cocotb.cluster_wrapper.s01_axi     Write complete addr: 0x00000040 prot: 2 resp: 0 length: 32
   675.45ns INFO     cocotb.cluster_wrapper.s01_axi     Write start addr: 0x00000060 awid: 0x12c prot: 2 data: 80 7f 7f 00 00 00 00 00 00 00 00 00 00 00 00 00 00 00 00 00 00 00 00 00 00 00 00 00 00 00 00 00
   675.45ns INFO     cocotb.cluster_wrapper.s01_axi     Write burst start awid: 0x12c awaddr: 0x00000060 awlen: 7 awsize: 2 awprot: 2
   675.57ns INFO     cocotb.cluster_wrapper.s01_axi     Write burst complete bid: 0x12c bresp: 0
   675.57ns INFO     cocotb.cluster_wrapper.s01_axi     Write complete addr: 0x00000060 prot: 2 resp: 0 length: 32
   675.57ns INFO     cocotb.cluster_wrapper.s01_axi     Write start addr: 0x00000080 awid: 0x12d prot: 2 data: 7f 80 7f 00 00 00 00 00 00 00 00 00 00 00 00 00 00 00 00 00 00 00 00 00 00 00 00 00 00 00 00 00
   675.57ns INFO     cocotb.cluster_wrapper.s01_axi     Write burst start awid: 0x12d awaddr: 0x00000080 awlen: 7 awsize: 2 awprot: 2
   675.69ns INFO     cocotb.cluster_wrapper.s01_axi     Write burst complete bid: 0x12d bresp: 0
   675.69ns INFO     cocotb.cluster_wrapper.s01_axi     Write complete addr: 0x00000080 prot: 2 resp: 0 length: 32
   675.69ns INFO     cocotb.cluster_wrapper.s01_axi     Write start addr: 0x000000a0 awid: 0x12e prot: 2 data: 7f 7f 7f 00 00 00 00 00 00 00 00 00 00 00 00 00 00 00 00 00 00 00 00 00 00 00 00 00 00 00 00 00
   675.69ns INFO     cocotb.cluster_wrapper.s01_axi     Write burst start awid: 0x12e awaddr: 0x000000a0 awlen: 7 awsize: 2 awprot: 2
   675.81ns INFO     cocotb.cluster_wrapper.s01_axi     Write burst complete bid: 0x12e bresp: 0
   675.81ns INFO     cocotb.cluster_wrapper.s01_axi     Write complete addr: 0x000000a0 prot: 2 resp: 0 length: 32
   675.81ns INFO     cocotb.cluster_wrapper.s01_axi     Write start addr: 0x000000c0 awid: 0x12f prot: 2 data: 80 80 7f 00 00 00 00 00 00 00 00 00 00 00 00 00 00 00 00 00 00 00 00 00 00 00 00 00 00 00 00 00
   675.81ns INFO     cocotb.cluster_wrapper.s01_axi     Write burst start awid: 0x12f awaddr: 0x000000c0 awlen: 7 awsize: 2 awprot: 2
   675.93ns INFO     cocotb.cluster_wrapper.s01_axi     Write burst complete bid: 0x12f bresp: 0
   675.93ns INFO     cocotb.cluster_wrapper.s01_axi     Write complete addr: 0x000000c0 prot: 2 resp: 0 length: 32
   675.93ns INFO     cocotb.cluster_wrapper.s01_axi     Write start addr: 0x000000e0 awid: 0x130 prot: 2 data: 80 7f 80 00 00 00 00 00 00 00 00 00 00 00 00 00 00 00 00 00 00 00 00 00 00 00 00 00 00 00 00 00
   675.93ns INFO     cocotb.cluster_wrapper.s01_axi     Write burst start awid: 0x130 awaddr: 0x000000e0 awlen: 7 awsize: 2 awprot: 2
   676.05ns INFO     cocotb.cluster_wrapper.s01_axi     Write burst complete bid: 0x130 bresp: 0
   676.05ns INFO     cocotb.cluster_wrapper.s01_axi     Write complete addr: 0x000000e0 prot: 2 resp: 0 length: 32
   676.05ns INFO     cocotb.cluster_wrapper.s01_axi     Write start addr: 0x00000100 awid: 0x131 prot: 2 data: 7f 80 7f 00 00 00 00 00 00 00 00 00 00 00 00 00 00 00 00 00 00 00 00 00 00 00 00 00 00 00 00 00
   676.05ns INFO     cocotb.cluster_wrapper.s01_axi     Write burst start awid: 0x131 awaddr: 0x00000100 awlen: 7 awsize: 2 awprot: 2
   676.17ns INFO     cocotb.cluster_wrapper.s01_axi     Write burst complete bid: 0x131 bresp: 0
   676.17ns INFO     cocotb.cluster_wrapper.s01_axi     Write complete addr: 0x00000100 prot: 2 resp: 0 length: 32
   676.17ns INFO     cocotb.cluster_wrapper.s00_axi     Read start addr: 0x00000004 arid: 0x21 prot: 2
   676.17ns INFO     cocotb.cluster_wrapper.s00_axi     Read burst start arid: 0x21 araddr: 0x00000004 arlen: 0 arsize: 2 arprot: 2
   676.21ns INFO     cocotb.cluster_wrapper.s00_axi     Read burst complete rid: 0x21 rresp: 0
   676.21ns INFO     cocotb.cluster_wrapper.s00_axi     Read complete addr: 0x00000004 prot: 2 resp: 0 data: 07 00 01 00
   686.21ns INFO     cocotb.cluster_wrapper.s00_axi     Write start addr: 0x00000000 awid: 0x65 prot: 2 data: 00 00 00 00
   686.21ns INFO     cocotb.cluster_wrapper.s00_axi     Write burst start awid: 0x65 awaddr: 0x00000000 awlen: 0 awsize: 2 awprot: 2
   686.25ns INFO     cocotb.cluster_wrapper.s00_axi     Write burst complete bid: 0x65 bresp: 0
   686.25ns INFO     cocotb.cluster_wrapper.s00_axi     Write complete addr: 0x00000000 prot: 2 resp: 0 length: 4
   686.25ns INFO     cocotb.cluster_wrapper.s00_axi     Write start addr: 0x00000000 awid: 0x66 prot: 2 data: 01 80 02 00
   686.25ns INFO     cocotb.cluster_wrapper.s00_axi     Write burst start awid: 0x66 awaddr: 0x00000000 awlen: 0 awsize: 2 awprot: 2
   686.30ns INFO     cocotb.cluster_wrapper.s00_axi     Write burst complete bid: 0x66 bresp: 0
   686.30ns INFO     cocotb.cluster_wrapper.s00_axi     Write complete addr: 0x00000000 prot: 2 resp: 0 length: 4
   686.30ns INFO     cocotb.cluster_wrapper.s00_axi     Write start addr: 0x00000004 awid: 0x67 prot: 2 data: 07 00 00 00
   686.30ns INFO     cocotb.cluster_wrapper.s00_axi     Write burst start awid: 0x67 awaddr: 0x00000004 awlen: 0 awsize: 2 awprot: 2
   686.35ns INFO     cocotb.cluster_wrapper.s00_axi     Write burst complete bid: 0x67 bresp: 0
   686.35ns INFO     cocotb.cluster_wrapper.s00_axi     Write complete addr: 0x00000004 prot: 2 resp: 0 length: 4
   686.35ns INFO     cocotb.cluster_wrapper.s01_axi     Write start addr: 0x00000000 awid: 0x132 prot: 2 data: ff ff ff 00 00 00 00 00 00 00 00 00 00 00 00 00 00 00 00 00 00 00 00 00 00 00 00 00 00 00 00 00
   686.35ns INFO     cocotb.cluster_wrapper.s01_axi     Write burst start awid: 0x132 awaddr: 0x00000000 awlen: 7 awsize: 2 awprot: 2
   686.47ns INFO     cocotb.cluster_wrapper.s01_axi     Write burst complete bid: 0x132 bresp: 0
   686.47ns INFO     cocotb.cluster_wrapper.s01_axi     Write complete addr: 0x00000000 prot: 2 resp: 0 length: 32
   686.47ns INFO     cocotb.cluster_wrapper.s01_axi     Write start addr: 0x00000020 awid: 0x133 prot: 2 data: 80 7f 80 00 00 00 00 00 00 00 00 00 00 00 00 00 00 00 00 00 00 00 00 00 00 00 00 00 00 00 00 00
   686.47ns INFO     cocotb.cluster_wrapper.s01_axi     Write burst start awid: 0x133 awaddr: 0x00000020 awlen: 7 awsize: 2 awprot: 2
   686.59ns INFO     cocotb.cluster_wrapper.s01_axi     Write burst complete bid: 0x133 bresp: 0
   686.59ns INFO     cocotb.cluster_wrapper.s01_axi     Write complete addr: 0x00000020 prot: 2 resp: 0 length: 32
   686.59ns INFO     cocotb.cluster_wrapper.s01_axi     Write start addr: 0x00000040 awid: 0x134 prot: 2 data: 80 80 7f 00 00 00 00 00 00 00 00 00 00 00 00 00 00 00 00 00 00 00 00 00 00 00 00 00 00 00 00 00
   686.59ns INFO     cocotb.cluster_wrapper.s01_axi     Write burst start awid: 0x134 awaddr: 0x00000040 awlen: 7 awsize: 2 awprot: 2
   686.71ns INFO     cocotb.cluster_wrapper.s01_axi     Write burst complete bid: 0x134 bresp: 0
   686.71ns INFO     cocotb.cluster_wrapper.s01_axi     Write complete addr: 0x00000040 prot: 2 resp: 0 length: 32
   686.71ns INFO     cocotb.cluster_wrapper.s01_axi     Write start addr: 0x00000060 awid: 0x135 prot: 2 data: 80 7f 7f 00 00 00 00 00 00 00 00 00 00 00 00 00 00 00 00 00 00 00 00 00 00 00 00 00 00 00 00 00
   686.71ns INFO     cocotb.cluster_wrapper.s01_axi     Write burst start awid: 0x135 awaddr: 0x00000060 awlen: 7 awsize: 2 awprot: 2
   686.83ns INFO     cocotb.cluster_wrapper.s01_axi     Write burst complete bid: 0x135 bresp: 0
   686.83ns INFO     cocotb.cluster_wrapper.s01_axi     Write complete addr: 0x00000060 prot: 2 resp: 0 length: 32
   686.83ns INFO     cocotb.cluster_wrapper.s01_axi     Write start addr: 0x00000080 awid: 0x136 prot: 2 data: 80 7f 80 00 00 00 00 00 00 00 00 00 00 00 00 00 00 00 00 00 00 00 00 00 00 00 00 00 00 00 00 00
   686.83ns INFO     cocotb.cluster_wrapper.s01_axi     Write burst start awid: 0x136 awaddr: 0x00000080 awlen: 7 awsize: 2 awprot: 2
   686.95ns INFO     cocotb.cluster_wrapper.s01_axi     Write burst complete bid: 0x136 bresp: 0
   686.95ns INFO     cocotb.cluster_wrapper.s01_axi     Write complete addr: 0x00000080 prot: 2 resp: 0 length: 32
   686.95ns INFO     cocotb.cluster_wrapper.s01_axi     Write start addr: 0x000000a0 awid: 0x137 prot: 2 data: 7f 7f 7f 00 00 00 00 00 00 00 00 00 00 00 00 00 00 00 00 00 00 00 00 00 00 00 00 00 00 00 00 00
   686.95ns INFO     cocotb.cluster_wrapper.s01_axi     Write burst start awid: 0x137 awaddr: 0x000000a0 awlen: 7 awsize: 2 awprot: 2
   687.07ns INFO     cocotb.cluster_wrapper.s01_axi     Write burst complete bid: 0x137 bresp: 0
   687.07ns INFO     cocotb.cluster_wrapper.s01_axi     Write complete addr: 0x000000a0 prot: 2 resp: 0 length: 32
   687.07ns INFO     cocotb.cluster_wrapper.s01_axi     Write start addr: 0x000000c0 awid: 0x138 prot: 2 data: 80 7f 80 00 00 00 00 00 00 00 00 00 00 00 00 00 00 00 00 00 00 00 00 00 00 00 00 00 00 00 00 00
   687.07ns INFO     cocotb.cluster_wrapper.s01_axi     Write burst start awid: 0x138 awaddr: 0x000000c0 awlen: 7 awsize: 2 awprot: 2
   687.19ns INFO     cocotb.cluster_wrapper.s01_axi     Write burst complete bid: 0x138 bresp: 0
   687.19ns INFO     cocotb.cluster_wrapper.s01_axi     Write complete addr: 0x000000c0 prot: 2 resp: 0 length: 32
   687.19ns INFO     cocotb.cluster_wrapper.s01_axi     Write start addr: 0x000000e0 awid: 0x139 prot: 2 data: 7f 80 7f 00 00 00 00 00 00 00 00 00 00 00 00 00 00 00 00 00 00 00 00 00 00 00 00 00 00 00 00 00
   687.19ns INFO     cocotb.cluster_wrapper.s01_axi     Write burst start awid: 0x139 awaddr: 0x000000e0 awlen: 7 awsize: 2 awprot: 2
   687.31ns INFO     cocotb.cluster_wrapper.s01_axi     Write burst complete bid: 0x139 bresp: 0
   687.31ns INFO     cocotb.cluster_wrapper.s01_axi     Write complete addr: 0x000000e0 prot: 2 resp: 0 length: 32
   687.31ns INFO     cocotb.cluster_wrapper.s01_axi     Write start addr: 0x00000100 awid: 0x13a prot: 2 data: 7f 80 7f 00 00 00 00 00 00 00 00 00 00 00 00 00 00 00 00 00 00 00 00 00 00 00 00 00 00 00 00 00
   687.31ns INFO     cocotb.cluster_wrapper.s01_axi     Write burst start awid: 0x13a awaddr: 0x00000100 awlen: 7 awsize: 2 awprot: 2
   687.43ns INFO     cocotb.cluster_wrapper.s01_axi     Write burst complete bid: 0x13a bresp: 0
   687.43ns INFO     cocotb.cluster_wrapper.s01_axi     Write complete addr: 0x00000100 prot: 2 resp: 0 length: 32
   687.43ns INFO     cocotb.cluster_wrapper.s00_axi     Read start addr: 0x00000004 arid: 0x22 prot: 2
   687.43ns INFO     cocotb.cluster_wrapper.s00_axi     Read burst start arid: 0x22 araddr: 0x00000004 arlen: 0 arsize: 2 arprot: 2
   687.47ns INFO     cocotb.cluster_wrapper.s00_axi     Read burst complete rid: 0x22 rresp: 0
   687.47ns INFO     cocotb.cluster_wrapper.s00_axi     Read complete addr: 0x00000004 prot: 2 resp: 0 data: 07 00 01 00
   697.47ns INFO     cocotb.cluster_wrapper.s00_axi     Write start addr: 0x00000000 awid: 0x68 prot: 2 data: 00 00 00 00
   697.47ns INFO     cocotb.cluster_wrapper.s00_axi     Write burst start awid: 0x68 awaddr: 0x00000000 awlen: 0 awsize: 2 awprot: 2
   697.51ns INFO     cocotb.cluster_wrapper.s00_axi     Write burst complete bid: 0x68 bresp: 0
   697.51ns INFO     cocotb.cluster_wrapper.s00_axi     Write complete addr: 0x00000000 prot: 2 resp: 0 length: 4
   697.51ns INFO     cocotb.cluster_wrapper.s00_axi     Write start addr: 0x00000000 awid: 0x69 prot: 2 data: 01 80 02 00
   697.51ns INFO     cocotb.cluster_wrapper.s00_axi     Write burst start awid: 0x69 awaddr: 0x00000000 awlen: 0 awsize: 2 awprot: 2
   697.56ns INFO     cocotb.cluster_wrapper.s00_axi     Write burst complete bid: 0x69 bresp: 0
   697.56ns INFO     cocotb.cluster_wrapper.s00_axi     Write complete addr: 0x00000000 prot: 2 resp: 0 length: 4
   697.56ns INFO     cocotb.cluster_wrapper.s00_axi     Write start addr: 0x00000004 awid: 0x6a prot: 2 data: 07 00 00 00
   697.56ns INFO     cocotb.cluster_wrapper.s00_axi     Write burst start awid: 0x6a awaddr: 0x00000004 awlen: 0 awsize: 2 awprot: 2
   697.61ns INFO     cocotb.cluster_wrapper.s00_axi     Write burst complete bid: 0x6a bresp: 0
   697.61ns INFO     cocotb.cluster_wrapper.s00_axi     Write complete addr: 0x00000004 prot: 2 resp: 0 length: 4
   697.61ns INFO     cocotb.cluster_wrapper.s01_axi     Write start addr: 0x00000000 awid: 0x13b prot: 2 data: ff ff 00 00 00 00 00 00 00 00 00 00 00 00 00 00 00 00 00 00 00 00 00 00 00 00 00 00 00 00 00 00
   697.61ns INFO     cocotb.cluster_wrapper.s01_axi     Write burst start awid: 0x13b awaddr: 0x00000000 awlen: 7 awsize: 2 awprot: 2
   697.73ns INFO     cocotb.cluster_wrapper.s01_axi     Write burst complete bid: 0x13b bresp: 0
   697.73ns INFO     cocotb.cluster_wrapper.s01_axi     Write complete addr: 0x00000000 prot: 2 resp: 0 length: 32
   697.73ns INFO     cocotb.cluster_wrapper.s01_axi     Write start addr: 0x00000020 awid: 0x13c prot: 2 data: 7f 80 80 00 00 00 00 00 00 00 00 00 00 00 00 00 00 00 00 00 00 00 00 00 00 00 00 00 00 00 00 00
   697.73ns INFO     cocotb.cluster_wrapper.s01_axi     Write burst start awid: 0x13c awaddr: 0x00000020 awlen: 7 awsize: 2 awprot: 2
   697.85ns INFO     cocotb.cluster_wrapper.s01_axi     Write burst complete bid: 0x13c bresp: 0
   697.85ns INFO     cocotb.cluster_wrapper.s01_axi     Write complete addr: 0x00000020 prot: 2 resp: 0 length: 32
   697.85ns INFO     cocotb.cluster_wrapper.s01_axi     Write start addr: 0x00000040 awid: 0x13d prot: 2 data: 80 7f 7f 00 00 00 00 00 00 00 00 00 00 00 00 00 00 00 00 00 00 00 00 00 00 00 00 00 00 00 00 00
   697.85ns INFO     cocotb.cluster_wrapper.s01_axi     Write burst start awid: 0x13d awaddr: 0x00000040 awlen: 7 awsize: 2 awprot: 2
   697.97ns INFO     cocotb.cluster_wrapper.s01_axi     Write burst complete bid: 0x13d bresp: 0
   697.97ns INFO     cocotb.cluster_wrapper.s01_axi     Write complete addr: 0x00000040 prot: 2 resp: 0 length: 32
   697.97ns INFO     cocotb.cluster_wrapper.s01_axi     Write start addr: 0x00000060 awid: 0x13e prot: 2 data: 7f 80 7f 00 00 00 00 00 00 00 00 00 00 00 00 00 00 00 00 00 00 00 00 00 00 00 00 00 00 00 00 00
   697.97ns INFO     cocotb.cluster_wrapper.s01_axi     Write burst start awid: 0x13e awaddr: 0x00000060 awlen: 7 awsize: 2 awprot: 2
   698.09ns INFO     cocotb.cluster_wrapper.s01_axi     Write burst complete bid: 0x13e bresp: 0
   698.09ns INFO     cocotb.cluster_wrapper.s01_axi     Write complete addr: 0x00000060 prot: 2 resp: 0 length: 32
   698.09ns INFO     cocotb.cluster_wrapper.s01_axi     Write start addr: 0x00000080 awid: 0x13f prot: 2 data: 80 80 7f 00 00 00 00 00 00 00 00 00 00 00 00 00 00 00 00 00 00 00 00 00 00 00 00 00 00 00 00 00
   698.09ns INFO     cocotb.cluster_wrapper.s01_axi     Write burst start awid: 0x13f awaddr: 0x00000080 awlen: 7 awsize: 2 awprot: 2
   698.21ns INFO     cocotb.cluster_wrapper.s01_axi     Write burst complete bid: 0x13f bresp: 0
   698.21ns INFO     cocotb.cluster_wrapper.s01_axi     Write complete addr: 0x00000080 prot: 2 resp: 0 length: 32
   698.21ns INFO     cocotb.cluster_wrapper.s01_axi     Write start addr: 0x000000a0 awid: 0x140 prot: 2 data: 7f 7f 7f 00 00 00 00 00 00 00 00 00 00 00 00 00 00 00 00 00 00 00 00 00 00 00 00 00 00 00 00 00
   698.21ns INFO     cocotb.cluster_wrapper.s01_axi     Write burst start awid: 0x140 awaddr: 0x000000a0 awlen: 7 awsize: 2 awprot: 2
   698.33ns INFO     cocotb.cluster_wrapper.s01_axi     Write burst complete bid: 0x140 bresp: 0
   698.33ns INFO     cocotb.cluster_wrapper.s01_axi     Write complete addr: 0x000000a0 prot: 2 resp: 0 length: 32
   698.33ns INFO     cocotb.cluster_wrapper.s01_axi     Write start addr: 0x000000c0 awid: 0x141 prot: 2 data: 7f 80 80 00 00 00 00 00 00 00 00 00 00 00 00 00 00 00 00 00 00 00 00 00 00 00 00 00 00 00 00 00
   698.33ns INFO     cocotb.cluster_wrapper.s01_axi     Write burst start awid: 0x141 awaddr: 0x000000c0 awlen: 7 awsize: 2 awprot: 2
   698.45ns INFO     cocotb.cluster_wrapper.s01_axi     Write burst complete bid: 0x141 bresp: 0
   698.45ns INFO     cocotb.cluster_wrapper.s01_axi     Write complete addr: 0x000000c0 prot: 2 resp: 0 length: 32
   698.45ns INFO     cocotb.cluster_wrapper.s01_axi     Write start addr: 0x000000e0 awid: 0x142 prot: 2 data: 80 7f 7f 00 00 00 00 00 00 00 00 00 00 00 00 00 00 00 00 00 00 00 00 00 00 00 00 00 00 00 00 00
   698.45ns INFO     cocotb.cluster_wrapper.s01_axi     Write burst start awid: 0x142 awaddr: 0x000000e0 awlen: 7 awsize: 2 awprot: 2
   698.57ns INFO     cocotb.cluster_wrapper.s01_axi     Write burst complete bid: 0x142 bresp: 0
   698.57ns INFO     cocotb.cluster_wrapper.s01_axi     Write complete addr: 0x000000e0 prot: 2 resp: 0 length: 32
   698.57ns INFO     cocotb.cluster_wrapper.s01_axi     Write start addr: 0x00000100 awid: 0x143 prot: 2 data: 7f 80 80 00 00 00 00 00 00 00 00 00 00 00 00 00 00 00 00 00 00 00 00 00 00 00 00 00 00 00 00 00
   698.57ns INFO     cocotb.cluster_wrapper.s01_axi     Write burst start awid: 0x143 awaddr: 0x00000100 awlen: 7 awsize: 2 awprot: 2
   698.69ns INFO     cocotb.cluster_wrapper.s01_axi     Write burst complete bid: 0x143 bresp: 0
   698.69ns INFO     cocotb.cluster_wrapper.s01_axi     Write complete addr: 0x00000100 prot: 2 resp: 0 length: 32
   698.69ns INFO     cocotb.cluster_wrapper.s00_axi     Read start addr: 0x00000004 arid: 0x23 prot: 2
   698.69ns INFO     cocotb.cluster_wrapper.s00_axi     Read burst start arid: 0x23 araddr: 0x00000004 arlen: 0 arsize: 2 arprot: 2
   698.73ns INFO     cocotb.cluster_wrapper.s00_axi     Read burst complete rid: 0x23 rresp: 0
   698.73ns INFO     cocotb.cluster_wrapper.s00_axi     Read complete addr: 0x00000004 prot: 2 resp: 0 data: 07 00 01 00
   708.73ns INFO     cocotb.cluster_wrapper.s00_axi     Write start addr: 0x00000000 awid: 0x6b prot: 2 data: 00 00 00 00
   708.73ns INFO     cocotb.cluster_wrapper.s00_axi     Write burst start awid: 0x6b awaddr: 0x00000000 awlen: 0 awsize: 2 awprot: 2
   708.77ns INFO     cocotb.cluster_wrapper.s00_axi     Write burst complete bid: 0x6b bresp: 0
   708.77ns INFO     cocotb.cluster_wrapper.s00_axi     Write complete addr: 0x00000000 prot: 2 resp: 0 length: 4
   708.77ns INFO     cocotb.cluster_wrapper.s02_axi     Read start addr: 0x00000000 arid: 0x3 prot: 2
   708.77ns INFO     cocotb.cluster_wrapper.s02_axi     Read burst start arid: 0x3 araddr: 0x00000000 arlen: 31 arsize: 2 arprot: 2
   709.43ns INFO     cocotb.cluster_wrapper.s02_axi     Read burst complete rid: 0x3 rresp: 0
   709.43ns INFO     cocotb.cluster_wrapper.s02_axi     Read complete addr: 0x00000000 prot: 2 resp: 0 data: 08 7b 01 80 86 fe ff 7f 89 fa 00 80 89 f9 01 80 09 7a 01 80 88 fb 00 80 05 80 ff 7f 06 7f ff 7f 00 00 00 00 00 00 00 00 00 00 00 00 00 00 00 00 00 00 00 00 00 00 00 00 00 00 00 00 00 00 00 00 00 00 00 00 00 00 00 00 00 00 00 00 00 00 00 00 00 00 00 00 00 00 00 00 00 00 00 00 00 00 00 00 00 00 00 00 00 00 00 00 00 00 00 00 00 00 00 00 00 00 00 00 00 00 00 00 00 00 00 00 00 00 00 00
   709.43ns INFO     cocotb.cluster_wrapper.s02_axi     Write start addr: 0x00000000 awid: 0x4 prot: 2 data: 00 00 00 80 00 00 00 80 00 00 00 80 00 00 00 80 00 00 00 80 00 00 00 80 00 00 00 80 00 00 00 80 00 00 00 00 00 00 00 00 00 00 00 00 00 00 00 00 00 00 00 00 00 00 00 00 00 00 00 00 00 00 00 00 00 00 00 00 00 00 00 00 00 00 00 00 00 00 00 00 00 00 00 00 00 00 00 00 00 00 00 00 00 00 00 00 00 00 00 00 00 00 00 00 00 00 00 00 00 00 00 00 00 00 00 00 00 00 00 00 00 00 00 00 00 00 00 00
   709.43ns INFO     cocotb.cluster_wrapper.s02_axi     Write burst start awid: 0x4 awaddr: 0x00000000 awlen: 31 awsize: 2 awprot: 2
   709.79ns INFO     cocotb.cluster_wrapper.s02_axi     Write burst complete bid: 0x4 bresp: 0
   709.79ns INFO     cocotb.cluster_wrapper.s02_axi     Write complete addr: 0x00000000 prot: 2 resp: 0 length: 128
   709.79ns INFO     cocotb.cluster_wrapper.s00_axi     Write start addr: 0x00000000 awid: 0x6c prot: 2 data: 01 80 02 00
   709.79ns INFO     cocotb.cluster_wrapper.s00_axi     Write burst start awid: 0x6c awaddr: 0x00000000 awlen: 0 awsize: 2 awprot: 2
   709.84ns INFO     cocotb.cluster_wrapper.s00_axi     Write burst complete bid: 0x6c bresp: 0
   709.84ns INFO     cocotb.cluster_wrapper.s00_axi     Write complete addr: 0x00000000 prot: 2 resp: 0 length: 4
   709.84ns INFO     cocotb.cluster_wrapper.s00_axi     Write start addr: 0x00000004 awid: 0x6d prot: 2 data: 07 00 00 00
   709.84ns INFO     cocotb.cluster_wrapper.s00_axi     Write burst start awid: 0x6d awaddr: 0x00000004 awlen: 0 awsize: 2 awprot: 2
   709.89ns INFO     cocotb.cluster_wrapper.s00_axi     Write burst complete bid: 0x6d bresp: 0
   709.89ns INFO     cocotb.cluster_wrapper.s00_axi     Write complete addr: 0x00000004 prot: 2 resp: 0 length: 4
   709.89ns INFO     cocotb.cluster_wrapper.s01_axi     Write start addr: 0x00000000 awid: 0x144 prot: 2 data: 80 80 80 00 00 00 00 00 00 00 00 00 00 00 00 00 00 00 00 00 00 00 00 00 00 00 00 00 00 00 00 00
   709.89ns INFO     cocotb.cluster_wrapper.s01_axi     Write burst start awid: 0x144 awaddr: 0x00000000 awlen: 7 awsize: 2 awprot: 2
   710.01ns INFO     cocotb.cluster_wrapper.s01_axi     Write burst complete bid: 0x144 bresp: 0
   710.01ns INFO     cocotb.cluster_wrapper.s01_axi     Write complete addr: 0x00000000 prot: 2 resp: 0 length: 32
   710.01ns INFO     cocotb.cluster_wrapper.s01_axi     Write start addr: 0x00000020 awid: 0x145 prot: 2 data: 7f 80 80 00 00 00 00 00 00 00 00 00 00 00 00 00 00 00 00 00 00 00 00 00 00 00 00 00 00 00 00 00
   710.01ns INFO     cocotb.cluster_wrapper.s01_axi     Write burst start awid: 0x145 awaddr: 0x00000020 awlen: 7 awsize: 2 awprot: 2
   710.13ns INFO     cocotb.cluster_wrapper.s01_axi     Write burst complete bid: 0x145 bresp: 0
   710.13ns INFO     cocotb.cluster_wrapper.s01_axi     Write complete addr: 0x00000020 prot: 2 resp: 0 length: 32
   710.13ns INFO     cocotb.cluster_wrapper.s01_axi     Write start addr: 0x00000040 awid: 0x146 prot: 2 data: 7f 80 80 00 00 00 00 00 00 00 00 00 00 00 00 00 00 00 00 00 00 00 00 00 00 00 00 00 00 00 00 00
   710.13ns INFO     cocotb.cluster_wrapper.s01_axi     Write burst start awid: 0x146 awaddr: 0x00000040 awlen: 7 awsize: 2 awprot: 2
   710.25ns INFO     cocotb.cluster_wrapper.s01_axi     Write burst complete bid: 0x146 bresp: 0
   710.25ns INFO     cocotb.cluster_wrapper.s01_axi     Write complete addr: 0x00000040 prot: 2 resp: 0 length: 32
   710.25ns INFO     cocotb.cluster_wrapper.s01_axi     Write start addr: 0x00000060 awid: 0x147 prot: 2 data: 7f 7f 80 00 00 00 00 00 00 00 00 00 00 00 00 00 00 00 00 00 00 00 00 00 00 00 00 00 00 00 00 00
   710.25ns INFO     cocotb.cluster_wrapper.s01_axi     Write burst start awid: 0x147 awaddr: 0x00000060 awlen: 7 awsize: 2 awprot: 2
   710.37ns INFO     cocotb.cluster_wrapper.s01_axi     Write burst complete bid: 0x147 bresp: 0
   710.37ns INFO     cocotb.cluster_wrapper.s01_axi     Write complete addr: 0x00000060 prot: 2 resp: 0 length: 32
   710.37ns INFO     cocotb.cluster_wrapper.s01_axi     Write start addr: 0x00000080 awid: 0x148 prot: 2 data: 7f 7f 7f 00 00 00 00 00 00 00 00 00 00 00 00 00 00 00 00 00 00 00 00 00 00 00 00 00 00 00 00 00
   710.37ns INFO     cocotb.cluster_wrapper.s01_axi     Write burst start awid: 0x148 awaddr: 0x00000080 awlen: 7 awsize: 2 awprot: 2
   710.49ns INFO     cocotb.cluster_wrapper.s01_axi     Write burst complete bid: 0x148 bresp: 0
   710.49ns INFO     cocotb.cluster_wrapper.s01_axi     Write complete addr: 0x00000080 prot: 2 resp: 0 length: 32
   710.49ns INFO     cocotb.cluster_wrapper.s01_axi     Write start addr: 0x000000a0 awid: 0x149 prot: 2 data: 7f 80 80 00 00 00 00 00 00 00 00 00 00 00 00 00 00 00 00 00 00 00 00 00 00 00 00 00 00 00 00 00
   710.49ns INFO     cocotb.cluster_wrapper.s01_axi     Write burst start awid: 0x149 awaddr: 0x000000a0 awlen: 7 awsize: 2 awprot: 2
   710.61ns INFO     cocotb.cluster_wrapper.s01_axi     Write burst complete bid: 0x149 bresp: 0
   710.61ns INFO     cocotb.cluster_wrapper.s01_axi     Write complete addr: 0x000000a0 prot: 2 resp: 0 length: 32
   710.61ns INFO     cocotb.cluster_wrapper.s01_axi     Write start addr: 0x000000c0 awid: 0x14a prot: 2 data: 80 80 80 00 00 00 00 00 00 00 00 00 00 00 00 00 00 00 00 00 00 00 00 00 00 00 00 00 00 00 00 00
   710.61ns INFO     cocotb.cluster_wrapper.s01_axi     Write burst start awid: 0x14a awaddr: 0x000000c0 awlen: 7 awsize: 2 awprot: 2
   710.73ns INFO     cocotb.cluster_wrapper.s01_axi     Write burst complete bid: 0x14a bresp: 0
   710.73ns INFO     cocotb.cluster_wrapper.s01_axi     Write complete addr: 0x000000c0 prot: 2 resp: 0 length: 32
   710.73ns INFO     cocotb.cluster_wrapper.s01_axi     Write start addr: 0x000000e0 awid: 0x14b prot: 2 data: 7f 7f 80 00 00 00 00 00 00 00 00 00 00 00 00 00 00 00 00 00 00 00 00 00 00 00 00 00 00 00 00 00
   710.73ns INFO     cocotb.cluster_wrapper.s01_axi     Write burst start awid: 0x14b awaddr: 0x000000e0 awlen: 7 awsize: 2 awprot: 2
   710.85ns INFO     cocotb.cluster_wrapper.s01_axi     Write burst complete bid: 0x14b bresp: 0
   710.85ns INFO     cocotb.cluster_wrapper.s01_axi     Write complete addr: 0x000000e0 prot: 2 resp: 0 length: 32
   710.85ns INFO     cocotb.cluster_wrapper.s01_axi     Write start addr: 0x00000100 awid: 0x14c prot: 2 data: 80 7f 7f 00 00 00 00 00 00 00 00 00 00 00 00 00 00 00 00 00 00 00 00 00 00 00 00 00 00 00 00 00
   710.85ns INFO     cocotb.cluster_wrapper.s01_axi     Write burst start awid: 0x14c awaddr: 0x00000100 awlen: 7 awsize: 2 awprot: 2
   710.97ns INFO     cocotb.cluster_wrapper.s01_axi     Write burst complete bid: 0x14c bresp: 0
   710.97ns INFO     cocotb.cluster_wrapper.s01_axi     Write complete addr: 0x00000100 prot: 2 resp: 0 length: 32
   710.97ns INFO     cocotb.cluster_wrapper.s00_axi     Read start addr: 0x00000004 arid: 0x24 prot: 2
   710.97ns INFO     cocotb.cluster_wrapper.s00_axi     Read burst start arid: 0x24 araddr: 0x00000004 arlen: 0 arsize: 2 arprot: 2
   711.01ns INFO     cocotb.cluster_wrapper.s00_axi     Read burst complete rid: 0x24 rresp: 0
   711.01ns INFO     cocotb.cluster_wrapper.s00_axi     Read complete addr: 0x00000004 prot: 2 resp: 0 data: 07 00 01 00
   721.01ns INFO     cocotb.cluster_wrapper.s00_axi     Write start addr: 0x00000000 awid: 0x6e prot: 2 data: 00 00 00 00
   721.01ns INFO     cocotb.cluster_wrapper.s00_axi     Write burst start awid: 0x6e awaddr: 0x00000000 awlen: 0 awsize: 2 awprot: 2
   721.05ns INFO     cocotb.cluster_wrapper.s00_axi     Write burst complete bid: 0x6e bresp: 0
   721.05ns INFO     cocotb.cluster_wrapper.s00_axi     Write complete addr: 0x00000000 prot: 2 resp: 0 length: 4
   721.05ns INFO     cocotb.cluster_wrapper.s00_axi     Write start addr: 0x00000000 awid: 0x6f prot: 2 data: 01 80 02 00
   721.05ns INFO     cocotb.cluster_wrapper.s00_axi     Write burst start awid: 0x6f awaddr: 0x00000000 awlen: 0 awsize: 2 awprot: 2
   721.10ns INFO     cocotb.cluster_wrapper.s00_axi     Write burst complete bid: 0x6f bresp: 0
   721.10ns INFO     cocotb.cluster_wrapper.s00_axi     Write complete addr: 0x00000000 prot: 2 resp: 0 length: 4
   721.10ns INFO     cocotb.cluster_wrapper.s00_axi     Write start addr: 0x00000004 awid: 0x70 prot: 2 data: 07 00 00 00
   721.10ns INFO     cocotb.cluster_wrapper.s00_axi     Write burst start awid: 0x70 awaddr: 0x00000004 awlen: 0 awsize: 2 awprot: 2
   721.15ns INFO     cocotb.cluster_wrapper.s00_axi     Write burst complete bid: 0x70 bresp: 0
   721.15ns INFO     cocotb.cluster_wrapper.s00_axi     Write complete addr: 0x00000004 prot: 2 resp: 0 length: 4
   721.15ns INFO     cocotb.cluster_wrapper.s01_axi     Write start addr: 0x00000000 awid: 0x14d prot: 2 data: 80 80 80 00 00 00 00 00 00 00 00 00 00 00 00 00 00 00 00 00 00 00 00 00 00 00 00 00 00 00 00 00
   721.15ns INFO     cocotb.cluster_wrapper.s01_axi     Write burst start awid: 0x14d awaddr: 0x00000000 awlen: 7 awsize: 2 awprot: 2
   721.27ns INFO     cocotb.cluster_wrapper.s01_axi     Write burst complete bid: 0x14d bresp: 0
   721.27ns INFO     cocotb.cluster_wrapper.s01_axi     Write complete addr: 0x00000000 prot: 2 resp: 0 length: 32
   721.27ns INFO     cocotb.cluster_wrapper.s01_axi     Write start addr: 0x00000020 awid: 0x14e prot: 2 data: 80 80 80 00 00 00 00 00 00 00 00 00 00 00 00 00 00 00 00 00 00 00 00 00 00 00 00 00 00 00 00 00
   721.27ns INFO     cocotb.cluster_wrapper.s01_axi     Write burst start awid: 0x14e awaddr: 0x00000020 awlen: 7 awsize: 2 awprot: 2
   721.39ns INFO     cocotb.cluster_wrapper.s01_axi     Write burst complete bid: 0x14e bresp: 0
   721.39ns INFO     cocotb.cluster_wrapper.s01_axi     Write complete addr: 0x00000020 prot: 2 resp: 0 length: 32
   721.39ns INFO     cocotb.cluster_wrapper.s01_axi     Write start addr: 0x00000040 awid: 0x14f prot: 2 data: 80 7f 80 00 00 00 00 00 00 00 00 00 00 00 00 00 00 00 00 00 00 00 00 00 00 00 00 00 00 00 00 00
   721.39ns INFO     cocotb.cluster_wrapper.s01_axi     Write burst start awid: 0x14f awaddr: 0x00000040 awlen: 7 awsize: 2 awprot: 2
   721.51ns INFO     cocotb.cluster_wrapper.s01_axi     Write burst complete bid: 0x14f bresp: 0
   721.51ns INFO     cocotb.cluster_wrapper.s01_axi     Write complete addr: 0x00000040 prot: 2 resp: 0 length: 32
   721.51ns INFO     cocotb.cluster_wrapper.s01_axi     Write start addr: 0x00000060 awid: 0x150 prot: 2 data: 7f 80 80 00 00 00 00 00 00 00 00 00 00 00 00 00 00 00 00 00 00 00 00 00 00 00 00 00 00 00 00 00
   721.51ns INFO     cocotb.cluster_wrapper.s01_axi     Write burst start awid: 0x150 awaddr: 0x00000060 awlen: 7 awsize: 2 awprot: 2
   721.63ns INFO     cocotb.cluster_wrapper.s01_axi     Write burst complete bid: 0x150 bresp: 0
   721.63ns INFO     cocotb.cluster_wrapper.s01_axi     Write complete addr: 0x00000060 prot: 2 resp: 0 length: 32
   721.63ns INFO     cocotb.cluster_wrapper.s01_axi     Write start addr: 0x00000080 awid: 0x151 prot: 2 data: 7f 80 80 00 00 00 00 00 00 00 00 00 00 00 00 00 00 00 00 00 00 00 00 00 00 00 00 00 00 00 00 00
   721.63ns INFO     cocotb.cluster_wrapper.s01_axi     Write burst start awid: 0x151 awaddr: 0x00000080 awlen: 7 awsize: 2 awprot: 2
   721.75ns INFO     cocotb.cluster_wrapper.s01_axi     Write burst complete bid: 0x151 bresp: 0
   721.75ns INFO     cocotb.cluster_wrapper.s01_axi     Write start addr: 0x000000a0 awid: 0x152 prot: 2 data: 80 80 80 00 00 00 00 00 00 00 00 00 00 00 00 00 00 00 00 00 00 00 00 00 00 00 00 00 00 00 00 00
   721.75ns INFO     cocotb.cluster_wrapper.s01_axi     Write burst start awid: 0x152 awaddr: 0x000000a0 awlen: 7 awsize: 2 awprot: 2
   721.87ns INFO     cocotb.cluster_wrapper.s01_axi     Write burst complete bid: 0x152 bresp: 0
   721.87ns INFO     cocotb.cluster_wrapper.s01_axi     Write complete addr: 0x000000a0 prot: 2 resp: 0 length: 32
   721.87ns INFO     cocotb.cluster_wrapper.s01_axi     Write start addr: 0x000000c0 awid: 0x153 prot: 2 data: 80 7f 80 00 00 00 00 00 00 00 00 00 00 00 00 00 00 00 00 00 00 00 00 00 00 00 00 00 00 00 00 00
   721.87ns INFO     cocotb.cluster_wrapper.s01_axi     Write burst start awid: 0x153 awaddr: 0x000000c0 awlen: 7 awsize: 2 awprot: 2
   721.99ns INFO     cocotb.cluster_wrapper.s01_axi     Write burst complete bid: 0x153 bresp: 0
   721.99ns INFO     cocotb.cluster_wrapper.s01_axi     Write complete addr: 0x000000c0 prot: 2 resp: 0 length: 32
   721.99ns INFO     cocotb.cluster_wrapper.s01_axi     Write start addr: 0x000000e0 awid: 0x154 prot: 2 data: 7f 7f 80 00 00 00 00 00 00 00 00 00 00 00 00 00 00 00 00 00 00 00 00 00 00 00 00 00 00 00 00 00
   721.99ns INFO     cocotb.cluster_wrapper.s01_axi     Write burst start awid: 0x154 awaddr: 0x000000e0 awlen: 7 awsize: 2 awprot: 2
   722.11ns INFO     cocotb.cluster_wrapper.s01_axi     Write burst complete bid: 0x154 bresp: 0
   722.11ns INFO     cocotb.cluster_wrapper.s01_axi     Write complete addr: 0x000000e0 prot: 2 resp: 0 length: 32
   722.11ns INFO     cocotb.cluster_wrapper.s01_axi     Write start addr: 0x00000100 awid: 0x155 prot: 2 data: 7f 7f 80 00 00 00 00 00 00 00 00 00 00 00 00 00 00 00 00 00 00 00 00 00 00 00 00 00 00 00 00 00
   722.11ns INFO     cocotb.cluster_wrapper.s01_axi     Write burst start awid: 0x155 awaddr: 0x00000100 awlen: 7 awsize: 2 awprot: 2
   722.23ns INFO     cocotb.cluster_wrapper.s01_axi     Write burst complete bid: 0x155 bresp: 0
   722.23ns INFO     cocotb.cluster_wrapper.s01_axi     Write complete addr: 0x00000100 prot: 2 resp: 0 length: 32
   722.23ns INFO     cocotb.cluster_wrapper.s00_axi     Read start addr: 0x00000004 arid: 0x25 prot: 2
   722.23ns INFO     cocotb.cluster_wrapper.s00_axi     Read burst start arid: 0x25 araddr: 0x00000004 arlen: 0 arsize: 2 arprot: 2
   722.27ns INFO     cocotb.cluster_wrapper.s00_axi     Read burst complete rid: 0x25 rresp: 0
   722.27ns INFO     cocotb.cluster_wrapper.s00_axi     Read complete addr: 0x00000004 prot: 2 resp: 0 data: 07 00 01 00
   732.27ns INFO     cocotb.cluster_wrapper.s00_axi     Write start addr: 0x00000000 awid: 0x71 prot: 2 data: 00 00 00 00
   732.27ns INFO     cocotb.cluster_wrapper.s00_axi     Write burst start awid: 0x71 awaddr: 0x00000000 awlen: 0 awsize: 2 awprot: 2
   732.31ns INFO     cocotb.cluster_wrapper.s00_axi     Write burst complete bid: 0x71 bresp: 0
   732.31ns INFO     cocotb.cluster_wrapper.s00_axi     Write complete addr: 0x00000000 prot: 2 resp: 0 length: 4
   732.31ns INFO     cocotb.cluster_wrapper.s00_axi     Write start addr: 0x00000000 awid: 0x72 prot: 2 data: 01 80 02 00
   732.31ns INFO     cocotb.cluster_wrapper.s00_axi     Write burst start awid: 0x72 awaddr: 0x00000000 awlen: 0 awsize: 2 awprot: 2
   732.36ns INFO     cocotb.cluster_wrapper.s00_axi     Write burst complete bid: 0x72 bresp: 0
   732.36ns INFO     cocotb.cluster_wrapper.s00_axi     Write complete addr: 0x00000000 prot: 2 resp: 0 length: 4
   732.36ns INFO     cocotb.cluster_wrapper.s00_axi     Write start addr: 0x00000004 awid: 0x73 prot: 2 data: 07 00 00 00
   732.36ns INFO     cocotb.cluster_wrapper.s00_axi     Write burst start awid: 0x73 awaddr: 0x00000004 awlen: 0 awsize: 2 awprot: 2
   732.41ns INFO     cocotb.cluster_wrapper.s00_axi     Write burst complete bid: 0x73 bresp: 0
   732.41ns INFO     cocotb.cluster_wrapper.s00_axi     Write complete addr: 0x00000004 prot: 2 resp: 0 length: 4
   732.41ns INFO     cocotb.cluster_wrapper.s01_axi     Write start addr: 0x00000000 awid: 0x156 prot: 2 data: 80 80 80 00 00 00 00 00 00 00 00 00 00 00 00 00 00 00 00 00 00 00 00 00 00 00 00 00 00 00 00 00
   732.41ns INFO     cocotb.cluster_wrapper.s01_axi     Write burst start awid: 0x156 awaddr: 0x00000000 awlen: 7 awsize: 2 awprot: 2
   732.53ns INFO     cocotb.cluster_wrapper.s01_axi     Write burst complete bid: 0x156 bresp: 0
   732.53ns INFO     cocotb.cluster_wrapper.s01_axi     Write complete addr: 0x00000000 prot: 2 resp: 0 length: 32
   732.53ns INFO     cocotb.cluster_wrapper.s01_axi     Write start addr: 0x00000020 awid: 0x157 prot: 2 data: 7f 80 7f 00 00 00 00 00 00 00 00 00 00 00 00 00 00 00 00 00 00 00 00 00 00 00 00 00 00 00 00 00
   732.53ns INFO     cocotb.cluster_wrapper.s01_axi     Write burst start awid: 0x157 awaddr: 0x00000020 awlen: 7 awsize: 2 awprot: 2
   732.65ns INFO     cocotb.cluster_wrapper.s01_axi     Write burst complete bid: 0x157 bresp: 0
   732.65ns INFO     cocotb.cluster_wrapper.s01_axi     Write complete addr: 0x00000020 prot: 2 resp: 0 length: 32
   732.65ns INFO     cocotb.cluster_wrapper.s01_axi     Write start addr: 0x00000040 awid: 0x158 prot: 2 data: 80 80 80 00 00 00 00 00 00 00 00 00 00 00 00 00 00 00 00 00 00 00 00 00 00 00 00 00 00 00 00 00
   732.65ns INFO     cocotb.cluster_wrapper.s01_axi     Write burst start awid: 0x158 awaddr: 0x00000040 awlen: 7 awsize: 2 awprot: 2
   732.77ns INFO     cocotb.cluster_wrapper.s01_axi     Write burst complete bid: 0x158 bresp: 0
   732.77ns INFO     cocotb.cluster_wrapper.s01_axi     Write complete addr: 0x00000040 prot: 2 resp: 0 length: 32
   732.77ns INFO     cocotb.cluster_wrapper.s01_axi     Write start addr: 0x00000060 awid: 0x159 prot: 2 data: 7f 80 7f 00 00 00 00 00 00 00 00 00 00 00 00 00 00 00 00 00 00 00 00 00 00 00 00 00 00 00 00 00
   732.77ns INFO     cocotb.cluster_wrapper.s01_axi     Write burst start awid: 0x159 awaddr: 0x00000060 awlen: 7 awsize: 2 awprot: 2
   732.89ns INFO     cocotb.cluster_wrapper.s01_axi     Write burst complete bid: 0x159 bresp: 0
   732.89ns INFO     cocotb.cluster_wrapper.s01_axi     Write complete addr: 0x00000060 prot: 2 resp: 0 length: 32
   732.89ns INFO     cocotb.cluster_wrapper.s01_axi     Write start addr: 0x00000080 awid: 0x15a prot: 2 data: 7f 80 7f 00 00 00 00 00 00 00 00 00 00 00 00 00 00 00 00 00 00 00 00 00 00 00 00 00 00 00 00 00
   732.89ns INFO     cocotb.cluster_wrapper.s01_axi     Write burst start awid: 0x15a awaddr: 0x00000080 awlen: 7 awsize: 2 awprot: 2
   733.01ns INFO     cocotb.cluster_wrapper.s01_axi     Write burst complete bid: 0x15a bresp: 0
   733.01ns INFO     cocotb.cluster_wrapper.s01_axi     Write complete addr: 0x00000080 prot: 2 resp: 0 length: 32
   733.01ns INFO     cocotb.cluster_wrapper.s01_axi     Write start addr: 0x000000a0 awid: 0x15b prot: 2 data: 7f 80 80 00 00 00 00 00 00 00 00 00 00 00 00 00 00 00 00 00 00 00 00 00 00 00 00 00 00 00 00 00
   733.01ns INFO     cocotb.cluster_wrapper.s01_axi     Write burst start awid: 0x15b awaddr: 0x000000a0 awlen: 7 awsize: 2 awprot: 2
   733.13ns INFO     cocotb.cluster_wrapper.s01_axi     Write burst complete bid: 0x15b bresp: 0
   733.13ns INFO     cocotb.cluster_wrapper.s01_axi     Write complete addr: 0x000000a0 prot: 2 resp: 0 length: 32
   733.13ns INFO     cocotb.cluster_wrapper.s01_axi     Write start addr: 0x000000c0 awid: 0x15c prot: 2 data: 80 7f 7f 00 00 00 00 00 00 00 00 00 00 00 00 00 00 00 00 00 00 00 00 00 00 00 00 00 00 00 00 00
   733.13ns INFO     cocotb.cluster_wrapper.s01_axi     Write burst start awid: 0x15c awaddr: 0x000000c0 awlen: 7 awsize: 2 awprot: 2
   733.25ns INFO     cocotb.cluster_wrapper.s01_axi     Write burst complete bid: 0x15c bresp: 0
   733.25ns INFO     cocotb.cluster_wrapper.s01_axi     Write complete addr: 0x000000c0 prot: 2 resp: 0 length: 32
   733.25ns INFO     cocotb.cluster_wrapper.s01_axi     Write start addr: 0x000000e0 awid: 0x15d prot: 2 data: 80 80 7f 00 00 00 00 00 00 00 00 00 00 00 00 00 00 00 00 00 00 00 00 00 00 00 00 00 00 00 00 00
   733.25ns INFO     cocotb.cluster_wrapper.s01_axi     Write burst start awid: 0x15d awaddr: 0x000000e0 awlen: 7 awsize: 2 awprot: 2
   733.37ns INFO     cocotb.cluster_wrapper.s01_axi     Write burst complete bid: 0x15d bresp: 0
   733.37ns INFO     cocotb.cluster_wrapper.s01_axi     Write complete addr: 0x000000e0 prot: 2 resp: 0 length: 32
   733.37ns INFO     cocotb.cluster_wrapper.s01_axi     Write start addr: 0x00000100 awid: 0x15e prot: 2 data: 7f 7f 80 00 00 00 00 00 00 00 00 00 00 00 00 00 00 00 00 00 00 00 00 00 00 00 00 00 00 00 00 00
   733.49ns INFO     cocotb.cluster_wrapper.s01_axi     Write burst complete bid: 0x15e bresp: 0
0000100 awlen: 7 awsize: 2 awprot: 2
   733.49ns INFO     cocotb.cluster_wrapper.s01_axi     Write complete addr: 0x00000100 prot: 2 resp: 0 length: 32
   733.49ns INFO     cocotb.cluster_wrapper.s00_axi     Read start addr: 0x00000004 arid: 0x26 prot: 2
   733.49ns INFO     cocotb.cluster_wrapper.s00_axi     Read burst start arid: 0x26 araddr: 0x00000004 arlen: 0 arsize: 2 arprot: 2
   733.53ns INFO     cocotb.cluster_wrapper.s00_axi     Read burst complete rid: 0x26 rresp: 0
   733.53ns INFO     cocotb.cluster_wrapper.s00_axi     Read complete addr: 0x00000004 prot: 2 resp: 0 data: 07 00 01 00
   743.53ns INFO     cocotb.cluster_wrapper.s00_axi     Write start addr: 0x00000000 awid: 0x74 prot: 2 data: 00 00 00 00
   743.53ns INFO     cocotb.cluster_wrapper.s00_axi     Write burst start awid: 0x74 awaddr: 0x00000000 awlen: 0 awsize: 2 awprot: 2
   743.57ns INFO     cocotb.cluster_wrapper.s00_axi     Write burst complete bid: 0x74 bresp: 0
   743.57ns INFO     cocotb.cluster_wrapper.s00_axi     Write complete addr: 0x00000000 prot: 2 resp: 0 length: 4
   743.57ns INFO     cocotb.cluster_wrapper.s00_axi     Write start addr: 0x00000000 awid: 0x75 prot: 2 data: 01 80 02 00
   743.57ns INFO     cocotb.cluster_wrapper.s00_axi     Write burst start awid: 0x75 awaddr: 0x00000000 awlen: 0 awsize: 2 awprot: 2
   743.62ns INFO     cocotb.cluster_wrapper.s00_axi     Write burst complete bid: 0x75 bresp: 0
   743.62ns INFO     cocotb.cluster_wrapper.s00_axi     Write complete addr: 0x00000000 prot: 2 resp: 0 length: 4
   743.62ns INFO     cocotb.cluster_wrapper.s00_axi     Write start addr: 0x00000004 awid: 0x76 prot: 2 data: 07 00 00 00
   743.62ns INFO     cocotb.cluster_wrapper.s00_axi     Write burst start awid: 0x76 awaddr: 0x00000004 awlen: 0 awsize: 2 awprot: 2
   743.67ns INFO     cocotb.cluster_wrapper.s00_axi     Write burst complete bid: 0x76 bresp: 0
   743.67ns INFO     cocotb.cluster_wrapper.s00_axi     Write complete addr: 0x00000004 prot: 2 resp: 0 length: 4
   743.67ns INFO     cocotb.cluster_wrapper.s01_axi     Write start addr: 0x00000000 awid: 0x15f prot: 2 data: ff ff 00 00 00 00 00 00 00 00 00 00 00 00 00 00 00 00 00 00 00 00 00 00 00 00 00 00 00 00 00 00
   743.67ns INFO     cocotb.cluster_wrapper.s01_axi     Write burst start awid: 0x15f awaddr: 0x00000000 awlen: 7 awsize: 2 awprot: 2
   743.79ns INFO     cocotb.cluster_wrapper.s01_axi     Write burst complete bid: 0x15f bresp: 0
   743.79ns INFO     cocotb.cluster_wrapper.s01_axi     Write complete addr: 0x00000000 prot: 2 resp: 0 length: 32
   743.79ns INFO     cocotb.cluster_wrapper.s01_axi     Write start addr: 0x00000020 awid: 0x160 prot: 2 data: 80 7f 7f 00 00 00 00 00 00 00 00 00 00 00 00 00 00 00 00 00 00 00 00 00 00 00 00 00 00 00 00 00
   743.79ns INFO     cocotb.cluster_wrapper.s01_axi     Write burst start awid: 0x160 awaddr: 0x00000020 awlen: 7 awsize: 2 awprot: 2
   743.91ns INFO     cocotb.cluster_wrapper.s01_axi     Write burst complete bid: 0x160 bresp: 0
   743.91ns INFO     cocotb.cluster_wrapper.s01_axi     Write complete addr: 0x00000020 prot: 2 resp: 0 length: 32
   743.91ns INFO     cocotb.cluster_wrapper.s01_axi     Write start addr: 0x00000040 awid: 0x161 prot: 2 data: 80 7f 7f 00 00 00 00 00 00 00 00 00 00 00 00 00 00 00 00 00 00 00 00 00 00 00 00 00 00 00 00 00
   743.91ns INFO     cocotb.cluster_wrapper.s01_axi     Write burst start awid: 0x161 awaddr: 0x00000040 awlen: 7 awsize: 2 awprot: 2
   744.03ns INFO     cocotb.cluster_wrapper.s01_axi     Write burst complete bid: 0x161 bresp: 0
   744.03ns INFO     cocotb.cluster_wrapper.s01_axi     Write complete addr: 0x00000040 prot: 2 resp: 0 length: 32
   744.03ns INFO     cocotb.cluster_wrapper.s01_axi     Write start addr: 0x00000060 awid: 0x162 prot: 2 data: 80 7f 7f 00 00 00 00 00 00 00 00 00 00 00 00 00 00 00 00 00 00 00 00 00 00 00 00 00 00 00 00 00
   744.03ns INFO     cocotb.cluster_wrapper.s01_axi     Write burst start awid: 0x162 awaddr: 0x00000060 awlen: 7 awsize: 2 awprot: 2
   744.15ns INFO     cocotb.cluster_wrapper.s01_axi     Write burst complete bid: 0x162 bresp: 0
   744.15ns INFO     cocotb.cluster_wrapper.s01_axi     Write complete addr: 0x00000060 prot: 2 resp: 0 length: 32
   744.15ns INFO     cocotb.cluster_wrapper.s01_axi     Write start addr: 0x00000080 awid: 0x163 prot: 2 data: 7f 7f 80 00 00 00 00 00 00 00 00 00 00 00 00 00 00 00 00 00 00 00 00 00 00 00 00 00 00 00 00 00
   744.15ns INFO     cocotb.cluster_wrapper.s01_axi     Write burst start awid: 0x163 awaddr: 0x00000080 awlen: 7 awsize: 2 awprot: 2
   744.27ns INFO     cocotb.cluster_wrapper.s01_axi     Write burst complete bid: 0x163 bresp: 0
   744.27ns INFO     cocotb.cluster_wrapper.s01_axi     Write complete addr: 0x00000080 prot: 2 resp: 0 length: 32
   744.27ns INFO     cocotb.cluster_wrapper.s01_axi     Write start addr: 0x000000a0 awid: 0x164 prot: 2 data: 80 7f 7f 00 00 00 00 00 00 00 00 00 00 00 00 00 00 00 00 00 00 00 00 00 00 00 00 00 00 00 00 00
   744.27ns INFO     cocotb.cluster_wrapper.s01_axi     Write burst start awid: 0x164 awaddr: 0x000000a0 awlen: 7 awsize: 2 awprot: 2
   744.39ns INFO     cocotb.cluster_wrapper.s01_axi     Write burst complete bid: 0x164 bresp: 0
   744.39ns INFO     cocotb.cluster_wrapper.s01_axi     Write complete addr: 0x000000a0 prot: 2 resp: 0 length: 32
   744.39ns INFO     cocotb.cluster_wrapper.s01_axi     Write start addr: 0x000000c0 awid: 0x165 prot: 2 data: 80 80 7f 00 00 00 00 00 00 00 00 00 00 00 00 00 00 00 00 00 00 00 00 00 00 00 00 00 00 00 00 00
   744.39ns INFO     cocotb.cluster_wrapper.s01_axi     Write burst start awid: 0x165 awaddr: 0x000000c0 awlen: 7 awsize: 2 awprot: 2
   744.51ns INFO     cocotb.cluster_wrapper.s01_axi     Write burst complete bid: 0x165 bresp: 0
   744.51ns INFO     cocotb.cluster_wrapper.s01_axi     Write complete addr: 0x000000c0 prot: 2 resp: 0 length: 32
   744.51ns INFO     cocotb.cluster_wrapper.s01_axi     Write start addr: 0x000000e0 awid: 0x166 prot: 2 data: 7f 7f 80 00 00 00 00 00 00 00 00 00 00 00 00 00 00 00 00 00 00 00 00 00 00 00 00 00 00 00 00 00
   744.51ns INFO     cocotb.cluster_wrapper.s01_axi     Write burst start awid: 0x166 awaddr: 0x000000e0 awlen: 7 awsize: 2 awprot: 2
   744.63ns INFO     cocotb.cluster_wrapper.s01_axi     Write burst complete bid: 0x166 bresp: 0
   744.63ns INFO     cocotb.cluster_wrapper.s01_axi     Write complete addr: 0x000000e0 prot: 2 resp: 0 length: 32
   744.63ns INFO     cocotb.cluster_wrapper.s01_axi     Write start addr: 0x00000100 awid: 0x167 prot: 2 data: 80 7f 80 00 00 00 00 00 00 00 00 00 00 00 00 00 00 00 00 00 00 00 00 00 00 00 00 00 00 00 00 00
   744.63ns INFO     cocotb.cluster_wrapper.s01_axi     Write burst start awid: 0x167 awaddr: 0x00000100 awlen: 7 awsize: 2 awprot: 2
   744.75ns INFO     cocotb.cluster_wrapper.s01_axi     Write burst complete bid: 0x167 bresp: 0
   744.75ns INFO     cocotb.cluster_wrapper.s01_axi     Write complete addr: 0x00000100 prot: 2 resp: 0 length: 32
   744.75ns INFO     cocotb.cluster_wrapper.s00_axi     Read start addr: 0x00000004 arid: 0x27 prot: 2
   744.75ns INFO     cocotb.cluster_wrapper.s00_axi     Read burst start arid: 0x27 araddr: 0x00000004 arlen: 0 arsize: 2 arprot: 2
   744.79ns INFO     cocotb.cluster_wrapper.s00_axi     Read burst complete rid: 0x27 rresp: 0
   744.79ns INFO     cocotb.cluster_wrapper.s00_axi     Read complete addr: 0x00000004 prot: 2 resp: 0 data: 07 00 01 00
   754.79ns INFO     cocotb.cluster_wrapper.s00_axi     Write start addr: 0x00000000 awid: 0x77 prot: 2 data: 00 00 00 00
   754.79ns INFO     cocotb.cluster_wrapper.s00_axi     Write burst start awid: 0x77 awaddr: 0x00000000 awlen: 0 awsize: 2 awprot: 2
   754.83ns INFO     cocotb.cluster_wrapper.s00_axi     Write burst complete bid: 0x77 bresp: 0
   754.83ns INFO     cocotb.cluster_wrapper.s00_axi     Write complete addr: 0x00000000 prot: 2 resp: 0 length: 4
   754.83ns INFO     cocotb.cluster_wrapper.s00_axi     Write start addr: 0x00000000 awid: 0x78 prot: 2 data: 01 80 02 00
   754.83ns INFO     cocotb.cluster_wrapper.s00_axi     Write burst start awid: 0x78 awaddr: 0x00000000 awlen: 0 awsize: 2 awprot: 2
   754.88ns INFO     cocotb.cluster_wrapper.s00_axi     Write burst complete bid: 0x78 bresp: 0
   754.88ns INFO     cocotb.cluster_wrapper.s00_axi     Write complete addr: 0x00000000 prot: 2 resp: 0 length: 4
   754.88ns INFO     cocotb.cluster_wrapper.s00_axi     Write start addr: 0x00000004 awid: 0x79 prot: 2 data: 07 00 00 00
   754.88ns INFO     cocotb.cluster_wrapper.s00_axi     Write burst start awid: 0x79 awaddr: 0x00000004 awlen: 0 awsize: 2 awprot: 2
   754.93ns INFO     cocotb.cluster_wrapper.s00_axi     Write burst complete bid: 0x79 bresp: 0
   754.93ns INFO     cocotb.cluster_wrapper.s00_axi     Write complete addr: 0x00000004 prot: 2 resp: 0 length: 4
   754.93ns INFO     cocotb.cluster_wrapper.s01_axi     Write start addr: 0x00000000 awid: 0x168 prot: 2 data: ff ff ff 00 00 00 00 00 00 00 00 00 00 00 00 00 00 00 00 00 00 00 00 00 00 00 00 00 00 00 00 00
   754.93ns INFO     cocotb.cluster_wrapper.s01_axi     Write burst start awid: 0x168 awaddr: 0x00000000 awlen: 7 awsize: 2 awprot: 2
   755.05ns INFO     cocotb.cluster_wrapper.s01_axi     Write burst complete bid: 0x168 bresp: 0
   755.05ns INFO     cocotb.cluster_wrapper.s01_axi     Write complete addr: 0x00000000 prot: 2 resp: 0 length: 32
   755.05ns INFO     cocotb.cluster_wrapper.s01_axi     Write start addr: 0x00000020 awid: 0x169 prot: 2 data: 80 7f 7f 00 00 00 00 00 00 00 00 00 00 00 00 00 00 00 00 00 00 00 00 00 00 00 00 00 00 00 00 00
   755.05ns INFO     cocotb.cluster_wrapper.s01_axi     Write burst start awid: 0x169 awaddr: 0x00000020 awlen: 7 awsize: 2 awprot: 2
   755.17ns INFO     cocotb.cluster_wrapper.s01_axi     Write burst complete bid: 0x169 bresp: 0
   755.17ns INFO     cocotb.cluster_wrapper.s01_axi     Write complete addr: 0x00000020 prot: 2 resp: 0 length: 32
   755.17ns INFO     cocotb.cluster_wrapper.s01_axi     Write start addr: 0x00000040 awid: 0x16a prot: 2 data: 80 80 7f 00 00 00 00 00 00 00 00 00 00 00 00 00 00 00 00 00 00 00 00 00 00 00 00 00 00 00 00 00
   755.17ns INFO     cocotb.cluster_wrapper.s01_axi     Write burst start awid: 0x16a awaddr: 0x00000040 awlen: 7 awsize: 2 awprot: 2
   755.29ns INFO     cocotb.cluster_wrapper.s01_axi     Write burst complete bid: 0x16a bresp: 0
   755.29ns INFO     cocotb.cluster_wrapper.s01_axi     Write complete addr: 0x00000040 prot: 2 resp: 0 length: 32
   755.29ns INFO     cocotb.cluster_wrapper.s01_axi     Write start addr: 0x00000060 awid: 0x16b prot: 2 data: 80 7f 80 00 00 00 00 00 00 00 00 00 00 00 00 00 00 00 00 00 00 00 00 00 00 00 00 00 00 00 00 00
   755.29ns INFO     cocotb.cluster_wrapper.s01_axi     Write burst start awid: 0x16b awaddr: 0x00000060 awlen: 7 awsize: 2 awprot: 2
   755.41ns INFO     cocotb.cluster_wrapper.s01_axi     Write burst complete bid: 0x16b bresp: 0
   755.41ns INFO     cocotb.cluster_wrapper.s01_axi     Write complete addr: 0x00000060 prot: 2 resp: 0 length: 32
   755.41ns INFO     cocotb.cluster_wrapper.s01_axi     Write start addr: 0x00000080 awid: 0x16c prot: 2 data: 7f 7f 7f 00 00 00 00 00 00 00 00 00 00 00 00 00 00 00 00 00 00 00 00 00 00 00 00 00 00 00 00 00
   755.41ns INFO     cocotb.cluster_wrapper.s01_axi     Write burst start awid: 0x16c awaddr: 0x00000080 awlen: 7 awsize: 2 awprot: 2
   755.53ns INFO     cocotb.cluster_wrapper.s01_axi     Write burst complete bid: 0x16c bresp: 0
   755.53ns INFO     cocotb.cluster_wrapper.s01_axi     Write complete addr: 0x00000080 prot: 2 resp: 0 length: 32
   755.53ns INFO     cocotb.cluster_wrapper.s01_axi     Write start addr: 0x000000a0 awid: 0x16d prot: 2 data: 7f 7f 80 00 00 00 00 00 00 00 00 00 00 00 00 00 00 00 00 00 00 00 00 00 00 00 00 00 00 00 00 00
   755.53ns INFO     cocotb.cluster_wrapper.s01_axi     Write burst start awid: 0x16d awaddr: 0x000000a0 awlen: 7 awsize: 2 awprot: 2
   755.65ns INFO     cocotb.cluster_wrapper.s01_axi     Write burst complete bid: 0x16d bresp: 0
   755.65ns INFO     cocotb.cluster_wrapper.s01_axi     Write complete addr: 0x000000a0 prot: 2 resp: 0 length: 32
   755.65ns INFO     cocotb.cluster_wrapper.s01_axi     Write start addr: 0x000000c0 awid: 0x16e prot: 2 data: 7f 7f 7f 00 00 00 00 00 00 00 00 00 00 00 00 00 00 00 00 00 00 00 00 00 00 00 00 00 00 00 00 00
   755.65ns INFO     cocotb.cluster_wrapper.s01_axi     Write burst start awid: 0x16e awaddr: 0x000000c0 awlen: 7 awsize: 2 awprot: 2
   755.77ns INFO     cocotb.cluster_wrapper.s01_axi     Write burst complete bid: 0x16e bresp: 0
   755.77ns INFO     cocotb.cluster_wrapper.s01_axi     Write complete addr: 0x000000c0 prot: 2 resp: 0 length: 32
   755.77ns INFO     cocotb.cluster_wrapper.s01_axi     Write start addr: 0x000000e0 awid: 0x16f prot: 2 data: 80 80 80 00 00 00 00 00 00 00 00 00 00 00 00 00 00 00 00 00 00 00 00 00 00 00 00 00 00 00 00 00
   755.77ns INFO     cocotb.cluster_wrapper.s01_axi     Write burst start awid: 0x16f awaddr: 0x000000e0 awlen: 7 awsize: 2 awprot: 2
   755.89ns INFO     cocotb.cluster_wrapper.s01_axi     Write burst complete bid: 0x16f bresp: 0
   755.89ns INFO     cocotb.cluster_wrapper.s01_axi     Write complete addr: 0x000000e0 prot: 2 resp: 0 length: 32
   755.89ns INFO     cocotb.cluster_wrapper.s01_axi     Write start addr: 0x00000100 awid: 0x170 prot: 2 data: 80 7f 80 00 00 00 00 00 00 00 00 00 00 00 00 00 00 00 00 00 00 00 00 00 00 00 00 00 00 00 00 00
   755.89ns INFO     cocotb.cluster_wrapper.s01_axi     Write burst start awid: 0x170 awaddr: 0x00000100 awlen: 7 awsize: 2 awprot: 2
   756.01ns INFO     cocotb.cluster_wrapper.s01_axi     Write burst complete bid: 0x170 bresp: 0
   756.01ns INFO     cocotb.cluster_wrapper.s01_axi     Write complete addr: 0x00000100 prot: 2 resp: 0 length: 32
   756.01ns INFO     cocotb.cluster_wrapper.s00_axi     Read start addr: 0x00000004 arid: 0x28 prot: 2
   756.01ns INFO     cocotb.cluster_wrapper.s00_axi     Read burst start arid: 0x28 araddr: 0x00000004 arlen: 0 arsize: 2 arprot: 2
   756.05ns INFO     cocotb.cluster_wrapper.s00_axi     Read burst complete rid: 0x28 rresp: 0
   756.05ns INFO     cocotb.cluster_wrapper.s00_axi     Read complete addr: 0x00000004 prot: 2 resp: 0 data: 07 00 01 00
   766.05ns INFO     cocotb.cluster_wrapper.s00_axi     Write start addr: 0x00000000 awid: 0x7a prot: 2 data: 00 00 00 00
   766.05ns INFO     cocotb.cluster_wrapper.s00_axi     Write burst start awid: 0x7a awaddr: 0x00000000 awlen: 0 awsize: 2 awprot: 2
   766.09ns INFO     cocotb.cluster_wrapper.s00_axi     Write burst complete bid: 0x7a bresp: 0
   766.09ns INFO     cocotb.cluster_wrapper.s00_axi     Write complete addr: 0x00000000 prot: 2 resp: 0 length: 4
   766.09ns INFO     cocotb.cluster_wrapper.s00_axi     Write start addr: 0x00000000 awid: 0x7b prot: 2 data: 01 80 02 00
   766.09ns INFO     cocotb.cluster_wrapper.s00_axi     Write burst start awid: 0x7b awaddr: 0x00000000 awlen: 0 awsize: 2 awprot: 2
   766.14ns INFO     cocotb.cluster_wrapper.s00_axi     Write burst complete bid: 0x7b bresp: 0
   766.14ns INFO     cocotb.cluster_wrapper.s00_axi     Write complete addr: 0x00000000 prot: 2 resp: 0 length: 4
   766.14ns INFO     cocotb.cluster_wrapper.s00_axi     Write start addr: 0x00000004 awid: 0x7c prot: 2 data: 07 00 00 00
   766.14ns INFO     cocotb.cluster_wrapper.s00_axi     Write burst start awid: 0x7c awaddr: 0x00000004 awlen: 0 awsize: 2 awprot: 2
   766.19ns INFO     cocotb.cluster_wrapper.s00_axi     Write burst complete bid: 0x7c bresp: 0
   766.19ns INFO     cocotb.cluster_wrapper.s00_axi     Write complete addr: 0x00000004 prot: 2 resp: 0 length: 4
   766.19ns INFO     cocotb.cluster_wrapper.s01_axi     Write start addr: 0x00000000 awid: 0x171 prot: 2 data: 00 00 ff 00 00 00 00 00 00 00 00 00 00 00 00 00 00 00 00 00 00 00 00 00 00 00 00 00 00 00 00 00
   766.19ns INFO     cocotb.cluster_wrapper.s01_axi     Write burst start awid: 0x171 awaddr: 0x00000000 awlen: 7 awsize: 2 awprot: 2
   766.31ns INFO     cocotb.cluster_wrapper.s01_axi     Write burst complete bid: 0x171 bresp: 0
   766.31ns INFO     cocotb.cluster_wrapper.s01_axi     Write complete addr: 0x00000000 prot: 2 resp: 0 length: 32
   766.31ns INFO     cocotb.cluster_wrapper.s01_axi     Write start addr: 0x00000020 awid: 0x172 prot: 2 data: 80 7f 80 00 00 00 00 00 00 00 00 00 00 00 00 00 00 00 00 00 00 00 00 00 00 00 00 00 00 00 00 00
   766.31ns INFO     cocotb.cluster_wrapper.s01_axi     Write burst start awid: 0x172 awaddr: 0x00000020 awlen: 7 awsize: 2 awprot: 2
   766.43ns INFO     cocotb.cluster_wrapper.s01_axi     Write burst complete bid: 0x172 bresp: 0
   766.43ns INFO     cocotb.cluster_wrapper.s01_axi     Write start addr: 0x00000040 awid: 0x173 prot: 2 data: 7f 7f 80 00 00 00 00 00 00 00 00 00 00 00 00 00 00 00 00 00 00 00 00 00 00 00 00 00 00 00 00 00
   766.43ns INFO     cocotb.cluster_wrapper.s01_axi     Write burst start awid: 0x173 awaddr: 0x00000040 awlen: 7 awsize: 2 awprot: 2
   766.55ns INFO     cocotb.cluster_wrapper.s01_axi     Write burst complete bid: 0x173 bresp: 0
   766.55ns INFO     cocotb.cluster_wrapper.s01_axi     Write complete addr: 0x00000040 prot: 2 resp: 0 length: 32
   766.55ns INFO     cocotb.cluster_wrapper.s01_axi     Write start addr: 0x00000060 awid: 0x174 prot: 2 data: 7f 7f 7f 00 00 00 00 00 00 00 00 00 00 00 00 00 00 00 00 00 00 00 00 00 00 00 00 00 00 00 00 00
   766.55ns INFO     cocotb.cluster_wrapper.s01_axi     Write burst start awid: 0x174 awaddr: 0x00000060 awlen: 7 awsize: 2 awprot: 2
   766.67ns INFO     cocotb.cluster_wrapper.s01_axi     Write burst complete bid: 0x174 bresp: 0
   766.67ns INFO     cocotb.cluster_wrapper.s01_axi     Write complete addr: 0x00000060 prot: 2 resp: 0 length: 32
   766.67ns INFO     cocotb.cluster_wrapper.s01_axi     Write start addr: 0x00000080 awid: 0x175 prot: 2 data: 7f 80 80 00 00 00 00 00 00 00 00 00 00 00 00 00 00 00 00 00 00 00 00 00 00 00 00 00 00 00 00 00
   766.67ns INFO     cocotb.cluster_wrapper.s01_axi     Write burst start awid: 0x175 awaddr: 0x00000080 awlen: 7 awsize: 2 awprot: 2
   766.79ns INFO     cocotb.cluster_wrapper.s01_axi     Write burst complete bid: 0x175 bresp: 0
   766.79ns INFO     cocotb.cluster_wrapper.s01_axi     Write complete addr: 0x00000080 prot: 2 resp: 0 length: 32
   766.79ns INFO     cocotb.cluster_wrapper.s01_axi     Write start addr: 0x000000a0 awid: 0x176 prot: 2 data: 80 80 80 00 00 00 00 00 00 00 00 00 00 00 00 00 00 00 00 00 00 00 00 00 00 00 00 00 00 00 00 00
   766.79ns INFO     cocotb.cluster_wrapper.s01_axi     Write burst start awid: 0x176 awaddr: 0x000000a0 awlen: 7 awsize: 2 awprot: 2
   766.91ns INFO     cocotb.cluster_wrapper.s01_axi     Write burst complete bid: 0x176 bresp: 0
   766.91ns INFO     cocotb.cluster_wrapper.s01_axi     Write complete addr: 0x000000a0 prot: 2 resp: 0 length: 32
   766.91ns INFO     cocotb.cluster_wrapper.s01_axi     Write start addr: 0x000000c0 awid: 0x177 prot: 2 data: 80 7f 80 00 00 00 00 00 00 00 00 00 00 00 00 00 00 00 00 00 00 00 00 00 00 00 00 00 00 00 00 00
   766.91ns INFO     cocotb.cluster_wrapper.s01_axi     Write burst start awid: 0x177 awaddr: 0x000000c0 awlen: 7 awsize: 2 awprot: 2
   767.03ns INFO     cocotb.cluster_wrapper.s01_axi     Write burst complete bid: 0x177 bresp: 0
   767.03ns INFO     cocotb.cluster_wrapper.s01_axi     Write complete addr: 0x000000c0 prot: 2 resp: 0 length: 32
   767.03ns INFO     cocotb.cluster_wrapper.s01_axi     Write start addr: 0x000000e0 awid: 0x178 prot: 2 data: 80 7f 80 00 00 00 00 00 00 00 00 00 00 00 00 00 00 00 00 00 00 00 00 00 00 00 00 00 00 00 00 00
   767.03ns INFO     cocotb.cluster_wrapper.s01_axi     Write burst start awid: 0x178 awaddr: 0x000000e0 awlen: 7 awsize: 2 awprot: 2
   767.15ns INFO     cocotb.cluster_wrapper.s01_axi     Write burst complete bid: 0x178 bresp: 0
   767.15ns INFO     cocotb.cluster_wrapper.s01_axi     Write complete addr: 0x000000e0 prot: 2 resp: 0 length: 32
   767.15ns INFO     cocotb.cluster_wrapper.s01_axi     Write start addr: 0x00000100 awid: 0x179 prot: 2 data: 80 80 7f 00 00 00 00 00 00 00 00 00 00 00 00 00 00 00 00 00 00 00 00 00 00 00 00 00 00 00 00 00
   767.15ns INFO     cocotb.cluster_wrapper.s01_axi     Write burst start awid: 0x179 awaddr: 0x00000100 awlen: 7 awsize: 2 awprot: 2
   767.27ns INFO     cocotb.cluster_wrapper.s01_axi     Write burst complete bid: 0x179 bresp: 0
   767.27ns INFO     cocotb.cluster_wrapper.s01_axi     Write complete addr: 0x00000100 prot: 2 resp: 0 length: 32
   767.27ns INFO     cocotb.cluster_wrapper.s00_axi     Read start addr: 0x00000004 arid: 0x29 prot: 2
   767.27ns INFO     cocotb.cluster_wrapper.s00_axi     Read burst start arid: 0x29 araddr: 0x00000004 arlen: 0 arsize: 2 arprot: 2
   767.31ns INFO     cocotb.cluster_wrapper.s00_axi     Read burst complete rid: 0x29 rresp: 0
   767.31ns INFO     cocotb.cluster_wrapper.s00_axi     Read complete addr: 0x00000004 prot: 2 resp: 0 data: 07 00 01 00
   777.31ns INFO     cocotb.cluster_wrapper.s00_axi     Write start addr: 0x00000000 awid: 0x7d prot: 2 data: 00 00 00 00
   777.31ns INFO     cocotb.cluster_wrapper.s00_axi     Write burst start awid: 0x7d awaddr: 0x00000000 awlen: 0 awsize: 2 awprot: 2
   777.35ns INFO     cocotb.cluster_wrapper.s00_axi     Write burst complete bid: 0x7d bresp: 0
   777.35ns INFO     cocotb.cluster_wrapper.s00_axi     Write complete addr: 0x00000000 prot: 2 resp: 0 length: 4
   777.35ns INFO     cocotb.cluster_wrapper.s00_axi     Write start addr: 0x00000000 awid: 0x7e prot: 2 data: 01 80 02 00
   777.35ns INFO     cocotb.cluster_wrapper.s00_axi     Write burst start awid: 0x7e awaddr: 0x00000000 awlen: 0 awsize: 2 awprot: 2
   777.40ns INFO     cocotb.cluster_wrapper.s00_axi     Write burst complete bid: 0x7e bresp: 0
   777.40ns INFO     cocotb.cluster_wrapper.s00_axi     Write complete addr: 0x00000000 prot: 2 resp: 0 length: 4
   777.40ns INFO     cocotb.cluster_wrapper.s00_axi     Write start addr: 0x00000004 awid: 0x7f prot: 2 data: 07 00 00 00
   777.40ns INFO     cocotb.cluster_wrapper.s00_axi     Write burst start awid: 0x7f awaddr: 0x00000004 awlen: 0 awsize: 2 awprot: 2
   777.45ns INFO     cocotb.cluster_wrapper.s00_axi     Write burst complete bid: 0x7f bresp: 0
   777.45ns INFO     cocotb.cluster_wrapper.s00_axi     Write complete addr: 0x00000004 prot: 2 resp: 0 length: 4
   777.45ns INFO     cocotb.cluster_wrapper.s01_axi     Write start addr: 0x00000000 awid: 0x17a prot: 2 data: ff ff ff 00 00 00 00 00 00 00 00 00 00 00 00 00 00 00 00 00 00 00 00 00 00 00 00 00 00 00 00 00
   777.45ns INFO     cocotb.cluster_wrapper.s01_axi     Write burst start awid: 0x17a awaddr: 0x00000000 awlen: 7 awsize: 2 awprot: 2
   777.57ns INFO     cocotb.cluster_wrapper.s01_axi     Write burst complete bid: 0x17a bresp: 0
   777.57ns INFO     cocotb.cluster_wrapper.s01_axi     Write complete addr: 0x00000000 prot: 2 resp: 0 length: 32
   777.57ns INFO     cocotb.cluster_wrapper.s01_axi     Write start addr: 0x00000020 awid: 0x17b prot: 2 data: 80 80 7f 00 00 00 00 00 00 00 00 00 00 00 00 00 00 00 00 00 00 00 00 00 00 00 00 00 00 00 00 00
   777.57ns INFO     cocotb.cluster_wrapper.s01_axi     Write burst start awid: 0x17b awaddr: 0x00000020 awlen: 7 awsize: 2 awprot: 2
   777.69ns INFO     cocotb.cluster_wrapper.s01_axi     Write burst complete bid: 0x17b bresp: 0
   777.69ns INFO     cocotb.cluster_wrapper.s01_axi     Write complete addr: 0x00000020 prot: 2 resp: 0 length: 32
   777.69ns INFO     cocotb.cluster_wrapper.s01_axi     Write start addr: 0x00000040 awid: 0x17c prot: 2 data: 7f 7f 80 00 00 00 00 00 00 00 00 00 00 00 00 00 00 00 00 00 00 00 00 00 00 00 00 00 00 00 00 00
   777.69ns INFO     cocotb.cluster_wrapper.s01_axi     Write burst start awid: 0x17c awaddr: 0x00000040 awlen: 7 awsize: 2 awprot: 2
   777.81ns INFO     cocotb.cluster_wrapper.s01_axi     Write burst complete bid: 0x17c bresp: 0
   777.81ns INFO     cocotb.cluster_wrapper.s01_axi     Write complete addr: 0x00000040 prot: 2 resp: 0 length: 32
   777.81ns INFO     cocotb.cluster_wrapper.s01_axi     Write start addr: 0x00000060 awid: 0x17d prot: 2 data: 80 7f 7f 00 00 00 00 00 00 00 00 00 00 00 00 00 00 00 00 00 00 00 00 00 00 00 00 00 00 00 00 00
   777.81ns INFO     cocotb.cluster_wrapper.s01_axi     Write burst start awid: 0x17d awaddr: 0x00000060 awlen: 7 awsize: 2 awprot: 2
   777.93ns INFO     cocotb.cluster_wrapper.s01_axi     Write burst complete bid: 0x17d bresp: 0
   777.93ns INFO     cocotb.cluster_wrapper.s01_axi     Write complete addr: 0x00000060 prot: 2 resp: 0 length: 32
   777.93ns INFO     cocotb.cluster_wrapper.s01_axi     Write start addr: 0x00000080 awid: 0x17e prot: 2 data: 7f 80 7f 00 00 00 00 00 00 00 00 00 00 00 00 00 00 00 00 00 00 00 00 00 00 00 00 00 00 00 00 00
   777.93ns INFO     cocotb.cluster_wrapper.s01_axi     Write burst start awid: 0x17e awaddr: 0x00000080 awlen: 7 awsize: 2 awprot: 2
   778.05ns INFO     cocotb.cluster_wrapper.s01_axi     Write burst complete bid: 0x17e bresp: 0
   778.05ns INFO     cocotb.cluster_wrapper.s01_axi     Write complete addr: 0x00000080 prot: 2 resp: 0 length: 32
   778.05ns INFO     cocotb.cluster_wrapper.s01_axi     Write start addr: 0x000000a0 awid: 0x17f prot: 2 data: 7f 7f 7f 00 00 00 00 00 00 00 00 00 00 00 00 00 00 00 00 00 00 00 00 00 00 00 00 00 00 00 00 00
   778.05ns INFO     cocotb.cluster_wrapper.s01_axi     Write burst start awid: 0x17f awaddr: 0x000000a0 awlen: 7 awsize: 2 awprot: 2
   778.17ns INFO     cocotb.cluster_wrapper.s01_axi     Write burst complete bid: 0x17f bresp: 0
   778.17ns INFO     cocotb.cluster_wrapper.s01_axi     Write complete addr: 0x000000a0 prot: 2 resp: 0 length: 32
   778.17ns INFO     cocotb.cluster_wrapper.s01_axi     Write start addr: 0x000000c0 awid: 0x180 prot: 2 data: 80 80 7f 00 00 00 00 00 00 00 00 00 00 00 00 00 00 00 00 00 00 00 00 00 00 00 00 00 00 00 00 00
   778.17ns INFO     cocotb.cluster_wrapper.s01_axi     Write burst start awid: 0x180 awaddr: 0x000000c0 awlen: 7 awsize: 2 awprot: 2
   778.29ns INFO     cocotb.cluster_wrapper.s01_axi     Write burst complete bid: 0x180 bresp: 0
   778.29ns INFO     cocotb.cluster_wrapper.s01_axi     Write complete addr: 0x000000c0 prot: 2 resp: 0 length: 32
   778.29ns INFO     cocotb.cluster_wrapper.s01_axi     Write start addr: 0x000000e0 awid: 0x181 prot: 2 data: 80 7f 80 00 00 00 00 00 00 00 00 00 00 00 00 00 00 00 00 00 00 00 00 00 00 00 00 00 00 00 00 00
   778.29ns INFO     cocotb.cluster_wrapper.s01_axi     Write burst start awid: 0x181 awaddr: 0x000000e0 awlen: 7 awsize: 2 awprot: 2
   778.41ns INFO     cocotb.cluster_wrapper.s01_axi     Write burst complete bid: 0x181 bresp: 0
   778.41ns INFO     cocotb.cluster_wrapper.s01_axi     Write complete addr: 0x000000e0 prot: 2 resp: 0 length: 32
   778.41ns INFO     cocotb.cluster_wrapper.s01_axi     Write start addr: 0x00000100 awid: 0x182 prot: 2 data: 7f 80 7f 00 00 00 00 00 00 00 00 00 00 00 00 00 00 00 00 00 00 00 00 00 00 00 00 00 00 00 00 00
   778.41ns INFO     cocotb.cluster_wrapper.s01_axi     Write burst start awid: 0x182 awaddr: 0x00000100 awlen: 7 awsize: 2 awprot: 2
   778.53ns INFO     cocotb.cluster_wrapper.s01_axi     Write burst complete bid: 0x182 bresp: 0
   778.53ns INFO     cocotb.cluster_wrapper.s01_axi     Write complete addr: 0x00000100 prot: 2 resp: 0 length: 32
   778.53ns INFO     cocotb.cluster_wrapper.s00_axi     Read start addr: 0x00000004 arid: 0x2a prot: 2
   778.53ns INFO     cocotb.cluster_wrapper.s00_axi     Read burst start arid: 0x2a araddr: 0x00000004 arlen: 0 arsize: 2 arprot: 2
   778.57ns INFO     cocotb.cluster_wrapper.s00_axi     Read burst complete rid: 0x2a rresp: 0
   778.57ns INFO     cocotb.cluster_wrapper.s00_axi     Read complete addr: 0x00000004 prot: 2 resp: 0 data: 07 00 01 00
   788.57ns INFO     cocotb.cluster_wrapper.s00_axi     Write start addr: 0x00000000 awid: 0x80 prot: 2 data: 00 00 00 00
   788.57ns INFO     cocotb.cluster_wrapper.s00_axi     Write burst start awid: 0x80 awaddr: 0x00000000 awlen: 0 awsize: 2 awprot: 2
   788.61ns INFO     cocotb.cluster_wrapper.s00_axi     Write burst complete bid: 0x80 bresp: 0
   788.61ns INFO     cocotb.cluster_wrapper.s00_axi     Write complete addr: 0x00000000 prot: 2 resp: 0 length: 4
   788.61ns INFO     cocotb.cluster_wrapper.s00_axi     Write start addr: 0x00000000 awid: 0x81 prot: 2 data: 01 80 02 00
   788.61ns INFO     cocotb.cluster_wrapper.s00_axi     Write burst start awid: 0x81 awaddr: 0x00000000 awlen: 0 awsize: 2 awprot: 2
   788.66ns INFO     cocotb.cluster_wrapper.s00_axi     Write burst complete bid: 0x81 bresp: 0
   788.66ns INFO     cocotb.cluster_wrapper.s00_axi     Write complete addr: 0x00000000 prot: 2 resp: 0 length: 4
   788.66ns INFO     cocotb.cluster_wrapper.s00_axi     Write start addr: 0x00000004 awid: 0x82 prot: 2 data: 07 00 00 00
   788.66ns INFO     cocotb.cluster_wrapper.s00_axi     Write burst start awid: 0x82 awaddr: 0x00000004 awlen: 0 awsize: 2 awprot: 2
   788.71ns INFO     cocotb.cluster_wrapper.s00_axi     Write burst complete bid: 0x82 bresp: 0
   788.71ns INFO     cocotb.cluster_wrapper.s00_axi     Write complete addr: 0x00000004 prot: 2 resp: 0 length: 4
   788.71ns INFO     cocotb.cluster_wrapper.s01_axi     Write start addr: 0x00000000 awid: 0x183 prot: 2 data: ff ff 00 00 00 00 00 00 00 00 00 00 00 00 00 00 00 00 00 00 00 00 00 00 00 00 00 00 00 00 00 00
   788.71ns INFO     cocotb.cluster_wrapper.s01_axi     Write burst start awid: 0x183 awaddr: 0x00000000 awlen: 7 awsize: 2 awprot: 2
   788.83ns INFO     cocotb.cluster_wrapper.s01_axi     Write burst complete bid: 0x183 bresp: 0
   788.83ns INFO     cocotb.cluster_wrapper.s01_axi     Write complete addr: 0x00000000 prot: 2 resp: 0 length: 32
   788.83ns INFO     cocotb.cluster_wrapper.s01_axi     Write start addr: 0x00000020 awid: 0x184 prot: 2 data: 80 7f 80 00 00 00 00 00 00 00 00 00 00 00 00 00 00 00 00 00 00 00 00 00 00 00 00 00 00 00 00 00
   788.83ns INFO     cocotb.cluster_wrapper.s01_axi     Write burst start awid: 0x184 awaddr: 0x00000020 awlen: 7 awsize: 2 awprot: 2
   788.95ns INFO     cocotb.cluster_wrapper.s01_axi     Write burst complete bid: 0x184 bresp: 0
   788.95ns INFO     cocotb.cluster_wrapper.s01_axi     Write complete addr: 0x00000020 prot: 2 resp: 0 length: 32
   788.95ns INFO     cocotb.cluster_wrapper.s01_axi     Write start addr: 0x00000040 awid: 0x185 prot: 2 data: 80 80 7f 00 00 00 00 00 00 00 00 00 00 00 00 00 00 00 00 00 00 00 00 00 00 00 00 00 00 00 00 00
   788.95ns INFO     cocotb.cluster_wrapper.s01_axi     Write burst start awid: 0x185 awaddr: 0x00000040 awlen: 7 awsize: 2 awprot: 2
   789.07ns INFO     cocotb.cluster_wrapper.s01_axi     Write burst complete bid: 0x185 bresp: 0
   789.07ns INFO     cocotb.cluster_wrapper.s01_axi     Write complete addr: 0x00000040 prot: 2 resp: 0 length: 32
   789.07ns INFO     cocotb.cluster_wrapper.s01_axi     Write start addr: 0x00000060 awid: 0x186 prot: 2 data: 80 7f 7f 00 00 00 00 00 00 00 00 00 00 00 00 00 00 00 00 00 00 00 00 00 00 00 00 00 00 00 00 00
   789.07ns INFO     cocotb.cluster_wrapper.s01_axi     Write burst start awid: 0x186 awaddr: 0x00000060 awlen: 7 awsize: 2 awprot: 2
   789.19ns INFO     cocotb.cluster_wrapper.s01_axi     Write burst complete bid: 0x186 bresp: 0
   789.19ns INFO     cocotb.cluster_wrapper.s01_axi     Write complete addr: 0x00000060 prot: 2 resp: 0 length: 32
   789.19ns INFO     cocotb.cluster_wrapper.s01_axi     Write start addr: 0x00000080 awid: 0x187 prot: 2 data: 80 7f 80 00 00 00 00 00 00 00 00 00 00 00 00 00 00 00 00 00 00 00 00 00 00 00 00 00 00 00 00 00
   789.19ns INFO     cocotb.cluster_wrapper.s01_axi     Write burst start awid: 0x187 awaddr: 0x00000080 awlen: 7 awsize: 2 awprot: 2
   789.31ns INFO     cocotb.cluster_wrapper.s01_axi     Write burst complete bid: 0x187 bresp: 0
   789.31ns INFO     cocotb.cluster_wrapper.s01_axi     Write complete addr: 0x00000080 prot: 2 resp: 0 length: 32
   789.31ns INFO     cocotb.cluster_wrapper.s01_axi     Write start addr: 0x000000a0 awid: 0x188 prot: 2 data: 7f 7f 7f 00 00 00 00 00 00 00 00 00 00 00 00 00 00 00 00 00 00 00 00 00 00 00 00 00 00 00 00 00
   789.31ns INFO     cocotb.cluster_wrapper.s01_axi     Write burst start awid: 0x188 awaddr: 0x000000a0 awlen: 7 awsize: 2 awprot: 2
   789.43ns INFO     cocotb.cluster_wrapper.s01_axi     Write burst complete bid: 0x188 bresp: 0
   789.43ns INFO     cocotb.cluster_wrapper.s01_axi     Write complete addr: 0x000000a0 prot: 2 resp: 0 length: 32
   789.43ns INFO     cocotb.cluster_wrapper.s01_axi     Write start addr: 0x000000c0 awid: 0x189 prot: 2 data: 80 7f 80 00 00 00 00 00 00 00 00 00 00 00 00 00 00 00 00 00 00 00 00 00 00 00 00 00 00 00 00 00
   789.43ns INFO     cocotb.cluster_wrapper.s01_axi     Write burst start awid: 0x189 awaddr: 0x000000c0 awlen: 7 awsize: 2 awprot: 2
   789.55ns INFO     cocotb.cluster_wrapper.s01_axi     Write burst complete bid: 0x189 bresp: 0
   789.55ns INFO     cocotb.cluster_wrapper.s01_axi     Write complete addr: 0x000000c0 prot: 2 resp: 0 length: 32
   789.55ns INFO     cocotb.cluster_wrapper.s01_axi     Write start addr: 0x000000e0 awid: 0x18a prot: 2 data: 7f 80 7f 00 00 00 00 00 00 00 00 00 00 00 00 00 00 00 00 00 00 00 00 00 00 00 00 00 00 00 00 00
   789.55ns INFO     cocotb.cluster_wrapper.s01_axi     Write burst start awid: 0x18a awaddr: 0x000000e0 awlen: 7 awsize: 2 awprot: 2
   789.67ns INFO     cocotb.cluster_wrapper.s01_axi     Write burst complete bid: 0x18a bresp: 0
   789.67ns INFO     cocotb.cluster_wrapper.s01_axi     Write complete addr: 0x000000e0 prot: 2 resp: 0 length: 32
   789.67ns INFO     cocotb.cluster_wrapper.s01_axi     Write start addr: 0x00000100 awid: 0x18b prot: 2 data: 7f 80 7f 00 00 00 00 00 00 00 00 00 00 00 00 00 00 00 00 00 00 00 00 00 00 00 00 00 00 00 00 00
   789.67ns INFO     cocotb.cluster_wrapper.s01_axi     Write burst start awid: 0x18b awaddr: 0x00000100 awlen: 7 awsize: 2 awprot: 2
   789.79ns INFO     cocotb.cluster_wrapper.s01_axi     Write burst complete bid: 0x18b bresp: 0
   789.79ns INFO     cocotb.cluster_wrapper.s01_axi     Write complete addr: 0x00000100 prot: 2 resp: 0 length: 32
   789.79ns INFO     cocotb.cluster_wrapper.s00_axi     Read start addr: 0x00000004 arid: 0x2b prot: 2
   789.79ns INFO     cocotb.cluster_wrapper.s00_axi     Read burst start arid: 0x2b araddr: 0x00000004 arlen: 0 arsize: 2 arprot: 2
   789.83ns INFO     cocotb.cluster_wrapper.s00_axi     Read burst complete rid: 0x2b rresp: 0
   789.83ns INFO     cocotb.cluster_wrapper.s00_axi     Read complete addr: 0x00000004 prot: 2 resp: 0 data: 07 00 01 00
   799.83ns INFO     cocotb.cluster_wrapper.s00_axi     Write start addr: 0x00000000 awid: 0x83 prot: 2 data: 00 00 00 00
   799.83ns INFO     cocotb.cluster_wrapper.s00_axi     Write burst start awid: 0x83 awaddr: 0x00000000 awlen: 0 awsize: 2 awprot: 2
   799.87ns INFO     cocotb.cluster_wrapper.s00_axi     Write burst complete bid: 0x83 bresp: 0
   799.87ns INFO     cocotb.cluster_wrapper.s00_axi     Write complete addr: 0x00000000 prot: 2 resp: 0 length: 4
   799.87ns INFO     cocotb.cluster_wrapper.s00_axi     Write start addr: 0x00000000 awid: 0x84 prot: 2 data: 01 80 02 00
   799.87ns INFO     cocotb.cluster_wrapper.s00_axi     Write burst start awid: 0x84 awaddr: 0x00000000 awlen: 0 awsize: 2 awprot: 2
   799.92ns INFO     cocotb.cluster_wrapper.s00_axi     Write burst complete bid: 0x84 bresp: 0
   799.92ns INFO     cocotb.cluster_wrapper.s00_axi     Write complete addr: 0x00000000 prot: 2 resp: 0 length: 4
   799.92ns INFO     cocotb.cluster_wrapper.s00_axi     Write start addr: 0x00000004 awid: 0x85 prot: 2 data: 07 00 00 00
   799.92ns INFO     cocotb.cluster_wrapper.s00_axi     Write burst start awid: 0x85 awaddr: 0x00000004 awlen: 0 awsize: 2 awprot: 2
   799.97ns INFO     cocotb.cluster_wrapper.s00_axi     Write burst complete bid: 0x85 bresp: 0
   799.97ns INFO     cocotb.cluster_wrapper.s00_axi     Write complete addr: 0x00000004 prot: 2 resp: 0 length: 4
   799.97ns INFO     cocotb.cluster_wrapper.s01_axi     Write start addr: 0x00000000 awid: 0x18c prot: 2 data: 00 ff 00 00 00 00 00 00 00 00 00 00 00 00 00 00 00 00 00 00 00 00 00 00 00 00 00 00 00 00 00 00
   799.97ns INFO     cocotb.cluster_wrapper.s01_axi     Write burst start awid: 0x18c awaddr: 0x00000000 awlen: 7 awsize: 2 awprot: 2
   800.09ns INFO     cocotb.cluster_wrapper.s01_axi     Write burst complete bid: 0x18c bresp: 0
   800.09ns INFO     cocotb.cluster_wrapper.s01_axi     Write complete addr: 0x00000000 prot: 2 resp: 0 length: 32
   800.09ns INFO     cocotb.cluster_wrapper.s01_axi     Write start addr: 0x00000020 awid: 0x18d prot: 2 data: 7f 80 80 00 00 00 00 00 00 00 00 00 00 00 00 00 00 00 00 00 00 00 00 00 00 00 00 00 00 00 00 00
   800.09ns INFO     cocotb.cluster_wrapper.s01_axi     Write burst start awid: 0x18d awaddr: 0x00000020 awlen: 7 awsize: 2 awprot: 2
   800.21ns INFO     cocotb.cluster_wrapper.s01_axi     Write burst complete bid: 0x18d bresp: 0
   800.21ns INFO     cocotb.cluster_wrapper.s01_axi     Write complete addr: 0x00000020 prot: 2 resp: 0 length: 32
   800.21ns INFO     cocotb.cluster_wrapper.s01_axi     Write start addr: 0x00000040 awid: 0x18e prot: 2 data: 80 7f 7f 00 00 00 00 00 00 00 00 00 00 00 00 00 00 00 00 00 00 00 00 00 00 00 00 00 00 00 00 00
   800.21ns INFO     cocotb.cluster_wrapper.s01_axi     Write burst start awid: 0x18e awaddr: 0x00000040 awlen: 7 awsize: 2 awprot: 2
   800.33ns INFO     cocotb.cluster_wrapper.s01_axi     Write burst complete bid: 0x18e bresp: 0
   800.33ns INFO     cocotb.cluster_wrapper.s01_axi     Write complete addr: 0x00000040 prot: 2 resp: 0 length: 32
   800.33ns INFO     cocotb.cluster_wrapper.s01_axi     Write start addr: 0x00000060 awid: 0x18f prot: 2 data: 7f 80 7f 00 00 00 00 00 00 00 00 00 00 00 00 00 00 00 00 00 00 00 00 00 00 00 00 00 00 00 00 00
   800.33ns INFO     cocotb.cluster_wrapper.s01_axi     Write burst start awid: 0x18f awaddr: 0x00000060 awlen: 7 awsize: 2 awprot: 2
   800.45ns INFO     cocotb.cluster_wrapper.s01_axi     Write burst complete bid: 0x18f bresp: 0
   800.45ns INFO     cocotb.cluster_wrapper.s01_axi     Write complete addr: 0x00000060 prot: 2 resp: 0 length: 32
   800.45ns INFO     cocotb.cluster_wrapper.s01_axi     Write start addr: 0x00000080 awid: 0x190 prot: 2 data: 80 80 7f 00 00 00 00 00 00 00 00 00 00 00 00 00 00 00 00 00 00 00 00 00 00 00 00 00 00 00 00 00
   800.45ns INFO     cocotb.cluster_wrapper.s01_axi     Write burst start awid: 0x190 awaddr: 0x00000080 awlen: 7 awsize: 2 awprot: 2
   800.57ns INFO     cocotb.cluster_wrapper.s01_axi     Write burst complete bid: 0x190 bresp: 0
   800.57ns INFO     cocotb.cluster_wrapper.s01_axi     Write complete addr: 0x00000080 prot: 2 resp: 0 length: 32
   800.57ns INFO     cocotb.cluster_wrapper.s01_axi     Write start addr: 0x000000a0 awid: 0x191 prot: 2 data: 7f 7f 7f 00 00 00 00 00 00 00 00 00 00 00 00 00 00 00 00 00 00 00 00 00 00 00 00 00 00 00 00 00
   800.57ns INFO     cocotb.cluster_wrapper.s01_axi     Write burst start awid: 0x191 awaddr: 0x000000a0 awlen: 7 awsize: 2 awprot: 2
   800.69ns INFO     cocotb.cluster_wrapper.s01_axi     Write burst complete bid: 0x191 bresp: 0
   800.69ns INFO     cocotb.cluster_wrapper.s01_axi     Write complete addr: 0x000000a0 prot: 2 resp: 0 length: 32
   800.69ns INFO     cocotb.cluster_wrapper.s01_axi     Write start addr: 0x000000c0 awid: 0x192 prot: 2 data: 7f 80 80 00 00 00 00 00 00 00 00 00 00 00 00 00 00 00 00 00 00 00 00 00 00 00 00 00 00 00 00 00
   800.69ns INFO     cocotb.cluster_wrapper.s01_axi     Write burst start awid: 0x192 awaddr: 0x000000c0 awlen: 7 awsize: 2 awprot: 2
   800.81ns INFO     cocotb.cluster_wrapper.s01_axi     Write burst complete bid: 0x192 bresp: 0
   800.81ns INFO     cocotb.cluster_wrapper.s01_axi     Write complete addr: 0x000000c0 prot: 2 resp: 0 length: 32
   800.81ns INFO     cocotb.cluster_wrapper.s01_axi     Write start addr: 0x000000e0 awid: 0x193 prot: 2 data: 80 7f 7f 00 00 00 00 00 00 00 00 00 00 00 00 00 00 00 00 00 00 00 00 00 00 00 00 00 00 00 00 00
   800.81ns INFO     cocotb.cluster_wrapper.s01_axi     Write burst start awid: 0x193 awaddr: 0x000000e0 awlen: 7 awsize: 2 awprot: 2
   800.93ns INFO     cocotb.cluster_wrapper.s01_axi     Write burst complete bid: 0x193 bresp: 0
   800.93ns INFO     cocotb.cluster_wrapper.s01_axi     Write complete addr: 0x000000e0 prot: 2 resp: 0 length: 32
   800.93ns INFO     cocotb.cluster_wrapper.s01_axi     Write start addr: 0x00000100 awid: 0x194 prot: 2 data: 7f 80 80 00 00 00 00 00 00 00 00 00 00 00 00 00 00 00 00 00 00 00 00 00 00 00 00 00 00 00 00 00
   800.93ns INFO     cocotb.cluster_wrapper.s01_axi     Write burst start awid: 0x194 awaddr: 0x00000100 awlen: 7 awsize: 2 awprot: 2
   801.05ns INFO     cocotb.cluster_wrapper.s01_axi     Write burst complete bid: 0x194 bresp: 0
   801.05ns INFO     cocotb.cluster_wrapper.s00_axi     Read start addr: 0x00000004 arid: 0x2c prot: 2
 length: 32
   801.05ns INFO     cocotb.cluster_wrapper.s00_axi     Read burst start arid: 0x2c araddr: 0x00000004 arlen: 0 arsize: 2 arprot: 2
   801.09ns INFO     cocotb.cluster_wrapper.s00_axi     Read burst complete rid: 0x2c rresp: 0
   801.09ns INFO     cocotb.cluster_wrapper.s00_axi     Read complete addr: 0x00000004 prot: 2 resp: 0 data: 07 00 01 00
   811.09ns INFO     cocotb.cluster_wrapper.s00_axi     Write start addr: 0x00000000 awid: 0x86 prot: 2 data: 00 00 00 00
   811.09ns INFO     cocotb.cluster_wrapper.s00_axi     Write burst start awid: 0x86 awaddr: 0x00000000 awlen: 0 awsize: 2 awprot: 2
   811.13ns INFO     cocotb.cluster_wrapper.s00_axi     Write burst complete bid: 0x86 bresp: 0
   811.13ns INFO     cocotb.cluster_wrapper.s00_axi     Write complete addr: 0x00000000 prot: 2 resp: 0 length: 4
   811.13ns INFO     cocotb.cluster_wrapper.s02_axi     Read start addr: 0x00000000 arid: 0x4 prot: 2
   811.13ns INFO     cocotb.cluster_wrapper.s02_axi     Read burst start arid: 0x4 araddr: 0x00000000 arlen: 31 arsize: 2 arprot: 2
   811.79ns INFO     cocotb.cluster_wrapper.s02_axi     Read burst complete rid: 0x4 rresp: 0
   811.79ns INFO     cocotb.cluster_wrapper.s02_axi     Read complete addr: 0x00000000 prot: 2 resp: 0 data: 06 7f ff 7f 86 fe ff 7f 87 fe fe 7f 86 ff fe 7f 08 7c 00 80 87 fd ff 7f 05 80 ff 7f 06 7f ff 7f 00 00 00 00 00 00 00 00 00 00 00 00 00 00 00 00 00 00 00 00 00 00 00 00 00 00 00 00 00 00 00 00 00 00 00 00 00 00 00 00 00 00 00 00 00 00 00 00 00 00 00 00 00 00 00 00 00 00 00 00 00 00 00 00 00 00 00 00 00 00 00 00 00 00 00 00 00 00 00 00 00 00 00 00 00 00 00 00 00 00 00 00 00 00 00 00
   811.79ns INFO     cocotb.cluster_wrapper.s02_axi     Write start addr: 0x00000000 awid: 0x5 prot: 2 data: 00 00 00 80 00 00 00 80 00 00 00 80 00 00 00 80 00 00 00 80 00 00 00 80 00 00 00 80 00 00 00 80 00 00 00 00 00 00 00 00 00 00 00 00 00 00 00 00 00 00 00 00 00 00 00 00 00 00 00 00 00 00 00 00 00 00 00 00 00 00 00 00 00 00 00 00 00 00 00 00 00 00 00 00 00 00 00 00 00 00 00 00 00 00 00 00 00 00 00 00 00 00 00 00 00 00 00 00 00 00 00 00 00 00 00 00 00 00 00 00 00 00 00 00 00 00 00 00
   811.79ns INFO     cocotb.cluster_wrapper.s02_axi     Write burst start awid: 0x5 awaddr: 0x00000000 awlen: 31 awsize: 2 awprot: 2
   812.15ns INFO     cocotb.cluster_wrapper.s02_axi     Write burst complete bid: 0x5 bresp: 0
   812.15ns INFO     cocotb.cluster_wrapper.s02_axi     Write complete addr: 0x00000000 prot: 2 resp: 0 length: 128
   812.15ns INFO     cocotb.cluster_wrapper.s00_axi     Write start addr: 0x00000000 awid: 0x87 prot: 2 data: 01 80 02 00
   812.15ns INFO     cocotb.cluster_wrapper.s00_axi     Write burst start awid: 0x87 awaddr: 0x00000000 awlen: 0 awsize: 2 awprot: 2
   812.20ns INFO     cocotb.cluster_wrapper.s00_axi     Write burst complete bid: 0x87 bresp: 0
   812.20ns INFO     cocotb.cluster_wrapper.s00_axi     Write complete addr: 0x00000000 prot: 2 resp: 0 length: 4
   812.20ns INFO     cocotb.cluster_wrapper.s00_axi     Write start addr: 0x00000004 awid: 0x88 prot: 2 data: 07 00 00 00
   812.20ns INFO     cocotb.cluster_wrapper.s00_axi     Write burst start awid: 0x88 awaddr: 0x00000004 awlen: 0 awsize: 2 awprot: 2
   812.25ns INFO     cocotb.cluster_wrapper.s00_axi     Write burst complete bid: 0x88 bresp: 0
   812.25ns INFO     cocotb.cluster_wrapper.s00_axi     Write complete addr: 0x00000004 prot: 2 resp: 0 length: 4
   812.25ns INFO     cocotb.cluster_wrapper.s01_axi     Write start addr: 0x00000000 awid: 0x195 prot: 2 data: 80 80 80 00 00 00 00 00 00 00 00 00 00 00 00 00 00 00 00 00 00 00 00 00 00 00 00 00 00 00 00 00
   812.25ns INFO     cocotb.cluster_wrapper.s01_axi     Write burst start awid: 0x195 awaddr: 0x00000000 awlen: 7 awsize: 2 awprot: 2
   812.37ns INFO     cocotb.cluster_wrapper.s01_axi     Write burst complete bid: 0x195 bresp: 0
   812.37ns INFO     cocotb.cluster_wrapper.s01_axi     Write complete addr: 0x00000000 prot: 2 resp: 0 length: 32
   812.37ns INFO     cocotb.cluster_wrapper.s01_axi     Write start addr: 0x00000020 awid: 0x196 prot: 2 data: 7f 80 80 00 00 00 00 00 00 00 00 00 00 00 00 00 00 00 00 00 00 00 00 00 00 00 00 00 00 00 00 00
   812.37ns INFO     cocotb.cluster_wrapper.s01_axi     Write burst start awid: 0x196 awaddr: 0x00000020 awlen: 7 awsize: 2 awprot: 2
   812.49ns INFO     cocotb.cluster_wrapper.s01_axi     Write burst complete bid: 0x196 bresp: 0
   812.49ns INFO     cocotb.cluster_wrapper.s01_axi     Write complete addr: 0x00000020 prot: 2 resp: 0 length: 32
   812.49ns INFO     cocotb.cluster_wrapper.s01_axi     Write start addr: 0x00000040 awid: 0x197 prot: 2 data: 7f 80 80 00 00 00 00 00 00 00 00 00 00 00 00 00 00 00 00 00 00 00 00 00 00 00 00 00 00 00 00 00
   812.49ns INFO     cocotb.cluster_wrapper.s01_axi     Write burst start awid: 0x197 awaddr: 0x00000040 awlen: 7 awsize: 2 awprot: 2
   812.61ns INFO     cocotb.cluster_wrapper.s01_axi     Write burst complete bid: 0x197 bresp: 0
   812.61ns INFO     cocotb.cluster_wrapper.s01_axi     Write complete addr: 0x00000040 prot: 2 resp: 0 length: 32
   812.61ns INFO     cocotb.cluster_wrapper.s01_axi     Write start addr: 0x00000060 awid: 0x198 prot: 2 data: 7f 7f 80 00 00 00 00 00 00 00 00 00 00 00 00 00 00 00 00 00 00 00 00 00 00 00 00 00 00 00 00 00
   812.61ns INFO     cocotb.cluster_wrapper.s01_axi     Write burst start awid: 0x198 awaddr: 0x00000060 awlen: 7 awsize: 2 awprot: 2
   812.73ns INFO     cocotb.cluster_wrapper.s01_axi     Write burst complete bid: 0x198 bresp: 0
   812.73ns INFO     cocotb.cluster_wrapper.s01_axi     Write complete addr: 0x00000060 prot: 2 resp: 0 length: 32
   812.73ns INFO     cocotb.cluster_wrapper.s01_axi     Write start addr: 0x00000080 awid: 0x199 prot: 2 data: 7f 7f 7f 00 00 00 00 00 00 00 00 00 00 00 00 00 00 00 00 00 00 00 00 00 00 00 00 00 00 00 00 00
   812.73ns INFO     cocotb.cluster_wrapper.s01_axi     Write burst start awid: 0x199 awaddr: 0x00000080 awlen: 7 awsize: 2 awprot: 2
   812.85ns INFO     cocotb.cluster_wrapper.s01_axi     Write burst complete bid: 0x199 bresp: 0
   812.85ns INFO     cocotb.cluster_wrapper.s01_axi     Write complete addr: 0x00000080 prot: 2 resp: 0 length: 32
   812.85ns INFO     cocotb.cluster_wrapper.s01_axi     Write start addr: 0x000000a0 awid: 0x19a prot: 2 data: 7f 80 80 00 00 00 00 00 00 00 00 00 00 00 00 00 00 00 00 00 00 00 00 00 00 00 00 00 00 00 00 00
   812.85ns INFO     cocotb.cluster_wrapper.s01_axi     Write burst start awid: 0x19a awaddr: 0x000000a0 awlen: 7 awsize: 2 awprot: 2
   812.97ns INFO     cocotb.cluster_wrapper.s01_axi     Write burst complete bid: 0x19a bresp: 0
   812.97ns INFO     cocotb.cluster_wrapper.s01_axi     Write complete addr: 0x000000a0 prot: 2 resp: 0 length: 32
   812.97ns INFO     cocotb.cluster_wrapper.s01_axi     Write start addr: 0x000000c0 awid: 0x19b prot: 2 data: 80 80 80 00 00 00 00 00 00 00 00 00 00 00 00 00 00 00 00 00 00 00 00 00 00 00 00 00 00 00 00 00
   812.97ns INFO     cocotb.cluster_wrapper.s01_axi     Write burst start awid: 0x19b awaddr: 0x000000c0 awlen: 7 awsize: 2 awprot: 2
   813.09ns INFO     cocotb.cluster_wrapper.s01_axi     Write burst complete bid: 0x19b bresp: 0
   813.09ns INFO     cocotb.cluster_wrapper.s01_axi     Write complete addr: 0x000000c0 prot: 2 resp: 0 length: 32
   813.09ns INFO     cocotb.cluster_wrapper.s01_axi     Write start addr: 0x000000e0 awid: 0x19c prot: 2 data: 7f 7f 80 00 00 00 00 00 00 00 00 00 00 00 00 00 00 00 00 00 00 00 00 00 00 00 00 00 00 00 00 00
   813.09ns INFO     cocotb.cluster_wrapper.s01_axi     Write burst start awid: 0x19c awaddr: 0x000000e0 awlen: 7 awsize: 2 awprot: 2
   813.21ns INFO     cocotb.cluster_wrapper.s01_axi     Write burst complete bid: 0x19c bresp: 0
   813.21ns INFO     cocotb.cluster_wrapper.s01_axi     Write complete addr: 0x000000e0 prot: 2 resp: 0 length: 32
   813.21ns WARNING  ..ask 68.TagContext._process_queue Traceback (most recent call last):
                                                          File "/home/mohammad-khoshroo/.local/lib/python3.12/site-packages/cocotbext/axi/axi_master.py", line 148, in _process_queue
                                                            await self._manager._process(self, cmd)
                                                          File "/home/mohammad-khoshroo/.local/lib/python3.12/site-packages/cocotbext/axi/axi_master.py", line 625, in _process_write_resp_id
                                                            self.log.info("Write complete addr: 0x%08x prot: %s resp: %s length: %d",
                                                          File "/usr/lib/python3.12/logging/__init__.py", line 1539, in info
                                                            self._log(INFO, msg, args, **kwargs)
                                                          File "/usr/lib/python3.12/logging/__init__.py", line 1684, in _log
                                                            self.handle(record)
                                                          File "/usr/lib/python3.12/logging/__init__.py", line 1700, in handle
                                                            self.callHandlers(record)
                                                          File "/usr/lib/python3.12/logging/__init__.py", line 1762, in callHandlers
                                                            hdlr.handle(record)
                                                          File "/usr/lib/python3.12/logging/__init__.py", line 1028, in handle
                                                            self.emit(record)
                                                          File "/usr/lib/python3.12/logging/__init__.py", line 1164, in emit
                                                            self.flush()
                                                          File "/usr/lib/python3.12/logging/__init__.py", line 1144, in flush
                                                            self.stream.flush()
                                                        KeyboardInterrupt
   813.21ns WARNING  cocotb.regression                  test_bench.test_conv2d_layer failed
   813.21ns INFO     cocotb.regression                  running test_bench.test_linear_layer (2/2)
                                                            Test QuantLinear (MLP) layer with bias against Golden Model.
Traceback (most recent call last):
  File "/home/mohammad-khoshroo/.local/lib/python3.12/site-packages/cocotb/_scheduler.py", line 146, in _sim_react
    self._event_loop()
  File "/home/mohammad-khoshroo/.local/lib/python3.12/site-packages/cocotb/_scheduler.py", line 209, in _event_loop
    self._resume_task(task, exc)
  File "/home/mohammad-khoshroo/.local/lib/python3.12/site-packages/cocotb/_scheduler.py", line 404, in _resume_task
    trigger = task._advance(exc)
              ^^^^^^^^^^^^^^^^^^
  File "/home/mohammad-khoshroo/.local/lib/python3.12/site-packages/cocotbext/axi/axi_master.py", line 148, in _process_queue
    await self._manager._process(self, cmd)
  File "/home/mohammad-khoshroo/.local/lib/python3.12/site-packages/cocotbext/axi/axi_master.py", line 625, in _process_write_resp_id
    self.log.info("Write complete addr: 0x%08x prot: %s resp: %s length: %d",
  File "/usr/lib/python3.12/logging/__init__.py", line 1539, in info
    self._log(INFO, msg, args, **kwargs)
  File "/usr/lib/python3.12/logging/__init__.py", line 1684, in _log
    self.handle(record)
  File "/usr/lib/python3.12/logging/__init__.py", line 1700, in handle
    self.callHandlers(record)
  File "/usr/lib/python3.12/logging/__init__.py", line 1762, in callHandlers
    hdlr.handle(record)
  File "/usr/lib/python3.12/logging/__init__.py", line 1028, in handle
    self.emit(record)
  File "/usr/lib/python3.12/logging/__init__.py", line 1164, in emit
    self.flush()
  File "/usr/lib/python3.12/logging/__init__.py", line 1144, in flush
    self.stream.flush()
KeyboardInterrupt
   813.21ns WARNING  cocotb.regression                  test_bench.test_linear_layer failed
   813.21ns INFO     cocotb.regression                  **************************************************************************************
                                                        ** TEST                          STATUS  SIM TIME (ns)  REAL TIME (s)  RATIO (ns/s) **
                                                        **************************************************************************************
                                                        ** test_bench.test_conv2d_layer   FAIL         813.21           5.01        162.20  **
                                                        ** test_bench.test_linear_layer   FAIL         813.21           5.05        161.07  **
                                                        **************************************************************************************
                                                        ** TESTS=2 PASS=0 FAIL=2 SKIP=0                813.21           5.05        160.99  **
                                                        **************************************************************************************
- :0: Verilog $finish
Traceback (most recent call last):
  File "/mnt/d/UT.CE/Term-06/HW4AI/HW-CA/HW10/test_bench.py", line 81, in test_linear_layer
    @cocotb.test()
asyncio.exceptions.CancelledError

During handling of the above exception, another exception occurred:
Traceback (most recent call last):
  File "/home/mohammad-khoshroo/.local/lib/python3.12/site-packages/cocotb/regression.py", line 403, in _schedule_next_test
    self._running_test.start()
  File "/home/mohammad-khoshroo/.local/lib/python3.12/site-packages/cocotb/_test.py", line 71, in start
    cocotb._scheduler_inst._event_loop()
  File "/home/mohammad-khoshroo/.local/lib/python3.12/site-packages/cocotb/_scheduler.py", line 209, in _event_loop
    self._resume_task(task, exc)
  File "/home/mohammad-khoshroo/.local/lib/python3.12/site-packages/cocotb/_scheduler.py", line 404, in _resume_task
    trigger = task._advance(exc)
  File "/home/mohammad-khoshroo/.local/lib/python3.12/site-packages/cocotb/task.py", line 288, in _advance
    self._set_outcome(
  File "/home/mohammad-khoshroo/.local/lib/python3.12/site-packages/cocotb/task.py", line 241, in _set_outcome
    callback(self)
  File "/home/mohammad-khoshroo/.local/lib/python3.12/site-packages/cocotb/_test.py", line 52, in _test_done_callback
    self.tasks.remove(task)
ValueError: list.remove(x): x not in list
make: *** [/home/mohammad-khoshroo/.local/lib/python3.12/site-packages/cocotb_tools/makefiles/Makefile.inc:17: sim] Interrupt
