# Project Structure

```
├── cocotb-quickstart
│   ├── makefile
│   ├── my_design.sv
│   ├── test_my_design.py
│   └── test_runner.py
├── external
│   └── verilator
│       ├── bin
│       │   ├── redirect
│       │   ├── verilator
│       │   ├── verilator_ccache_report
│       │   ├── verilator_coverage
│       │   ├── verilator_difftree
│       │   ├── verilator_gantt
│       │   ├── verilator_includer
│       │   └── verilator_profcfunc
│       ├── ci
│       │   ├── docker
│       │   │   ├── buildenv
│       │   │   │   ├── build.sh
│       │   │   │   ├── Dockerfile
│       │   │   │   ├── README.rst
│       │   │   │   └── wavetools.conf
│       │   │   └── run
│       │   │       ├── hooks
│       │   │       ├── Dockerfile
│       │   │       ├── README.rst
│       │   │       ├── verilator-docker
│       │   │       └── verilator-wrap.sh
│       │   ├── ci-build.bash
│       │   ├── ci-common.bash
│       │   ├── ci-install.bash
│       │   ├── ci-pages-notify.bash
│       │   ├── ci-pages.bash
│       │   ├── ci-rtlmeter-cases.py
│       │   ├── ci-rtlmeter-report.bash
│       │   ├── ci-rtlmeter-report.py
│       │   ├── ci-test.bash
│       │   ├── ci-win-compile.ps1
│       │   └── ci-win-test.ps1
│       ├── docs
│       │   ├── _static
│       │   │   ├── css
│       │   │   │   └── vlt_sphinx.css
│       │   │   ├── verilator_192_150_min.png
│       │   │   ├── verilator_32x32_min.png
│       │   │   └── verilator_logo.png
│       │   ├── bin
│       │   │   ├── vl_sphinx_extract
│       │   │   └── vl_sphinx_fix
│       │   ├── gen
│       │   │   ├── ex_ALWNEVER_faulty.rst
│       │   │   ├── ex_ALWNEVER_msg.rst
│       │   │   ├── ex_ASSIGNEQEXPR_faulty.rst
│       │   │   ├── ex_ASSIGNEQEXPR_msg.rst
│       │   │   ├── ex_BADVLTPRAGMA_faulty.rst
│       │   │   ├── ex_BADVLTPRAGMA_msg.rst
│       │   │   ├── ex_DIDNOTCONVERGE_faulty.rst
│       │   │   ├── ex_DIDNOTCONVERGE_msg.rst
│       │   │   ├── ex_DIDNOTCONVERGE_nodbg_msg.rst
│       │   │   ├── ex_FINALDLY_faulty.rst
│       │   │   ├── ex_FINALDLY_msg.rst
│       │   │   ├── ex_FUNCTIMECTL_faulty.rst
│       │   │   ├── ex_FUNCTIMECTL_msg.rst
│       │   │   ├── ex_HIERPARAM_faulty.rst
│       │   │   ├── ex_HIERPARAM_msg.rst
│       │   │   ├── ex_MULTIDRIVEN_alwaysff_faulty.rst
│       │   │   ├── ex_MULTIDRIVEN_faulty.rst
│       │   │   ├── ex_MULTIDRIVEN_msg.rst
│       │   │   ├── ex_NORETURN_faulty.rst
│       │   │   ├── ex_NORETURN_msg.rst
│       │   │   ├── ex_NOTREDOP_msg.rst
│       │   │   ├── ex_PARAMNODEFAULT_faulty.rst
│       │   │   ├── ex_PARAMNODEFAULT_msg.rst
│       │   │   ├── ex_PINMISSING_faulty.rst
│       │   │   ├── ex_PINMISSING_msg.rst
│       │   │   ├── ex_PROCASSINIT_faulty.rst
│       │   │   ├── ex_PROCASSINIT_fixed.rst
│       │   │   ├── ex_PROCASSINIT_msg.rst
│       │   │   ├── ex_STMTDLY_faulty.rst
│       │   │   ├── ex_STMTDLY_msg.rst
│       │   │   ├── ex_SUPERNFIRST_faulty.rst
│       │   │   ├── ex_SUPERNFIRST_msg.rst
│       │   │   ├── ex_USERERROR_faulty.rst
│       │   │   ├── ex_USERERROR_msg.rst
│       │   │   ├── ex_USERFATAL_faulty.rst
│       │   │   ├── ex_USERFATAL_msg.rst
│       │   │   ├── ex_USERINFO_faulty.rst
│       │   │   ├── ex_USERINFO_msg.rst
│       │   │   ├── ex_USERWARN_faulty.rst
│       │   │   ├── ex_USERWARN_msg.rst
│       │   │   ├── ex_VARHIDDEN_faulty.rst
│       │   │   ├── ex_VARHIDDEN_msg.rst
│       │   │   ├── ex_WIDTHEXPAND_1_faulty.rst
│       │   │   ├── ex_WIDTHEXPAND_1_fixed.rst
│       │   │   └── ex_WIDTHEXPAND_1_msg.rst
│       │   ├── guide
│       │   │   ├── figures
│       │   │   │   └── fig_gantt_min.png
│       │   │   ├── changes.rst
│       │   │   ├── conf.py
│       │   │   ├── connecting.rst
│       │   │   ├── contributing.rst
│       │   │   ├── contributors.rst
│       │   │   ├── control.rst
│       │   │   ├── copyright.rst
│       │   │   ├── deprecations.rst
│       │   │   ├── environment.rst
│       │   │   ├── example_binary.rst
│       │   │   ├── example_cc.rst
│       │   │   ├── example_common_install.rst
│       │   │   ├── example_dist.rst
│       │   │   ├── example_sc.rst
│       │   │   ├── examples.rst
│       │   │   ├── exe_sim.rst
│       │   │   ├── exe_verilator_coverage.rst
│       │   │   ├── exe_verilator_gantt.rst
│       │   │   ├── exe_verilator_profcfunc.rst
│       │   │   ├── exe_verilator.rst
│       │   │   ├── executables.rst
│       │   │   ├── extensions.rst
│       │   │   ├── faq.rst
│       │   │   ├── files.rst
│       │   │   ├── index.rst
│       │   │   ├── install-cmake.rst
│       │   │   ├── install.rst
│       │   │   ├── languages.rst
│       │   │   ├── overview.rst
│       │   │   ├── simulating.rst
│       │   │   ├── verilating.rst
│       │   │   └── warnings.rst
│       │   ├── AGENTS.md
│       │   ├── CONTRIBUTING.rst
│       │   ├── CONTRIBUTORS
│       │   ├── internals.rst
│       │   ├── Makefile
│       │   ├── README.rst
│       │   ├── security.rst
│       │   ├── spelling.txt
│       │   └── verilated.dox
│       ├── examples
│       │   ├── cmake_hello_c
│       │   │   ├── CMakeLists.txt
│       │   │   └── Makefile
│       │   ├── cmake_hello_sc
│       │   │   ├── CMakeLists.txt
│       │   │   └── Makefile
│       │   ├── cmake_protect_lib
│       │   │   ├── CMakeLists.txt
│       │   │   └── Makefile
│       │   ├── cmake_tracing_c
│       │   │   ├── CMakeLists.txt
│       │   │   └── Makefile
│       │   ├── cmake_tracing_sc
│       │   │   ├── CMakeLists.txt
│       │   │   └── Makefile
│       │   ├── json_py
│       │   │   ├── Makefile
│       │   │   ├── sub.v
│       │   │   ├── top.v
│       │   │   ├── vl_file_copy
│       │   │   └── vl_hier_graph
│       │   ├── make_hello_binary
│       │   │   ├── Makefile
│       │   │   └── top.v
│       │   ├── make_hello_c
│       │   │   ├── Makefile
│       │   │   ├── sim_main.cpp
│       │   │   └── top.v
│       │   ├── make_hello_sc
│       │   │   ├── Makefile
│       │   │   ├── sc_main.cpp
│       │   │   └── top.v
│       │   ├── make_protect_lib
│       │   │   ├── Makefile
│       │   │   ├── secret_impl.v
│       │   │   ├── sim_main.cpp
│       │   │   └── top.v
│       │   ├── make_tracing_c
│       │   │   ├── input.vc
│       │   │   ├── Makefile
│       │   │   ├── Makefile_obj
│       │   │   ├── sim_main.cpp
│       │   │   ├── sub.v
│       │   │   └── top.v
│       │   └── make_tracing_sc
│       │       ├── input.vc
│       │       ├── Makefile
│       │       ├── Makefile_obj
│       │       ├── sc_main.cpp
│       │       ├── sub.v
│       │       └── top.v
│       ├── include
│       │   ├── fstcpp
│       │   │   ├── fstcpp_assertion.h
│       │   │   ├── fstcpp_file.h
│       │   │   ├── fstcpp_stream_write_helper.h
│       │   │   ├── fstcpp_variable_info.cpp
│       │   │   ├── fstcpp_variable_info.h
│       │   │   ├── fstcpp_writer.cpp
│       │   │   ├── fstcpp_writer.h
│       │   │   └── fstcpp.h
│       │   ├── vltstd
│       │   │   ├── sv_vpi_user.h
│       │   │   ├── svdpi.h
│       │   │   ├── veriuser.h
│       │   │   └── vpi_user.h
│       │   ├── AGENTS.md
│       │   ├── verilated_config.h.in
│       │   ├── verilated_cov_key.h
│       │   ├── verilated_cov_model.h
│       │   ├── verilated_cov.cpp
│       │   ├── verilated_cov.h
│       │   ├── verilated_covergroup.cpp
│       │   ├── verilated_covergroup.h
│       │   ├── verilated_dpi.cpp
│       │   ├── verilated_dpi.h
│       │   ├── verilated_force.h
│       │   ├── verilated_fst_c.cpp
│       │   ├── verilated_fst_c.h
│       │   ├── verilated_fst_sc.cpp
│       │   ├── verilated_fst_sc.h
│       │   ├── verilated_funcs.h
│       │   ├── verilated_imp.h
│       │   ├── verilated_intrinsics.h
│       │   ├── verilated_probdist.cpp
│       │   ├── verilated_profiler.cpp
│       │   ├── verilated_profiler.h
│       │   ├── verilated_random.cpp
│       │   ├── verilated_random.h
│       │   ├── verilated_saif_c.cpp
│       │   ├── verilated_saif_c.h
│       │   ├── verilated_saif_sc.h
│       │   ├── verilated_save.cpp
│       │   ├── verilated_save.h
│       │   ├── verilated_sc_trace.h
│       │   ├── verilated_sc.h
│       │   ├── verilated_std_waiver.vlt
│       │   ├── verilated_std.sv
│       │   ├── verilated_sym_props.h
│       │   ├── verilated_syms.h
│       │   ├── verilated_threads.cpp
│       │   ├── verilated_threads.h
│       │   ├── verilated_timing.cpp
│       │   ├── verilated_timing.h
│       │   ├── verilated_trace_imp.h
│       │   ├── verilated_trace.h
│       │   ├── verilated_types.h
│       │   ├── verilated_vcd_c.cpp
│       │   ├── verilated_vcd_c.h
│       │   ├── verilated_vcd_sc.cpp
│       │   ├── verilated_vcd_sc.h
│       │   ├── verilated_vpi.cpp
│       │   ├── verilated_vpi.h
│       │   ├── verilated.cpp
│       │   ├── verilated.h
│       │   ├── verilated.mk.in
│       │   ├── verilated.v
│       │   ├── verilatedos_c.h
│       │   └── verilatedos.h
│       ├── LICENSES
│       │   ├── Apache-2.0.txt
│       │   ├── Artistic-2.0.txt
│       │   ├── BSD-3-Clause.txt
│       │   ├── CC0-1.0.txt
│       │   ├── ISC.txt
│       │   ├── LGPL-3.0-only.txt
│       │   ├── LicenseRef-Altera-No-Warranty.txt
│       │   ├── LicenseRef-IEEE-1800.txt
│       │   ├── MIT.txt
│       │   └── Unlicense.txt
│       ├── nodist
│       │   ├── fuzzer
│       │   │   ├── actual_fail
│       │   │   ├── all
│       │   │   ├── generate_dictionary
│       │   │   ├── run
│       │   │   ├── setup_root
│       │   │   ├── setup_user
│       │   │   └── wrapper.cpp
│       │   ├── clang_check_attributes
│       │   ├── dot_importer
│       │   ├── fastcov.py
│       │   ├── install_test
│       │   ├── lint_py_test_filter
│       │   ├── log_changes
│       │   ├── uvm_pkg_packer
│       │   ├── verilator_bisect
│       │   ├── verilator_saif_diff
│       │   └── verilog_format
│       ├── src
│       │   ├── AGENTS.md
│       │   ├── astgen
│       │   ├── bisonpre
│       │   ├── CMakeLists.txt
│       │   ├── config_build.h
│       │   ├── config_package.h.in
│       │   ├── config_rev
│       │   ├── cppcheck-suppressions.txt
│       │   ├── flexfix
│       │   ├── Makefile_obj.in
│       │   ├── Makefile.in
│       │   ├── mkinstalldirs
│       │   ├── V3Active.cpp
│       │   ├── V3Active.h
│       │   ├── V3ActiveTop.cpp
│       │   ├── V3ActiveTop.h
│       │   ├── V3Assert.cpp
│       │   ├── V3Assert.h
│       │   ├── V3AssertNfa.cpp
│       │   ├── V3AssertNfa.h
│       │   ├── V3AssertPre.cpp
│       │   ├── V3AssertPre.h
│       │   ├── V3Ast.cpp
│       │   ├── V3Ast.h
│       │   ├── V3AstAttr.h
│       │   ├── V3AstInlines.h
│       │   ├── V3AstNodeDType.h
│       │   ├── V3AstNodeExpr.h
│       │   ├── V3AstNodeOther.h
│       │   ├── V3AstNodes.cpp
│       │   ├── V3AstNodeStmt.h
│       │   ├── V3AstPatterns.h
│       │   ├── V3AstUserAllocator.h
│       │   ├── V3Begin.cpp
│       │   ├── V3Begin.h
│       │   ├── V3Branch.cpp
│       │   ├── V3Branch.h
│       │   ├── V3Broken.cpp
│       │   ├── V3Broken.h
│       │   ├── V3Case.cpp
│       │   ├── V3Case.h
│       │   ├── V3Cast.cpp
│       │   ├── V3Cast.h
│       │   ├── V3CCtors.cpp
│       │   ├── V3CCtors.h
│       │   ├── V3Cfg.cpp
│       │   ├── V3Cfg.h
│       │   ├── V3CfgBuilder.cpp
│       │   ├── V3CfgLiveVariables.cpp
│       │   ├── V3Class.cpp
│       │   ├── V3Class.h
│       │   ├── V3Clean.cpp
│       │   ├── V3Clean.h
│       │   ├── V3Clock.cpp
│       │   ├── V3Clock.h
│       │   ├── V3Combine.cpp
│       │   ├── V3Combine.h
│       │   ├── V3Common.cpp
│       │   ├── V3Common.h
│       │   ├── V3Const.cpp
│       │   ├── V3Const.h
│       │   ├── V3Container.h
│       │   ├── V3Control.cpp
│       │   ├── V3Control.h
│       │   ├── V3Coverage.cpp
│       │   ├── V3Coverage.h
│       │   ├── V3CoverageJoin.cpp
│       │   ├── V3CoverageJoin.h
│       │   ├── V3Covergroup.cpp
│       │   ├── V3Covergroup.h
│       │   ├── V3CUse.cpp
│       │   ├── V3CUse.h
│       │   ├── V3Dead.cpp
│       │   ├── V3Dead.h
│       │   ├── V3DebugBisect.h
│       │   ├── V3Delayed.cpp
│       │   ├── V3Delayed.h
│       │   ├── V3Depth.cpp
│       │   ├── V3Depth.h
│       │   ├── V3DepthBlock.cpp
│       │   ├── V3DepthBlock.h
│       │   ├── V3Descope.cpp
│       │   ├── V3Descope.h
│       │   ├── V3Dfg.cpp
│       │   ├── V3Dfg.h
│       │   ├── V3DfgAstToDfg.cpp
│       │   ├── V3DfgBreakCycles.cpp
│       │   ├── V3DfgCache.h
│       │   ├── V3DfgColorSCCs.cpp
│       │   ├── V3DfgContext.h
│       │   ├── V3DfgCse.cpp
│       │   ├── V3DfgDataType.cpp
│       │   ├── V3DfgDataType.h
│       │   ├── V3DfgDecomposition.cpp
│       │   ├── V3DfgDfgToAst.cpp
│       │   ├── V3DfgOptimizer.cpp
│       │   ├── V3DfgOptimizer.h
│       │   ├── V3DfgPasses.cpp
│       │   ├── V3DfgPasses.h
│       │   ├── V3DfgPeephole.cpp
│       │   ├── V3DfgPeepholePatterns.h
│       │   ├── V3DfgPushDownSels.cpp
│       │   ├── V3DfgRegularize.cpp
│       │   ├── V3DfgSynthesize.cpp
│       │   ├── V3DfgVertices.h
│       │   ├── V3DiagSarif.cpp
│       │   ├── V3DiagSarif.h
│       │   ├── V3DupFinder.cpp
│       │   ├── V3DupFinder.h
│       │   ├── V3EmitC.h
│       │   ├── V3EmitCBase.cpp
│       │   ├── V3EmitCBase.h
│       │   ├── V3EmitCConstInit.h
│       │   ├── V3EmitCConstPool.cpp
│       │   ├── V3EmitCFunc.cpp
│       │   ├── V3EmitCFunc.h
│       │   ├── V3EmitCHeaders.cpp
│       │   ├── V3EmitCImp.cpp
│       │   ├── V3EmitCInlines.cpp
│       │   ├── V3EmitCMain.cpp
│       │   ├── V3EmitCMain.h
│       │   ├── V3EmitCModel.cpp
│       │   ├── V3EmitCPch.cpp
│       │   ├── V3EmitCSyms.cpp
│       │   ├── V3EmitMk.cpp
│       │   ├── V3EmitMk.h
│       │   ├── V3EmitMkJson.cpp
│       │   ├── V3EmitMkJson.h
│       │   ├── V3EmitV.cpp
│       │   ├── V3EmitV.h
│       │   ├── V3Error.cpp
│       │   ├── V3Error.h
│       │   ├── V3ExecGraph.cpp
│       │   ├── V3ExecGraph.h
│       │   ├── V3Expand.cpp
│       │   ├── V3Expand.h
│       │   ├── V3File.cpp
│       │   ├── V3File.h
│       │   ├── V3FileLine.cpp
│       │   ├── V3FileLine.h
│       │   ├── V3Force.cpp
│       │   ├── V3Force.h
│       │   ├── V3Fork.cpp
│       │   ├── V3Fork.h
│       │   ├── V3FsmDetect.cpp
│       │   ├── V3FsmDetect.h
│       │   ├── V3FuncOpt.cpp
│       │   ├── V3FuncOpt.h
│       │   ├── V3FunctionTraits.h
│       │   ├── V3Gate.cpp
│       │   ├── V3Gate.h
│       │   ├── V3Global.cpp
│       │   ├── V3Global.h
│       │   ├── V3Graph.cpp
│       │   ├── V3Graph.h
│       │   ├── V3GraphAcyc.cpp
│       │   ├── V3GraphAlg.cpp
│       │   ├── V3GraphAlg.h
│       │   ├── V3GraphPathChecker.cpp
│       │   ├── V3GraphPathChecker.h
│       │   ├── V3GraphStream.h
│       │   ├── V3GraphTest.cpp
│       │   ├── V3Hash.cpp
│       │   ├── V3Hash.h
│       │   ├── V3Hasher.cpp
│       │   ├── V3Hasher.h
│       │   ├── V3HierBlock.cpp
│       │   ├── V3HierBlock.h
│       │   ├── V3Inline.cpp
│       │   ├── V3Inline.h
│       │   ├── V3InlineCFuncs.cpp
│       │   ├── V3InlineCFuncs.h
│       │   ├── V3Inst.cpp
│       │   ├── V3Inst.h
│       │   ├── V3InstrCount.cpp
│       │   ├── V3InstrCount.h
│       │   ├── V3Interface.cpp
│       │   ├── V3Interface.h
│       │   ├── V3LangCode.h
│       │   ├── V3LanguageWords.h
│       │   ├── V3LibMap.cpp
│       │   ├── V3LibMap.h
│       │   ├── V3Life.cpp
│       │   ├── V3Life.h
│       │   ├── V3LifePost.cpp
│       │   ├── V3LifePost.h
│       │   ├── V3LiftExpr.cpp
│       │   ├── V3LiftExpr.h
│       │   ├── V3LinkCells.cpp
│       │   ├── V3LinkCells.h
│       │   ├── V3LinkDot.cpp
│       │   ├── V3LinkDot.h
│       │   ├── V3LinkDotIfaceCapture.cpp
│       │   ├── V3LinkDotIfaceCapture.h
│       │   ├── V3LinkInc.cpp
│       │   ├── V3LinkInc.h
│       │   ├── V3LinkJump.cpp
│       │   ├── V3LinkJump.h
│       │   ├── V3LinkLevel.cpp
│       │   ├── V3LinkLevel.h
│       │   ├── V3LinkLValue.cpp
│       │   ├── V3LinkLValue.h
│       │   ├── V3LinkParse.cpp
│       │   ├── V3LinkParse.h
│       │   ├── V3LinkResolve.cpp
│       │   ├── V3LinkResolve.h
│       │   ├── V3LinkWith.cpp
│       │   ├── V3LinkWith.h
│       │   ├── V3List.h
│       │   ├── V3Localize.cpp
│       │   ├── V3Localize.h
│       │   ├── V3MemberMap.h
│       │   ├── V3MergeCond.cpp
│       │   ├── V3MergeCond.h
│       │   ├── V3Mutex.h
│       │   ├── V3Name.cpp
│       │   ├── V3Name.h
│       │   ├── V3Number.cpp
│       │   ├── V3Number.h
│       │   ├── V3OptionParser.cpp
│       │   ├── V3OptionParser.h
│       │   ├── V3Options.cpp
│       │   ├── V3Options.h
│       │   ├── V3Order.cpp
│       │   ├── V3Order.h
│       │   ├── V3OrderCFuncEmitter.h
│       │   ├── V3OrderGraph.h
│       │   ├── V3OrderGraphBuilder.cpp
│       │   ├── V3OrderInternal.h
│       │   ├── V3OrderMoveGraph.cpp
│       │   ├── V3OrderMoveGraph.h
│       │   ├── V3OrderParallel.cpp
│       │   ├── V3OrderProcessDomains.cpp
│       │   ├── V3OrderSerial.cpp
│       │   ├── V3Os.cpp
│       │   ├── V3Os.h
│       │   ├── V3PairingHeap.h
│       │   ├── V3Param.cpp
│       │   ├── V3Param.h
│       │   ├── V3Parse.h
│       │   ├── V3ParseGrammar.cpp
│       │   ├── V3ParseGrammar.h
│       │   ├── V3ParseImp.cpp
│       │   ├── V3ParseImp.h
│       │   ├── V3ParseLex.cpp
│       │   ├── V3PatternStats.cpp
│       │   ├── V3PchAstMT.h
│       │   ├── V3PchAstNoMT.h
│       │   ├── V3PreExpr.h
│       │   ├── V3PreLex.h
│       │   ├── V3PreLex.l
│       │   ├── V3Premit.cpp
│       │   ├── V3Premit.h
│       │   ├── V3PreProc.cpp
│       │   ├── V3PreProc.h
│       │   ├── V3PreShell.cpp
│       │   ├── V3PreShell.h
│       │   ├── V3ProtectLib.cpp
│       │   ├── V3ProtectLib.h
│       │   ├── V3Randomize.cpp
│       │   ├── V3Randomize.h
│       │   ├── V3RandSequence.cpp
│       │   ├── V3RandSequence.h
│       │   ├── V3Reloop.cpp
│       │   ├── V3Reloop.h
│       │   ├── V3Reorder.cpp
│       │   ├── V3Reorder.h
│       │   ├── V3Rtti.h
│       │   ├── V3Sampled.cpp
│       │   ├── V3Sampled.h
│       │   ├── V3Sched.cpp
│       │   ├── V3Sched.h
│       │   ├── V3SchedAcyclic.cpp
│       │   ├── V3SchedPartition.cpp
│       │   ├── V3SchedReplicate.cpp
│       │   ├── V3SchedTiming.cpp
│       │   ├── V3SchedTrigger.cpp
│       │   ├── V3SchedUtil.cpp
│       │   ├── V3SchedVirtIface.cpp
│       │   ├── V3Scope.cpp
│       │   ├── V3Scope.h
│       │   ├── V3Scoreboard.cpp
│       │   ├── V3Scoreboard.h
│       │   ├── V3SenExprBuilder.h
│       │   ├── V3SenTree.h
│       │   ├── V3Simulate.h
│       │   ├── V3Slice.cpp
│       │   ├── V3Slice.h
│       │   ├── V3Split.cpp
│       │   ├── V3Split.h
│       │   ├── V3SplitVar.cpp
│       │   ├── V3SplitVar.h
│       │   ├── V3StackCount.cpp
│       │   ├── V3StackCount.h
│       │   ├── V3Stats.cpp
│       │   ├── V3Stats.h
│       │   ├── V3StatsReport.cpp
│       │   ├── V3StdFuture.h
│       │   ├── V3String.cpp
│       │   ├── V3String.h
│       │   ├── V3Subst.cpp
│       │   ├── V3Subst.h
│       │   ├── V3SymTable.h
│       │   ├── V3Table.cpp
│       │   ├── V3Table.h
│       │   ├── V3Task.cpp
│       │   ├── V3Task.h
│       │   ├── V3ThreadPool.cpp
│       │   ├── V3ThreadPool.h
│       │   ├── V3Timing.cpp
│       │   ├── V3Timing.h
│       │   ├── V3Trace.cpp
│       │   ├── V3Trace.h
│       │   ├── V3TraceDecl.cpp
│       │   ├── V3TraceDecl.h
│       │   ├── V3Tristate.cpp
│       │   ├── V3Tristate.h
│       │   ├── V3Udp.cpp
│       │   ├── V3Udp.h
│       │   ├── V3Undriven.cpp
│       │   ├── V3Undriven.h
│       │   ├── V3UndrivenCapture.cpp
│       │   ├── V3UndrivenCapture.h
│       │   ├── V3UniqueNames.h
│       │   ├── V3Unknown.cpp
│       │   ├── V3Unknown.h
│       │   ├── V3Unroll.cpp
│       │   ├── V3Unroll.h
│       │   ├── V3UnrollGen.cpp
│       │   ├── V3VariableOrder.cpp
│       │   ├── V3VariableOrder.h
│       │   ├── V3Waiver.cpp
│       │   ├── V3Waiver.h
│       │   ├── V3Width.cpp
│       │   ├── V3Width.h
│       │   ├── V3WidthCommit.cpp
│       │   ├── V3WidthCommit.h
│       │   ├── V3WidthRemove.h
│       │   ├── V3WidthSel.cpp
│       │   ├── Verilator.cpp
│       │   ├── verilog.l
│       │   ├── verilog.y
│       │   ├── VlcBucket.h
│       │   ├── VlcMain.cpp
│       │   ├── VlcOptions.h
│       │   ├── vlcovgen
│       │   ├── VlcPoint.h
│       │   ├── VlcSource.h
│       │   ├── VlcTest.h
│       │   ├── VlcTop.cpp
│       │   └── VlcTop.h
│       ├── test_regress
│       │   ├── t
│       │   │   ├── t_config_libmap
│       │   │   │   ├── sub
│       │   │   │   ├── lib.map
│       │   │   │   ├── m1.v
│       │   │   │   ├── m2.sv
│       │   │   │   ├── m3.vg
│       │   │   │   ├── m5.v
│       │   │   │   └── x4.v
│       │   │   ├── t_dist_attributes
│       │   │   │   ├── mt_disabled.cpp
│       │   │   │   ├── mt_disabled.h
│       │   │   │   ├── mt_enabled.cpp
│       │   │   │   └── mt_enabled.h
│       │   │   ├── t_flag_relinc_dir
│       │   │   │   ├── chip
│       │   │   │   └── include
│       │   │   ├── t_hier_block_cmake
│       │   │   │   ├── CMakeLists.txt
│       │   │   │   └── main.cpp
│       │   │   ├── t_hier_block_import
│       │   │   │   ├── t_hier_block_import_args.vc
│       │   │   │   ├── t_hier_block_import_def.vh
│       │   │   │   ├── t_hier_block_import_subA.v
│       │   │   │   ├── t_hier_block_import_subB.v
│       │   │   │   ├── t_hier_block_import_subsub.v
│       │   │   │   └── t_hier_block_import.vh
│       │   │   ├── t_preproc_resolve
│       │   │   │   └── submod.sv
│       │   │   ├── t_sv_bus_mux_demux
│       │   │   │   ├── sv_bus_mux_demux_def.sv
│       │   │   │   ├── sv_bus_mux_demux_demux.sv
│       │   │   │   ├── sv_bus_mux_demux_mux.sv
│       │   │   │   └── sv_bus_mux_demux_wrap.sv
│       │   │   ├── t_sv_cpu_code
│       │   │   │   ├── ac_ana.sv
│       │   │   │   ├── ac_dig.sv
│       │   │   │   ├── ac.sv
│       │   │   │   ├── adrdec.sv
│       │   │   │   ├── chip.sv
│       │   │   │   ├── cpu.sv
│       │   │   │   ├── genbus_if.sv
│       │   │   │   ├── pad_gnd.sv
│       │   │   │   ├── pad_gpio.sv
│       │   │   │   ├── pad_vdd.sv
│       │   │   │   ├── pads_h.sv
│       │   │   │   ├── pads_if.sv
│       │   │   │   ├── pads.sv
│       │   │   │   ├── pinout_h.sv
│       │   │   │   ├── ports_h.sv
│       │   │   │   ├── ports.sv
│       │   │   │   ├── program_h.sv
│       │   │   │   ├── rom.sv
│       │   │   │   └── timescale.sv
│       │   │   ├── t_trace_hier_sub
│       │   │   │   ├── sub.vc
│       │   │   │   ├── t_trace_hier_sub.v
│       │   │   │   ├── t_trace_hier.vlt
│       │   │   │   └── top.vc
│       │   │   ├── tsub
│       │   │   │   ├── t_flag_f_tsub_inc.v
│       │   │   │   ├── t_flag_f_tsub.v
│       │   │   │   └── t_flag_f_tsub.vc
│       │   │   ├── uvm
│       │   │   │   ├── v2017_1_0
│       │   │   │   ├── v2020_3_1
│       │   │   │   ├── uvm_pkg_all_v2017_1_0_dpi.svh
│       │   │   │   ├── uvm_pkg_all_v2017_1_0_nodpi.svh
│       │   │   │   ├── uvm_pkg_all_v2020_3_1_dpi.svh
│       │   │   │   └── uvm_pkg_all_v2020_3_1_nodpi.svh
│       │   │   ├── coverage_common.py
│       │   │   ├── coverage_covergroup_common.py
│       │   │   ├── t_a1_first_cc.py
│       │   │   ├── t_a1_first_cc.v
│       │   │   ├── t_a2_first_sc.py
│       │   │   ├── t_a3_selftest_thread.py
│       │   │   ├── t_a3_selftest.py
│       │   │   ├── t_a6_examples.py
│       │   │   ├── t_alias_cyclic_bad.out
│       │   │   ├── t_alias_cyclic_bad.py
│       │   │   ├── t_alias_cyclic_bad.v
│       │   │   ├── t_alias_force.py
│       │   │   ├── t_alias_force.v
│       │   │   ├── t_alias_hier_ref_bad.out
│       │   │   ├── t_alias_hier_ref_bad.py
│       │   │   ├── t_alias_hier_ref_bad.v
│       │   │   ├── t_alias_ports_unsup.out
│       │   │   ├── t_alias_ports_unsup.py
│       │   │   ├── t_alias_ports_unsup.v
│       │   │   ├── t_alias_simple.py
│       │   │   ├── t_alias_simple.v
│       │   │   ├── t_alias_sub_select.py
│       │   │   ├── t_alias_sub_select.v
│       │   │   ├── t_alias_transitive.py
│       │   │   ├── t_alias_transitive.v
│       │   │   ├── t_alias_tristate_unsup.out
│       │   │   ├── t_alias_tristate_unsup.py
│       │   │   ├── t_alias_tristate_unsup.v
│       │   │   ├── t_alias_unsup.out
│       │   │   ├── t_alias_unsup.py
│       │   │   ├── t_alias_unsup.v
│       │   │   ├── t_alias_var_bad.out
│       │   │   ├── t_alias_var_bad.py
│       │   │   ├── t_alias_var_bad.v
│       │   │   ├── t_alias_width_bad.out
│       │   │   ├── t_alias_width_bad.py
│       │   │   ├── t_alias_width_bad.v
│       │   │   ├── t_altera_lpm_abs.py
│       │   │   ├── t_altera_lpm_add_sub.py
│       │   │   ├── t_altera_lpm_and.py
│       │   │   ├── t_altera_lpm_bustri_noinl.py
│       │   │   ├── t_altera_lpm_bustri.py
│       │   │   ├── t_altera_lpm_clshift.py
│       │   │   ├── t_altera_lpm_compare.py
│       │   │   ├── t_altera_lpm_constant.py
│       │   │   ├── t_altera_lpm_counter.py
│       │   │   ├── t_altera_lpm_decode.py
│       │   │   ├── t_altera_lpm_divide.py
│       │   │   ├── t_altera_lpm_ff.py
│       │   │   ├── t_altera_lpm_fifo_dc.py
│       │   │   ├── t_altera_lpm_fifo.py
│       │   │   ├── t_altera_lpm_inv.py
│       │   │   ├── t_altera_lpm_latch.py
│       │   │   ├── t_altera_lpm_mult_noinl.py
│       │   │   ├── t_altera_lpm_mult.py
│       │   │   ├── t_altera_lpm_mux.py
│       │   │   ├── t_altera_lpm_or.py
│       │   │   ├── t_altera_lpm_ram_dp.py
│       │   │   ├── t_altera_lpm_ram_dq.py
│       │   │   ├── t_altera_lpm_ram_io.py
│       │   │   ├── t_altera_lpm_rom.py
│       │   │   ├── t_altera_lpm_shiftreg.py
│       │   │   ├── t_altera_lpm_xor.py
│       │   │   ├── t_altera_lpm.v
│       │   │   ├── t_always_chg_first.py
│       │   │   ├── t_always_chg_first.v
│       │   │   ├── t_always_combdly.py
│       │   │   ├── t_always_combdly.v
│       │   │   ├── t_always_dly.py
│       │   │   ├── t_always_dly.v
│       │   │   ├── t_always_ff_never.py
│       │   │   ├── t_always_ff_never.v
│       │   │   ├── t_always_noreorder.py
│       │   │   ├── t_always_nosplit.py
│       │   │   ├── t_always_nosplit.v
│       │   │   ├── t_always_reorder_inlined_func.py
│       │   │   ├── t_always_reorder_inlined_func.v
│       │   │   ├── t_always_reorder_no_acycsimp.py
│       │   │   ├── t_always_reorder.py
│       │   │   ├── t_always_reorder.v
│       │   │   ├── t_always_sen_compare.py
│       │   │   ├── t_always_sen_compare.v
│       │   │   ├── t_always_split_cond.py
│       │   │   ├── t_always_split_cond.v
│       │   │   ├── t_always_split_rst.py
│       │   │   ├── t_always_split_rst.v
│       │   │   ├── t_always_split.py
│       │   │   ├── t_always_split.v
│       │   │   ├── t_always_splitord.py
│       │   │   ├── t_always_splitord.v
│       │   │   ├── t_array_backw_index_bad.out
│       │   │   ├── t_array_backw_index_bad.py
│       │   │   ├── t_array_backw_index_bad.v
│       │   │   ├── t_array_compare.py
│       │   │   ├── t_array_compare.v
│       │   │   ├── t_array_event.py
│       │   │   ├── t_array_event.v
│       │   │   ├── t_array_in_struct.py
│       │   │   ├── t_array_in_struct.v
│       │   │   ├── t_array_index_increment.py
│       │   │   ├── t_array_index_increment.v
│       │   │   ├── t_array_index_side.py
│       │   │   ├── t_array_index_side.v
│       │   │   ├── t_array_list_bad.out
│       │   │   ├── t_array_list_bad.py
│       │   │   ├── t_array_list_bad.v
│       │   │   ├── t_array_mda.py
│       │   │   ├── t_array_mda.v
│       │   │   ├── t_array_method_bad.out
│       │   │   ├── t_array_method_bad.py
│       │   │   ├── t_array_method_bad.v
│       │   │   ├── t_array_method.py
│       │   │   ├── t_array_method.v
│       │   │   ├── t_array_non_blocking_loop.py
│       │   │   ├── t_array_non_blocking_loop.v
│       │   │   ├── t_array_packed_endian.py
│       │   │   ├── t_array_packed_endian.v
│       │   │   ├── t_array_packed_sign.py
│       │   │   ├── t_array_packed_sign.v
│       │   │   ├── t_array_packed_sysfunct.py
│       │   │   ├── t_array_packed_sysfunct.v
│       │   │   ├── t_array_packed_write_read.py
│       │   │   ├── t_array_packed_write_read.v
│       │   │   ├── t_array_pattern_2d.py
│       │   │   ├── t_array_pattern_2d.v
│       │   │   ├── t_array_pattern_bad.out
│       │   │   ├── t_array_pattern_bad.py
│       │   │   ├── t_array_pattern_bad.v
│       │   │   ├── t_array_pattern_bad2.out
│       │   │   ├── t_array_pattern_bad2.py
│       │   │   ├── t_array_pattern_bad2.v
│       │   │   ├── t_array_pattern_bad3.out
│       │   │   ├── t_array_pattern_bad3.py
│       │   │   ├── t_array_pattern_bad3.v
│       │   │   ├── t_array_pattern_concat.py
│       │   │   ├── t_array_pattern_concat.v
│       │   │   ├── t_array_pattern_default_recursive.py
│       │   │   ├── t_array_pattern_default_recursive.v
│       │   │   ├── t_array_pattern_enum.py
│       │   │   ├── t_array_pattern_enum.v
│       │   │   ├── t_array_pattern_packed.py
│       │   │   ├── t_array_pattern_packed.v
│       │   │   ├── t_array_pattern_scalar_bad.out
│       │   │   ├── t_array_pattern_scalar_bad.py
│       │   │   ├── t_array_pattern_scalar_bad.v
│       │   │   ├── t_array_pattern_side_effect.py
│       │   │   ├── t_array_pattern_side_effect.v
│       │   │   ├── t_array_pattern_unpacked.py
│       │   │   ├── t_array_pattern_unpacked.v
│       │   │   ├── t_array_query_with.py
│       │   │   ├── t_array_query_with.v
│       │   │   ├── t_array_query.py
│       │   │   ├── t_array_query.v
│       │   │   ├── t_array_rev.py
│       │   │   ├── t_array_rev.v
│       │   │   ├── t_array_sel_short.py
│       │   │   ├── t_array_sel_short.v
│       │   │   ├── t_array_sel_wide.py
│       │   │   ├── t_array_sel_wide.v
│       │   │   ├── t_array_type_methods.py
│       │   │   ├── t_array_type_methods.v
│       │   │   ├── t_array_unpacked_public.py
│       │   │   ├── t_array_unpacked_public.v
│       │   │   ├── t_assert_always_unbounded_bad.out
│       │   │   ├── t_assert_always_unbounded_bad.py
│       │   │   ├── t_assert_always_unbounded_bad.v
│       │   │   ├── t_assert_always_unbounded.py
│       │   │   ├── t_assert_always_unbounded.v
│       │   │   ├── t_assert_always_unsup.out
│       │   │   ├── t_assert_always_unsup.py
│       │   │   ├── t_assert_always_unsup.v
│       │   │   ├── t_assert_assert.py
│       │   │   ├── t_assert_assert.v
│       │   │   ├── t_assert_bang_in_seq.py
│       │   │   ├── t_assert_bang_in_seq.v
│       │   │   ├── t_assert_basic_cover.py
│       │   │   ├── t_assert_basic_fail.py
│       │   │   ├── t_assert_basic_off.py
│       │   │   ├── t_assert_basic.py
│       │   │   ├── t_assert_basic.v
│       │   │   ├── t_assert_casez.py
│       │   │   ├── t_assert_casez.v
│       │   │   ├── t_assert_clock_event_unsup.out
│       │   │   ├── t_assert_clock_event_unsup.py
│       │   │   ├── t_assert_clock_event_unsup.v
│       │   │   ├── t_assert_comp_bad.out
│       │   │   ├── t_assert_comp_bad.py
│       │   │   ├── t_assert_comp_bad.v
│       │   │   ├── t_assert_comp.out
│       │   │   ├── t_assert_comp.py
│       │   │   ├── t_assert_comp.v
│       │   │   ├── t_assert_consec_rep_bad.out
│       │   │   ├── t_assert_consec_rep_bad.py
│       │   │   ├── t_assert_consec_rep_bad.v
│       │   │   ├── t_assert_consec_rep_large.py
│       │   │   ├── t_assert_consec_rep_large.v
│       │   │   ├── t_assert_consec_rep_unroll_limit_bad.out
│       │   │   ├── t_assert_consec_rep_unroll_limit_bad.py
│       │   │   ├── t_assert_consec_rep_unroll_limit_bad.v
│       │   │   ├── t_assert_consec_rep_unsup.out
│       │   │   ├── t_assert_consec_rep_unsup.py
│       │   │   ├── t_assert_consec_rep_unsup.v
│       │   │   ├── t_assert_consec_rep.py
│       │   │   ├── t_assert_consec_rep.v
│       │   │   ├── t_assert_cover_off.py
│       │   │   ├── t_assert_cover.py
│       │   │   ├── t_assert_cover.v
│       │   │   ├── t_assert_ctl_arg_noinl.py
│       │   │   ├── t_assert_ctl_arg_unsup.out
│       │   │   ├── t_assert_ctl_arg_unsup.py
│       │   │   ├── t_assert_ctl_arg_unsup.v
│       │   │   ├── t_assert_ctl_arg.cpp
│       │   │   ├── t_assert_ctl_arg.dat.out
│       │   │   ├── t_assert_ctl_arg.out
│       │   │   ├── t_assert_ctl_arg.py
│       │   │   ├── t_assert_ctl_arg.v
│       │   │   ├── t_assert_ctl_concurrent_noinl.py
│       │   │   ├── t_assert_ctl_concurrent.py
│       │   │   ├── t_assert_ctl_concurrent.v
│       │   │   ├── t_assert_ctl_immediate_noinl.py
│       │   │   ├── t_assert_ctl_immediate.out
│       │   │   ├── t_assert_ctl_immediate.py
│       │   │   ├── t_assert_ctl_immediate.v
│       │   │   ├── t_assert_ctl_lock_noinl.py
│       │   │   ├── t_assert_ctl_lock.py
│       │   │   ├── t_assert_ctl_lock.v
│       │   │   ├── t_assert_ctl_pass_actions.py
│       │   │   ├── t_assert_ctl_pass_actions.v
│       │   │   ├── t_assert_ctl_type_bad.out
│       │   │   ├── t_assert_ctl_type_bad.py
│       │   │   ├── t_assert_ctl_type_bad.v
│       │   │   ├── t_assert_ctl_type_runtime_bad.out
│       │   │   ├── t_assert_ctl_type_runtime_bad.py
│       │   │   ├── t_assert_ctl_type_runtime_bad.v
│       │   │   ├── t_assert_ctl_unsup.out
│       │   │   ├── t_assert_ctl_unsup.v
│       │   │   ├── t_assert_disable_bad.out
│       │   │   ├── t_assert_disable_bad.py
│       │   │   ├── t_assert_disable_bad.v
│       │   │   ├── t_assert_disable_count.py
│       │   │   ├── t_assert_disable_count.v
│       │   │   ├── t_assert_disable_iff.py
│       │   │   ├── t_assert_disable_iff.v
│       │   │   ├── t_assert_disabled.py
│       │   │   ├── t_assert_disabled.v
│       │   │   ├── t_assert_dup_bad.out
│       │   │   ├── t_assert_dup_bad.py
│       │   │   ├── t_assert_dup_bad.v
│       │   │   ├── t_assert_elab_bad.py
│       │   │   ├── t_assert_elab_p.out
│       │   │   ├── t_assert_elab_p.py
│       │   │   ├── t_assert_elab_p.v
│       │   │   ├── t_assert_elab.py
│       │   │   ├── t_assert_elab.v
│       │   │   ├── t_assert_enabled_bad.py
│       │   │   ├── t_assert_enabled_off.py
│       │   │   ├── t_assert_enabled_on_bad.py
│       │   │   ├── t_assert_future_bad.out
│       │   │   ├── t_assert_future_bad.py
│       │   │   ├── t_assert_future_bad.v
│       │   │   ├── t_assert_future_unsup.out
│       │   │   ├── t_assert_future_unsup.py
│       │   │   ├── t_assert_future_unsup.v
│       │   │   ├── t_assert_future.py
│       │   │   ├── t_assert_future.v
│       │   │   ├── t_assert_goto_rep.py
│       │   │   ├── t_assert_goto_rep.v
│       │   │   ├── t_assert_iff_bad1.py
│       │   │   ├── t_assert_iff_bad2.py
│       │   │   ├── t_assert_iff_clk.py
│       │   │   ├── t_assert_iff_clk.v
│       │   │   ├── t_assert_iff.py
│       │   │   ├── t_assert_iff.v
│       │   │   ├── t_assert_imm_nz_bad.out
│       │   │   ├── t_assert_imm_nz_bad.py
│       │   │   ├── t_assert_imm_nz_bad.v
│       │   │   ├── t_assert_implication_bad.py
│       │   │   ├── t_assert_implication_coverage.py
│       │   │   ├── t_assert_implication_coverage.v
│       │   │   ├── t_assert_implication.py
│       │   │   ├── t_assert_implication.v
│       │   │   ├── t_assert_inline_coverage.py
│       │   │   ├── t_assert_inline_coverage.v
│       │   │   ├── t_assert_inside_cond_bad.out
│       │   │   ├── t_assert_inside_cond_bad.py
│       │   │   ├── t_assert_inside_cond.py
│       │   │   ├── t_assert_inside_cond.v
│       │   │   ├── t_assert_nonconsec_rep.py
│       │   │   ├── t_assert_nonconsec_rep.v
│       │   │   ├── t_assert_on.v
│       │   │   ├── t_assert_opt_check.py
│       │   │   ├── t_assert_opt_check.v
│       │   │   ├── t_assert_past.py
│       │   │   ├── t_assert_past.v
│       │   │   ├── t_assert_pre.py
│       │   │   ├── t_assert_pre.v
│       │   │   ├── t_assert_preponed_nba.py
│       │   │   ├── t_assert_preponed_nba.v
│       │   │   ├── t_assert_procedural_clk_bad.out
│       │   │   ├── t_assert_procedural_clk_bad.py
│       │   │   ├── t_assert_procedural_clk_bad.v
│       │   │   ├── t_assert_procedural_gated.py
│       │   │   ├── t_assert_procedural_gated.v
│       │   │   ├── t_assert_procedural.py
│       │   │   ├── t_assert_procedural.v
│       │   │   ├── t_assert_property_stop_bad.out
│       │   │   ├── t_assert_property_stop_bad.py
│       │   │   ├── t_assert_property_stop_bad.v
│       │   │   ├── t_assert_property_unsized.py
│       │   │   ├── t_assert_property_unsized.v
│       │   │   ├── t_assert_question.py
│       │   │   ├── t_assert_question.v
│       │   │   ├── t_assert_rep_bad_count.out
│       │   │   ├── t_assert_rep_bad_count.py
│       │   │   ├── t_assert_rep_bad_count.v
│       │   │   ├── t_assert_rep_range_bad.out
│       │   │   ├── t_assert_rep_range_bad.py
│       │   │   ├── t_assert_rep_range_bad.v
│       │   │   ├── t_assert_rep_range_unsup.out
│       │   │   ├── t_assert_rep_range_unsup.py
│       │   │   ├── t_assert_rep_range_unsup.v
│       │   │   ├── t_assert_rep_range_zero_min_unsup.out
│       │   │   ├── t_assert_rep_range_zero_min_unsup.py
│       │   │   ├── t_assert_rep_range_zero_min_unsup.v
│       │   │   ├── t_assert_sampled.py
│       │   │   ├── t_assert_sampled.v
│       │   │   ├── t_assert_seq_clocking_unsup.out
│       │   │   ├── t_assert_seq_clocking_unsup.py
│       │   │   ├── t_assert_seq_clocking_unsup.v
│       │   │   ├── t_assert_seq_clocking.py
│       │   │   ├── t_assert_seq_clocking.v
│       │   │   ├── t_assert_seq_event_bad.out
│       │   │   ├── t_assert_seq_event_bad.py
│       │   │   ├── t_assert_seq_event_bad.v
│       │   │   ├── t_assert_seq_event_ctl.py
│       │   │   ├── t_assert_seq_event_ctl.v
│       │   │   ├── t_assert_seq_event_unsup.out
│       │   │   ├── t_assert_seq_event_unsup.py
│       │   │   ├── t_assert_seq_event_unsup.v
│       │   │   ├── t_assert_seq_event.py
│       │   │   ├── t_assert_seq_event.v
│       │   │   ├── t_assert_synth_full_vlt.out
│       │   │   ├── t_assert_synth_full_vlt.py
│       │   │   ├── t_assert_synth_full.out
│       │   │   ├── t_assert_synth_full.py
│       │   │   ├── t_assert_synth_full.vlt
│       │   │   ├── t_assert_synth_off.py
│       │   │   ├── t_assert_synth_parallel_vlt.out
│       │   │   ├── t_assert_synth_parallel_vlt.py
│       │   │   ├── t_assert_synth_parallel.out
│       │   │   ├── t_assert_synth_parallel.py
│       │   │   ├── t_assert_synth_parallel.vlt
│       │   │   ├── t_assert_synth.py
│       │   │   ├── t_assert_synth.v
│       │   │   ├── t_assert_unclocked_bad.out
│       │   │   ├── t_assert_unclocked_bad.py
│       │   │   ├── t_assert_unclocked_bad.v
│       │   │   ├── t_assert_unique_case_bad.out
│       │   │   ├── t_assert_unique_case_bad.py
│       │   │   ├── t_assert_unique_case_bad.v
│       │   │   ├── t_assert_unique_case.out
│       │   │   ├── t_assert_unique_case.py
│       │   │   ├── t_assertcontrol_noinl.py
│       │   │   ├── t_assertcontrol.py
│       │   │   ├── t_assertcontrol.v
│       │   │   ├── t_assign_automatic_bad.out
│       │   │   ├── t_assign_automatic_bad.py
│       │   │   ├── t_assign_automatic_bad.v
│       │   │   ├── t_assign_cont_automatic_bad.out
│       │   │   ├── t_assign_cont_automatic_bad.py
│       │   │   ├── t_assign_cont_automatic_bad.v
│       │   │   ├── t_assign_deassign_concat.py
│       │   │   ├── t_assign_deassign_concat.v
│       │   │   ├── t_assign_dff.py
│       │   │   ├── t_assign_dff.v
│       │   │   ├── t_assign_expr.py
│       │   │   ├── t_assign_expr.v
│       │   │   ├── t_assign_func.py
│       │   │   ├── t_assign_func.v
│       │   │   ├── t_assign_inline.py
│       │   │   ├── t_assign_inline.v
│       │   │   ├── t_assign_pattern_cmp.py
│       │   │   ├── t_assign_pattern_cmp.v
│       │   │   ├── t_assign_slice_overflow_ox.py
│       │   │   ├── t_assign_slice_overflow.py
│       │   │   ├── t_assign_slice_overflow.v
│       │   │   ├── t_assigndly_deep_ref_array.py
│       │   │   ├── t_assigndly_deep_ref_array.v
│       │   │   ├── t_assigndly_deep_ref.py
│       │   │   ├── t_assigndly_deep_ref.v
│       │   │   ├── t_assigndly_dynamic_delay.py
│       │   │   ├── t_assigndly_dynamic_nofork.py
│       │   │   ├── t_assigndly_dynamic_notiming_bad.out
│       │   │   ├── t_assigndly_dynamic_notiming_bad.py
│       │   │   ├── t_assigndly_dynamic_notiming_bad.v
│       │   │   ├── t_assigndly_dynamic.py
│       │   │   ├── t_assigndly_dynamic.v
│       │   │   ├── t_assigndly_task.py
│       │   │   ├── t_assigndly_task.v
│       │   │   ├── t_assignment_compatibility_bad.out
│       │   │   ├── t_assignment_compatibility_bad.py
│       │   │   ├── t_assignment_compatibility_bad.v
│       │   │   ├── t_assignment_pin_bad.out
│       │   │   ├── t_assignment_pin_bad.py
│       │   │   ├── t_assignment_pin_bad.v
│       │   │   ├── t_assoc_compare.py
│       │   │   ├── t_assoc_compare.v
│       │   │   ├── t_assoc_default_func.py
│       │   │   ├── t_assoc_default_func.v
│       │   │   ├── t_assoc_enum.py
│       │   │   ├── t_assoc_enum.v
│       │   │   ├── t_assoc_method_bad.out
│       │   │   ├── t_assoc_method_bad.py
│       │   │   ├── t_assoc_method_bad.v
│       │   │   ├── t_assoc_method.py
│       │   │   ├── t_assoc_method.v
│       │   │   ├── t_assoc_nokey_bad.out
│       │   │   ├── t_assoc_nokey_bad.py
│       │   │   ├── t_assoc_nokey_bad.v
│       │   │   ├── t_assoc_ref_type.py
│       │   │   ├── t_assoc_ref_type.v
│       │   │   ├── t_assoc_unsup.out
│       │   │   ├── t_assoc_unsup.py
│       │   │   ├── t_assoc_unsup.v
│       │   │   ├── t_assoc_wildcard_bad.out
│       │   │   ├── t_assoc_wildcard_bad.py
│       │   │   ├── t_assoc_wildcard_bad.v
│       │   │   ├── t_assoc_wildcard_method.py
│       │   │   ├── t_assoc_wildcard_method.v
│       │   │   ├── t_assoc_wildcard.py
│       │   │   ├── t_assoc_wildcard.v
│       │   │   ├── t_assoc.py
│       │   │   ├── t_assoc.v
│       │   │   ├── t_assoc2.py
│       │   │   ├── t_assoc2.v
│       │   │   ├── t_ast_dump_patterns.out
│       │   │   ├── t_ast_dump_patterns.py
│       │   │   ├── t_ast_dump_patterns.v
│       │   │   ├── t_attr_parenstar.py
│       │   │   ├── t_attr_parenstar.v
│       │   │   ├── t_attr.py
│       │   │   ├── t_attr.v
│       │   │   ├── t_benchmark_mux4k_onecpu.py
│       │   │   ├── t_benchmark_mux4k.py
│       │   │   ├── t_benchmark_mux4k.v
│       │   │   ├── t_benchmark_sim.py
│       │   │   ├── t_bind_nfound.py
│       │   │   ├── t_bind_nfound.v
│       │   │   ├── t_bind.py
│       │   │   ├── t_bind.v
│       │   │   ├── t_bind2.py
│       │   │   ├── t_bind2.v
│       │   │   ├── t_bit_scan_loops_off.py
│       │   │   ├── t_bit_scan_loops_xassign0.py
│       │   │   ├── t_bit_scan_loops.py
│       │   │   ├── t_bit_scan_loops.v
│       │   │   ├── t_bitsel_2d_slice.py
│       │   │   ├── t_bitsel_2d_slice.v
│       │   │   ├── t_bitsel_concat.py
│       │   │   ├── t_bitsel_concat.v
│       │   │   ├── t_bitsel_const_bad.out
│       │   │   ├── t_bitsel_const_bad.py
│       │   │   ├── t_bitsel_const_bad.v
│       │   │   ├── t_bitsel_enum.py
│       │   │   ├── t_bitsel_enum.v
│       │   │   ├── t_bitsel_lvalue.py
│       │   │   ├── t_bitsel_lvalue.v
│       │   │   ├── t_bitsel_over32.py
│       │   │   ├── t_bitsel_over32.v
│       │   │   ├── t_bitsel_slice.py
│       │   │   ├── t_bitsel_slice.v
│       │   │   ├── t_bitsel_struct.py
│       │   │   ├── t_bitsel_struct.v
│       │   │   ├── t_bitsel_struct2.py
│       │   │   ├── t_bitsel_struct2.v
│       │   │   ├── t_bitsel_struct3.py
│       │   │   ├── t_bitsel_struct3.v
│       │   │   ├── t_bitsel_wire_array_bad.out
│       │   │   ├── t_bitsel_wire_array_bad.py
│       │   │   ├── t_bitsel_wire_array_bad.v
│       │   │   ├── t_blocking.py
│       │   │   ├── t_blocking.v
│       │   │   ├── t_c_this.py
│       │   │   ├── t_c_this.v
│       │   │   ├── t_c_width_bad.out
│       │   │   ├── t_c_width_bad.py
│       │   │   ├── t_c_width_bad.v
│       │   │   ├── t_case_66bits_no_const_eager.py
│       │   │   ├── t_case_66bits_noexpand.py
│       │   │   ├── t_case_66bits.py
│       │   │   ├── t_case_66bits.v
│       │   │   ├── t_case_auto1.py
│       │   │   ├── t_case_auto1.v
│       │   │   ├── t_case_call_count.py
│       │   │   ├── t_case_call_count.v
│       │   │   ├── t_case_decoder_off.py
│       │   │   ├── t_case_decoder.py
│       │   │   ├── t_case_decoder.v
│       │   │   ├── t_case_deep.py
│       │   │   ├── t_case_deep.v
│       │   │   ├── t_case_default_bad.out
│       │   │   ├── t_case_default_bad.py
│       │   │   ├── t_case_default_bad.v
│       │   │   ├── t_case_dupitems.py
│       │   │   ├── t_case_dupitems.v
│       │   │   ├── t_case_enum_complete_wildcard.py
│       │   │   ├── t_case_enum_complete_wildcard.v
│       │   │   ├── t_case_enum_complete.py
│       │   │   ├── t_case_enum_complete.v
│       │   │   ├── t_case_enum_emptyish.py
│       │   │   ├── t_case_enum_emptyish.v
│       │   │   ├── t_case_enum_incomplete_bad.out
│       │   │   ├── t_case_enum_incomplete_bad.py
│       │   │   ├── t_case_enum_incomplete_bad.v
│       │   │   ├── t_case_enum_incomplete_wildcard_bad.out
│       │   │   ├── t_case_enum_incomplete_wildcard_bad.py
│       │   │   ├── t_case_enum_incomplete_wildcard_bad.v
│       │   │   ├── t_case_genx_bad.out
│       │   │   ├── t_case_genx_bad.py
│       │   │   ├── t_case_genx_bad.v
│       │   │   ├── t_case_group.py
│       │   │   ├── t_case_group.v
│       │   │   ├── t_case_huge_nocase_tree.py
│       │   │   ├── t_case_huge_nocase.py
│       │   │   ├── t_case_huge_noopt.py
│       │   │   ├── t_case_huge_sub.v
│       │   │   ├── t_case_huge_sub2.v
│       │   │   ├── t_case_huge_sub3.v
│       │   │   ├── t_case_huge_sub4.v
│       │   │   ├── t_case_huge.py
│       │   │   ├── t_case_huge.v
│       │   │   ├── t_case_incrdecr.py
│       │   │   ├── t_case_incrdecr.v
│       │   │   ├── t_case_inside_bad.out
│       │   │   ├── t_case_inside_bad.py
│       │   │   ├── t_case_inside_bad.v
│       │   │   ├── t_case_inside_call_count.py
│       │   │   ├── t_case_inside_call_count.v
│       │   │   ├── t_case_inside_with_x.py
│       │   │   ├── t_case_inside_with_x.v
│       │   │   ├── t_case_inside.py
│       │   │   ├── t_case_inside.v
│       │   │   ├── t_case_itemwidth.py
│       │   │   ├── t_case_itemwidth.v
│       │   │   ├── t_case_nest.py
│       │   │   ├── t_case_nest.v
│       │   │   ├── t_case_onehot.py
│       │   │   ├── t_case_onehot.v
│       │   │   ├── t_case_orig.py
│       │   │   ├── t_case_orig.v
│       │   │   ├── t_case_overlap_bad.out
│       │   │   ├── t_case_overlap_bad.py
│       │   │   ├── t_case_overlap_bad.v
│       │   │   ├── t_case_priority_overlap.py
│       │   │   ├── t_case_priority_overlap.v
│       │   │   ├── t_case_reducer.py
│       │   │   ├── t_case_reducer.v
│       │   │   ├── t_case_string.py
│       │   │   ├── t_case_string.v
│       │   │   ├── t_case_string2.py
│       │   │   ├── t_case_string2.v
│       │   │   ├── t_case_table_normal_off.py
│       │   │   ├── t_case_table_normal.py
│       │   │   ├── t_case_table_normal.v
│       │   │   ├── t_case_table_tiny_off.py
│       │   │   ├── t_case_table_tiny.py
│       │   │   ├── t_case_table_tiny.v
│       │   │   ├── t_case_unique_many.py
│       │   │   ├── t_case_unique_many.v
│       │   │   ├── t_case_unique_overlap.py
│       │   │   ├── t_case_unique_overlap.v
│       │   │   ├── t_case_wild.py
│       │   │   ├── t_case_wild.v
│       │   │   ├── t_case_write1_noexpand.py
│       │   │   ├── t_case_write1_tasks.v
│       │   │   ├── t_case_write1.out
│       │   │   ├── t_case_write1.py
│       │   │   ├── t_case_write1.v
│       │   │   ├── t_case_write2_tasks.v
│       │   │   ├── t_case_write2.out
│       │   │   ├── t_case_write2.py
│       │   │   ├── t_case_write2.v
│       │   │   ├── t_case_x_bad.out
│       │   │   ├── t_case_x_bad.py
│       │   │   ├── t_case_x_bad.v
│       │   │   ├── t_case_x.py
│       │   │   ├── t_case_x.v
│       │   │   ├── t_case_zx_bad.out
│       │   │   ├── t_case_zx_bad.py
│       │   │   ├── t_case_zx_bad.v
│       │   │   ├── t_cast_class_incompat_bad.out
│       │   │   ├── t_cast_class_incompat_bad.py
│       │   │   ├── t_cast_class_incompat_bad.v
│       │   │   ├── t_cast_class.py
│       │   │   ├── t_cast_class.v
│       │   │   ├── t_cast_param_logic.py
│       │   │   ├── t_cast_param_logic.v
│       │   │   ├── t_cast_param_type.py
│       │   │   ├── t_cast_param_type.v
│       │   │   ├── t_cast_signed.py
│       │   │   ├── t_cast_signed.v
│       │   │   ├── t_cast_size_bad.out
│       │   │   ├── t_cast_size_bad.py
│       │   │   ├── t_cast_size_bad.v
│       │   │   ├── t_cast_stream.py
│       │   │   ├── t_cast_stream.v
│       │   │   ├── t_cast_string.py
│       │   │   ├── t_cast_string.v
│       │   │   ├── t_cast_types.py
│       │   │   ├── t_cast_types.v
│       │   │   ├── t_cast.py
│       │   │   ├── t_cast.v
│       │   │   ├── t_castdyn_bbox.py
│       │   │   ├── t_castdyn_castconst_bad.out
│       │   │   ├── t_castdyn_castconst_bad.py
│       │   │   ├── t_castdyn_castconst_bad.v
│       │   │   ├── t_castdyn_enum.py
│       │   │   ├── t_castdyn_enum.v
│       │   │   ├── t_castdyn_run_bad.out
│       │   │   ├── t_castdyn_run_bad.py
│       │   │   ├── t_castdyn_run_bad.v
│       │   │   ├── t_castdyn_unsup_bad.out
│       │   │   ├── t_castdyn_unsup_bad.py
│       │   │   ├── t_castdyn_unsup_bad.v
│       │   │   ├── t_castdyn.py
│       │   │   ├── t_castdyn.v
│       │   │   ├── t_ccache_report__ccache_report_initial.out
│       │   │   ├── t_ccache_report__ccache_report_rebuild.out
│       │   │   ├── t_ccache_report.py
│       │   │   ├── t_checker_top.py
│       │   │   ├── t_checker_top.v
│       │   │   ├── t_checker_unsup.out
│       │   │   ├── t_checker_unsup.py
│       │   │   ├── t_checker_unsup.v
│       │   │   ├── t_checker.py
│       │   │   ├── t_checker.v
│       │   │   ├── t_class_assign_bad.out
│       │   │   ├── t_class_assign_bad.py
│       │   │   ├── t_class_assign_bad.v
│       │   │   ├── t_class_assign_cond_bad.out
│       │   │   ├── t_class_assign_cond_bad.py
│       │   │   ├── t_class_assign_cond_bad.v
│       │   │   ├── t_class_assign_cond.py
│       │   │   ├── t_class_assign_cond.v
│       │   │   ├── t_class_builtin_bad.out
│       │   │   ├── t_class_builtin_bad.py
│       │   │   ├── t_class_builtin_bad.v
│       │   │   ├── t_class_capitalization.py
│       │   │   ├── t_class_capitalization.v
│       │   │   ├── t_class_class_extends.py
│       │   │   ├── t_class_class_extends.v
│       │   │   ├── t_class_class.py
│       │   │   ├── t_class_class.v
│       │   │   ├── t_class_compare.py
│       │   │   ├── t_class_compare.v
│       │   │   ├── t_class_const.py
│       │   │   ├── t_class_const.v
│       │   │   ├── t_class_copy_bad.out
│       │   │   ├── t_class_copy_bad.py
│       │   │   ├── t_class_copy_bad.v
│       │   │   ├── t_class_copy.py
│       │   │   ├── t_class_copy.v
│       │   │   ├── t_class_copy2.py
│       │   │   ├── t_class_copy2.v
│       │   │   ├── t_class_cpp_overload.py
│       │   │   ├── t_class_cpp_overload.v
│       │   │   ├── t_class_dead_varscope_uaf.py
│       │   │   ├── t_class_dead_varscope_uaf.v
│       │   │   ├── t_class_default_type_param.py
│       │   │   ├── t_class_default_type_param.v
│       │   │   ├── t_class_defaultparam_import.py
│       │   │   ├── t_class_defaultparam_import.v
│       │   │   ├── t_class_defaultparams_debug.py
│       │   │   ├── t_class_defaultparams.py
│       │   │   ├── t_class_defaultparams.v
│       │   │   ├── t_class_diamond.py
│       │   │   ├── t_class_diamond.v
│       │   │   ├── t_class_dict.py
│       │   │   ├── t_class_dict.v
│       │   │   ├── t_class_dyn_cast_empty_if.py
│       │   │   ├── t_class_dyn_cast_empty_if.v
│       │   │   ├── t_class_enum.py
│       │   │   ├── t_class_enum.v
│       │   │   ├── t_class_eq.py
│       │   │   ├── t_class_eq.v
│       │   │   ├── t_class_extend_new_bad.out
│       │   │   ├── t_class_extend_new_bad.py
│       │   │   ├── t_class_extend_new_bad.v
│       │   │   ├── t_class_extends_alias.py
│       │   │   ├── t_class_extends_alias.v
│       │   │   ├── t_class_extends_aliased_real_bad.out
│       │   │   ├── t_class_extends_aliased_real_bad.py
│       │   │   ├── t_class_extends_aliased_real_bad.v
│       │   │   ├── t_class_extends_arg_super_bad.out
│       │   │   ├── t_class_extends_arg_super_bad.py
│       │   │   ├── t_class_extends_arg_super_bad.v
│       │   │   ├── t_class_extends_arg.py
│       │   │   ├── t_class_extends_arg.v
│       │   │   ├── t_class_extends_bad.out
│       │   │   ├── t_class_extends_bad.py
│       │   │   ├── t_class_extends_bad.v
│       │   │   ├── t_class_extends_colon.py
│       │   │   ├── t_class_extends_colon.v
│       │   │   ├── t_class_extends_default.out
│       │   │   ├── t_class_extends_default.py
│       │   │   ├── t_class_extends_default.v
│       │   │   ├── t_class_extends_dot.py
│       │   │   ├── t_class_extends_dot.v
│       │   │   ├── t_class_extends_int_param_bad.out
│       │   │   ├── t_class_extends_int_param_bad.py
│       │   │   ├── t_class_extends_int_param_bad.v
│       │   │   ├── t_class_extends_nf_bad.out
│       │   │   ├── t_class_extends_nf_bad.py
│       │   │   ├── t_class_extends_nf_bad.v
│       │   │   ├── t_class_extends_param_scope.py
│       │   │   ├── t_class_extends_param_scope.v
│       │   │   ├── t_class_extends_param_unused.py
│       │   │   ├── t_class_extends_param_unused.v
│       │   │   ├── t_class_extends_param.py
│       │   │   ├── t_class_extends_param.v
│       │   │   ├── t_class_extends_pkg_bad.out
│       │   │   ├── t_class_extends_pkg_bad.py
│       │   │   ├── t_class_extends_pkg_bad.v
│       │   │   ├── t_class_extends_protect_ids.py
│       │   │   ├── t_class_extends_rec_bad.out
│       │   │   ├── t_class_extends_rec_bad.py
│       │   │   ├── t_class_extends_rec_bad.v
│       │   │   ├── t_class_extends_this_protect_ids.py
│       │   │   ├── t_class_extends_this.py
│       │   │   ├── t_class_extends_this.v
│       │   │   ├── t_class_extends_this3.py
│       │   │   ├── t_class_extends_this3.v
│       │   │   ├── t_class_extends_vsyment.py
│       │   │   ├── t_class_extends_vsyment.v
│       │   │   ├── t_class_extends.py
│       │   │   ├── t_class_extends.v
│       │   │   ├── t_class_extends1.py
│       │   │   ├── t_class_extends1.v
│       │   │   ├── t_class_extends2.py
│       │   │   ├── t_class_extends2.v
│       │   │   ├── t_class_extern_args_bad.out
│       │   │   ├── t_class_extern_args_bad.py
│       │   │   ├── t_class_extern_args_bad.v
│       │   │   ├── t_class_extern_args.py
│       │   │   ├── t_class_extern_bad.out
│       │   │   ├── t_class_extern_bad.py
│       │   │   ├── t_class_extern_bad.v
│       │   │   ├── t_class_extern_mis2_bad.out
│       │   │   ├── t_class_extern_mis2_bad.py
│       │   │   ├── t_class_extern_mis2_bad.v
│       │   │   ├── t_class_extern_typeref.py
│       │   │   ├── t_class_extern_typeref.v
│       │   │   ├── t_class_extern.py
│       │   │   ├── t_class_extern.v
│       │   │   ├── t_class_extern2.py
│       │   │   ├── t_class_extern2.v
│       │   │   ├── t_class_field_name.py
│       │   │   ├── t_class_field_name.v
│       │   │   ├── t_class_format.out
│       │   │   ├── t_class_format.py
│       │   │   ├── t_class_format.v
│       │   │   ├── t_class_forward.py
│       │   │   ├── t_class_forward.v
│       │   │   ├── t_class_func_arg_unused.py
│       │   │   ├── t_class_func_arg_unused.v
│       │   │   ├── t_class_func_dot.py
│       │   │   ├── t_class_func_dot.v
│       │   │   ├── t_class_func_nvoid_bad.out
│       │   │   ├── t_class_func_nvoid_bad.py
│       │   │   ├── t_class_func_nvoid_bad.v
│       │   │   ├── t_class_func_static_bad.out
│       │   │   ├── t_class_func_static_bad.py
│       │   │   ├── t_class_func_static_bad.v
│       │   │   ├── t_class_fwd_cc.py
│       │   │   ├── t_class_fwd_cc.v
│       │   │   ├── t_class_hier_construction.py
│       │   │   ├── t_class_hier_construction.v
│       │   │   ├── t_class_if_assign.py
│       │   │   ├── t_class_if_assign.v
│       │   │   ├── t_class_imp2.py
│       │   │   ├── t_class_imp2.v
│       │   │   ├── t_class_inc.py
│       │   │   ├── t_class_inc.v
│       │   │   ├── t_class_init_order.py
│       │   │   ├── t_class_init_order.v
│       │   │   ├── t_class_link_delay.py
│       │   │   ├── t_class_link_delay.v
│       │   │   ├── t_class_link_delay2.py
│       │   │   ├── t_class_link_delay2.v
│       │   │   ├── t_class_local_bad.out
│       │   │   ├── t_class_local_bad.py
│       │   │   ├── t_class_local_bad.v
│       │   │   ├── t_class_local_nested_bad.out
│       │   │   ├── t_class_local_nested_bad.py
│       │   │   ├── t_class_local_nested_bad.v
│       │   │   ├── t_class_local_protect_ids.py
│       │   │   ├── t_class_local_typedef_bad.out
│       │   │   ├── t_class_local_typedef_bad.py
│       │   │   ├── t_class_local_typedef_bad.v
│       │   │   ├── t_class_local.py
│       │   │   ├── t_class_local.v
│       │   │   ├── t_class_localparam_dotref_bad.out
│       │   │   ├── t_class_localparam_dotref_bad.py
│       │   │   ├── t_class_localparam_dotref_bad.v
│       │   │   ├── t_class_localparam_dotref_funcref_arg_bad.out
│       │   │   ├── t_class_localparam_dotref_funcref_arg_bad.py
│       │   │   ├── t_class_localparam_dotref_funcref_arg_bad.v
│       │   │   ├── t_class_localparam_dotref.py
│       │   │   ├── t_class_localparam_dotref.v
│       │   │   ├── t_class_lparam_chain.py
│       │   │   ├── t_class_lparam_chain.v
│       │   │   ├── t_class_member_bad.out
│       │   │   ├── t_class_member_bad.py
│       │   │   ├── t_class_member_bad.v
│       │   │   ├── t_class_member_bad2.out
│       │   │   ├── t_class_member_bad2.py
│       │   │   ├── t_class_member_bad2.v
│       │   │   ├── t_class_member_sens.py
│       │   │   ├── t_class_member_sens.v
│       │   │   ├── t_class_member_var_virt_bad.out
│       │   │   ├── t_class_member_var_virt_bad.py
│       │   │   ├── t_class_member_var_virt_bad.v
│       │   │   ├── t_class_membersel_int.py
│       │   │   ├── t_class_membersel_int.v
│       │   │   ├── t_class_method_bad.out
│       │   │   ├── t_class_method_bad.py
│       │   │   ├── t_class_method_bad.v
│       │   │   ├── t_class_method_str_literal.py
│       │   │   ├── t_class_method_str_literal.v
│       │   │   ├── t_class_method_struct.py
│       │   │   ├── t_class_method_struct.v
│       │   │   ├── t_class_method.py
│       │   │   ├── t_class_method.v
│       │   │   ├── t_class_mispure_bad.out
│       │   │   ├── t_class_mispure_bad.py
│       │   │   ├── t_class_mispure_bad.v
│       │   │   ├── t_class_misstatic_bad.out
│       │   │   ├── t_class_misstatic_bad.py
│       │   │   ├── t_class_misstatic_bad.v
│       │   │   ├── t_class_mod_bad.out
│       │   │   ├── t_class_mod_bad.py
│       │   │   ├── t_class_mod_bad.v
│       │   │   ├── t_class_modscope.py
│       │   │   ├── t_class_modscope.v
│       │   │   ├── t_class_module.py
│       │   │   ├── t_class_module.v
│       │   │   ├── t_class_name.py
│       │   │   ├── t_class_name.v
│       │   │   ├── t_class_nested_link.py
│       │   │   ├── t_class_nested_link.v
│       │   │   ├── t_class_nested_split_var.py
│       │   │   ├── t_class_nested_split_var.v
│       │   │   ├── t_class_nested.py
│       │   │   ├── t_class_nested.v
│       │   │   ├── t_class_new_bad.out
│       │   │   ├── t_class_new_bad.py
│       │   │   ├── t_class_new_bad.v
│       │   │   ├── t_class_new_base_call.py
│       │   │   ├── t_class_new_base_call.v
│       │   │   ├── t_class_new_copy_null_bad.out
│       │   │   ├── t_class_new_copy_null_bad.py
│       │   │   ├── t_class_new_copy_null_bad.v
│       │   │   ├── t_class_new_copy_polymorphism.py
│       │   │   ├── t_class_new_copy_polymorphism.v
│       │   │   ├── t_class_new_default.out
│       │   │   ├── t_class_new_default.py
│       │   │   ├── t_class_new_default.v
│       │   │   ├── t_class_new_noparen.py
│       │   │   ├── t_class_new_noparen.v
│       │   │   ├── t_class_new_ref_bad.out
│       │   │   ├── t_class_new_ref_bad.py
│       │   │   ├── t_class_new_ref_bad.v
│       │   │   ├── t_class_new_return.py
│       │   │   ├── t_class_new_return.v
│       │   │   ├── t_class_new_scoped_bad.out
│       │   │   ├── t_class_new_scoped_bad.py
│       │   │   ├── t_class_new_scoped_bad.v
│       │   │   ├── t_class_new_scoped.py
│       │   │   ├── t_class_new_scoped.v
│       │   │   ├── t_class_new_supernfirst_bad.out
│       │   │   ├── t_class_new_supernfirst_bad.py
│       │   │   ├── t_class_new_supernfirst_bad.v
│       │   │   ├── t_class_new_this.py
│       │   │   ├── t_class_new_this.v
│       │   │   ├── t_class_new_typed.py
│       │   │   ├── t_class_new_typed.v
│       │   │   ├── t_class_new.py
│       │   │   ├── t_class_new.v
│       │   │   ├── t_class_null_bad.out
│       │   │   ├── t_class_null_bad.py
│       │   │   ├── t_class_null_bad.v
│       │   │   ├── t_class_null_struct.py
│       │   │   ├── t_class_null_struct.v
│       │   │   ├── t_class_override_bad.out
│       │   │   ├── t_class_override_bad.py
│       │   │   ├── t_class_override_bad.v
│       │   │   ├── t_class_override.py
│       │   │   ├── t_class_override.v
│       │   │   ├── t_class_package.py
│       │   │   ├── t_class_package.v
│       │   │   ├── t_class_packed.py
│       │   │   ├── t_class_packed.v
│       │   │   ├── t_class_param_bad_paren.out
│       │   │   ├── t_class_param_bad_paren.py
│       │   │   ├── t_class_param_bad_paren.v
│       │   │   ├── t_class_param_bad1.out
│       │   │   ├── t_class_param_bad1.py
│       │   │   ├── t_class_param_bad1.v
│       │   │   ├── t_class_param_bad2.out
│       │   │   ├── t_class_param_bad2.py
│       │   │   ├── t_class_param_bad2.v
│       │   │   ├── t_class_param_circ_bad.out
│       │   │   ├── t_class_param_circ_bad.py
│       │   │   ├── t_class_param_circ_bad.v
│       │   │   ├── t_class_param_comma_bad.out
│       │   │   ├── t_class_param_comma_bad.py
│       │   │   ├── t_class_param_comma_bad.v
│       │   │   ├── t_class_param_comparator.py
│       │   │   ├── t_class_param_comparator.v
│       │   │   ├── t_class_param_enum_bad.out
│       │   │   ├── t_class_param_enum_bad.py
│       │   │   ├── t_class_param_enum_bad.v
│       │   │   ├── t_class_param_enum.py
│       │   │   ├── t_class_param_enum.v
│       │   │   ├── t_class_param_extends_static_func.py
│       │   │   ├── t_class_param_extends_static_func.v
│       │   │   ├── t_class_param_extends_static_member_function_access.py
│       │   │   ├── t_class_param_extends_static_member_function_access.v
│       │   │   ├── t_class_param_extends.py
│       │   │   ├── t_class_param_extends.v
│       │   │   ├── t_class_param_extends2.py
│       │   │   ├── t_class_param_extends2.v
│       │   │   ├── t_class_param_extends3.py
│       │   │   ├── t_class_param_extends3.v
│       │   │   ├── t_class_param_extra_bad.out
│       │   │   ├── t_class_param_extra_bad.py
│       │   │   ├── t_class_param_extra_bad.v
│       │   │   ├── t_class_param_func_return.py
│       │   │   ├── t_class_param_func_return.v
│       │   │   ├── t_class_param_lvalue.py
│       │   │   ├── t_class_param_lvalue.v
│       │   │   ├── t_class_param_mailbox.py
│       │   │   ├── t_class_param_mailbox.v
│       │   │   ├── t_class_param_mod.py
│       │   │   ├── t_class_param_mod.v
│       │   │   ├── t_class_param_module_typedef.py
│       │   │   ├── t_class_param_module_typedef.v
│       │   │   ├── t_class_param_nconst_bad.out
│       │   │   ├── t_class_param_nconst_bad.py
│       │   │   ├── t_class_param_nconst_bad.v
│       │   │   ├── t_class_param_nested_bad.out
│       │   │   ├── t_class_param_nested_bad.py
│       │   │   ├── t_class_param_nested_bad.v
│       │   │   ├── t_class_param_nested_typedef.py
│       │   │   ├── t_class_param_nested_typedef.v
│       │   │   ├── t_class_param_noinit_bad.out
│       │   │   ├── t_class_param_noinit_bad.py
│       │   │   ├── t_class_param_noinit_bad.v
│       │   │   ├── t_class_param_noinit.py
│       │   │   ├── t_class_param_noinit.v
│       │   │   ├── t_class_param_override_local_bad.out
│       │   │   ├── t_class_param_override_local_bad.py
│       │   │   ├── t_class_param_override_local_bad.v
│       │   │   ├── t_class_param_pkg.py
│       │   │   ├── t_class_param_pkg.v
│       │   │   ├── t_class_param_rewrite.py
│       │   │   ├── t_class_param_rewrite.v
│       │   │   ├── t_class_param_static.py
│       │   │   ├── t_class_param_static.v
│       │   │   ├── t_class_param_subtype_bad_paren.out
│       │   │   ├── t_class_param_subtype_bad_paren.py
│       │   │   ├── t_class_param_subtype_constsim.py
│       │   │   ├── t_class_param_subtype.v
│       │   │   ├── t_class_param_subtype2.py
│       │   │   ├── t_class_param_subtype2.v
│       │   │   ├── t_class_param_super.py
│       │   │   ├── t_class_param_super.v
│       │   │   ├── t_class_param_type.py
│       │   │   ├── t_class_param_type.v
│       │   │   ├── t_class_param_typedef_extends.py
│       │   │   ├── t_class_param_typedef_extends.v
│       │   │   ├── t_class_param_typedef.py
│       │   │   ├── t_class_param_typedef.v
│       │   │   ├── t_class_param_typedef2.py
│       │   │   ├── t_class_param_typedef2.v
│       │   │   ├── t_class_param_typedef3.py
│       │   │   ├── t_class_param_typedef3.v
│       │   │   ├── t_class_param_typedef4.py
│       │   │   ├── t_class_param_typedef4.v
│       │   │   ├── t_class_param_typedef5.py
│       │   │   ├── t_class_param_typedef5.v
│       │   │   ├── t_class_param_typedef6.py
│       │   │   ├── t_class_param_typedef6.v
│       │   │   ├── t_class_param_typedef8.py
│       │   │   ├── t_class_param_typedef8.v
│       │   │   ├── t_class_param_unused_default.py
│       │   │   ├── t_class_param_unused_default.v
│       │   │   ├── t_class_param_upcast.py
│       │   │   ├── t_class_param_upcast.v
│       │   │   ├── t_class_param_virtual_bad.out
│       │   │   ├── t_class_param_virtual_bad.py
│       │   │   ├── t_class_param_virtual_bad.v
│       │   │   ├── t_class_param.py
│       │   │   ├── t_class_param.v
│       │   │   ├── t_class_ref_as_arg_cast.py
│       │   │   ├── t_class_ref_as_arg_cast.v
│       │   │   ├── t_class_ref_bad.out
│       │   │   ├── t_class_ref_bad.py
│       │   │   ├── t_class_ref_bad.v
│       │   │   ├── t_class_ref_ref.py
│       │   │   ├── t_class_ref_ref.v
│       │   │   ├── t_class_reference_name_colision.py
│       │   │   ├── t_class_reference_name_colision.v
│       │   │   ├── t_class_scope_import_bad.out
│       │   │   ├── t_class_scope_import_bad.py
│       │   │   ├── t_class_scope_import_bad.v
│       │   │   ├── t_class_short_circuit.py
│       │   │   ├── t_class_short_circuit.v
│       │   │   ├── t_class_split.py
│       │   │   ├── t_class_split.v
│       │   │   ├── t_class_static_after_cg.py
│       │   │   ├── t_class_static_after_cg.v
│       │   │   ├── t_class_static_default_arg.py
│       │   │   ├── t_class_static_default_arg.v
│       │   │   ├── t_class_static_member_bad.out
│       │   │   ├── t_class_static_member_bad.py
│       │   │   ├── t_class_static_member_bad.v
│       │   │   ├── t_class_static_member_pkg.py
│       │   │   ├── t_class_static_member_pkg.v
│       │   │   ├── t_class_static_member_sel.py
│       │   │   ├── t_class_static_member_sel.v
│       │   │   ├── t_class_static_member.py
│       │   │   ├── t_class_static_member.v
│       │   │   ├── t_class_static_method_protect_ids.py
│       │   │   ├── t_class_static_method.py
│       │   │   ├── t_class_static_method.v
│       │   │   ├── t_class_static_order.py
│       │   │   ├── t_class_static_order.v
│       │   │   ├── t_class_static_virtual_method_bad.out
│       │   │   ├── t_class_static_virtual_method_bad.py
│       │   │   ├── t_class_static_virtual_method_bad.v
│       │   │   ├── t_class_static.py
│       │   │   ├── t_class_static.v
│       │   │   ├── t_class_super_bad.out
│       │   │   ├── t_class_super_bad.py
│       │   │   ├── t_class_super_bad.v
│       │   │   ├── t_class_super_bad2.out
│       │   │   ├── t_class_super_bad2.py
│       │   │   ├── t_class_super_bad2.v
│       │   │   ├── t_class_super_bad3.out
│       │   │   ├── t_class_super_bad3.py
│       │   │   ├── t_class_super_bad3.v
│       │   │   ├── t_class_super_new_bad_nfirst.out
│       │   │   ├── t_class_super_new_bad_nfirst.py
│       │   │   ├── t_class_super_new_bad_nfirst.v
│       │   │   ├── t_class_super_new_noextend_bad.out
│       │   │   ├── t_class_super_new_noextend_bad.py
│       │   │   ├── t_class_super_new_noextend_bad.v
│       │   │   ├── t_class_super_new.py
│       │   │   ├── t_class_super_new.v
│       │   │   ├── t_class_super_new2.py
│       │   │   ├── t_class_super_new2.v
│       │   │   ├── t_class_super_new3.py
│       │   │   ├── t_class_super_new3.v
│       │   │   ├── t_class_this_constructor.py
│       │   │   ├── t_class_this_constructor.v
│       │   │   ├── t_class_this_super.py
│       │   │   ├── t_class_this_super.v
│       │   │   ├── t_class_to_basic_assignment_bad.out
│       │   │   ├── t_class_to_basic_assignment_bad.py
│       │   │   ├── t_class_to_basic_assignment_bad.v
│       │   │   ├── t_class_trigger_null.py
│       │   │   ├── t_class_trigger_null.v
│       │   │   ├── t_class_type_param_upcast_all.py
│       │   │   ├── t_class_type_param_upcast_all.v
│       │   │   ├── t_class_type_param_upcast_chain.py
│       │   │   ├── t_class_type_param_upcast_chain.v
│       │   │   ├── t_class_type_param_upcast.py
│       │   │   ├── t_class_type_param_upcast.v
│       │   │   ├── t_class_typedef.py
│       │   │   ├── t_class_typedef.v
│       │   │   ├── t_class_unsup_bad.out
│       │   │   ├── t_class_unsup_bad.py
│       │   │   ├── t_class_unsup_bad.v
│       │   │   ├── t_class_uses_this_bad.out
│       │   │   ├── t_class_uses_this_bad.py
│       │   │   ├── t_class_uses_this_bad.v
│       │   │   ├── t_class_uses_this.py
│       │   │   ├── t_class_uses_this.v
│       │   │   ├── t_class_virtual_bad.out
│       │   │   ├── t_class_virtual_bad.py
│       │   │   ├── t_class_virtual_bad.v
│       │   │   ├── t_class_virtual_chain_ctor.py
│       │   │   ├── t_class_virtual_chain_ctor.v
│       │   │   ├── t_class_virtual_extends_pure.py
│       │   │   ├── t_class_virtual_extends_pure.v
│       │   │   ├── t_class_virtual_protect_ids.py
│       │   │   ├── t_class_virtual_pure_bad.out
│       │   │   ├── t_class_virtual_pure_bad.py
│       │   │   ├── t_class_virtual_pure_bad.v
│       │   │   ├── t_class_virtual_pure.py
│       │   │   ├── t_class_virtual_pure.v
│       │   │   ├── t_class_virtual.py
│       │   │   ├── t_class_virtual.v
│       │   │   ├── t_class_vparam.py
│       │   │   ├── t_class_vparam.v
│       │   │   ├── t_class_wide.py
│       │   │   ├── t_class_wide.v
│       │   │   ├── t_class1.out
│       │   │   ├── t_class1.py
│       │   │   ├── t_class1.v
│       │   │   ├── t_class2.py
│       │   │   ├── t_class2.v
│       │   │   ├── t_clk_2in_vec.py
│       │   │   ├── t_clk_2in.cpp
│       │   │   ├── t_clk_2in.py
│       │   │   ├── t_clk_2in.v
│       │   │   ├── t_clk_concat_vlt.py
│       │   │   ├── t_clk_concat.py
│       │   │   ├── t_clk_concat.v
│       │   │   ├── t_clk_concat.vlt
│       │   │   ├── t_clk_concat2.py
│       │   │   ├── t_clk_concat2.v
│       │   │   ├── t_clk_concat3.py
│       │   │   ├── t_clk_concat3.v
│       │   │   ├── t_clk_concat4.py
│       │   │   ├── t_clk_concat4.v
│       │   │   ├── t_clk_concat5.py
│       │   │   ├── t_clk_concat5.v
│       │   │   ├── t_clk_concat6.py
│       │   │   ├── t_clk_concat6.v
│       │   │   ├── t_clk_condflop.py
│       │   │   ├── t_clk_condflop.v
│       │   │   ├── t_clk_dpulse.py
│       │   │   ├── t_clk_dpulse.v
│       │   │   ├── t_clk_dsp.py
│       │   │   ├── t_clk_dsp.v
│       │   │   ├── t_clk_first_bad.out
│       │   │   ├── t_clk_first_bad.py
│       │   │   ├── t_clk_first_deprecated.py
│       │   │   ├── t_clk_first_deprecated.v
│       │   │   ├── t_clk_first.py
│       │   │   ├── t_clk_first.v
│       │   │   ├── t_clk_gate_ext.py
│       │   │   ├── t_clk_gate_ext.v
│       │   │   ├── t_clk_gated_1.py
│       │   │   ├── t_clk_gated_1.v
│       │   │   ├── t_clk_gater.py
│       │   │   ├── t_clk_gater.v
│       │   │   ├── t_clk_gen.py
│       │   │   ├── t_clk_gen.v
│       │   │   ├── t_clk_inp_init.cpp
│       │   │   ├── t_clk_inp_init.py
│       │   │   ├── t_clk_inp_init.v
│       │   │   ├── t_clk_latch_edgestyle.py
│       │   │   ├── t_clk_latch.py
│       │   │   ├── t_clk_latch.v
│       │   │   ├── t_clk_latchgate.py
│       │   │   ├── t_clk_latchgate.v
│       │   │   ├── t_clk_powerdn.py
│       │   │   ├── t_clk_powerdn.v
│       │   │   ├── t_clk_scope_bad.py
│       │   │   ├── t_clk_scope_bad.v
│       │   │   ├── t_clk_vecgen1.py
│       │   │   ├── t_clk_vecgen1.v
│       │   │   ├── t_clk_vecgen2.py
│       │   │   ├── t_clk_vecgen3.py
│       │   │   ├── t_clocked_release_combo.py
│       │   │   ├── t_clocked_release_combo.v
│       │   │   ├── t_clocker.out
│       │   │   ├── t_clocker.py
│       │   │   ├── t_clocker.v
│       │   │   ├── t_clocking_bad1.out
│       │   │   ├── t_clocking_bad1.py
│       │   │   ├── t_clocking_bad1.v
│       │   │   ├── t_clocking_bad2.out
│       │   │   ├── t_clocking_bad2.py
│       │   │   ├── t_clocking_bad2.v
│       │   │   ├── t_clocking_bad3.out
│       │   │   ├── t_clocking_bad3.py
│       │   │   ├── t_clocking_bad3.v
│       │   │   ├── t_clocking_bad4.out
│       │   │   ├── t_clocking_bad4.py
│       │   │   ├── t_clocking_bad4.v
│       │   │   ├── t_clocking_bad5.out
│       │   │   ├── t_clocking_bad5.py
│       │   │   ├── t_clocking_bad5.v
│       │   │   ├── t_clocking_concat.py
│       │   │   ├── t_clocking_concat.v
│       │   │   ├── t_clocking_empty_block.py
│       │   │   ├── t_clocking_empty_block.v
│       │   │   ├── t_clocking_event_sense.py
│       │   │   ├── t_clocking_event_sense.v
│       │   │   ├── t_clocking_iff_class.py
│       │   │   ├── t_clocking_iff_class.v
│       │   │   ├── t_clocking_inout.py
│       │   │   ├── t_clocking_inout.v
│       │   │   ├── t_clocking_input_0_delay.py
│       │   │   ├── t_clocking_input_0_delay.v
│       │   │   ├── t_clocking_input_default.py
│       │   │   ├── t_clocking_input_default.v
│       │   │   ├── t_clocking_notiming.out
│       │   │   ├── t_clocking_notiming.py
│       │   │   ├── t_clocking_notiming.v
│       │   │   ├── t_clocking_out_on_change.py
│       │   │   ├── t_clocking_out_on_change.v
│       │   │   ├── t_clocking_react.py
│       │   │   ├── t_clocking_react.v
│       │   │   ├── t_clocking_sampled_unpacked.py
│       │   │   ├── t_clocking_sampled_unpacked.v
│       │   │   ├── t_clocking_sched_timing_forkproc.out
│       │   │   ├── t_clocking_sched_timing_forkproc.py
│       │   │   ├── t_clocking_sched_timing.out
│       │   │   ├── t_clocking_sched_timing.py
│       │   │   ├── t_clocking_sched.out
│       │   │   ├── t_clocking_sched.py
│       │   │   ├── t_clocking_sched.v
│       │   │   ├── t_clocking_timing.v
│       │   │   ├── t_clocking_timing1.py
│       │   │   ├── t_clocking_timing2.py
│       │   │   ├── t_clocking_unsup1.out
│       │   │   ├── t_clocking_unsup1.py
│       │   │   ├── t_clocking_unsup1.v
│       │   │   ├── t_clocking_unsup2.py
│       │   │   ├── t_clocking_unsup2.v
│       │   │   ├── t_clocking_virtual.py
│       │   │   ├── t_clocking_virtual.v
│       │   │   ├── t_clocking_xref.py
│       │   │   ├── t_clocking_xref.v
│       │   │   ├── t_clocking_zero_delay_bad.out
│       │   │   ├── t_clocking_zero_delay_bad.py
│       │   │   ├── t_clocking_zero_delay_bad.v
│       │   │   ├── t_clocking_zero_delay.py
│       │   │   ├── t_clocking_zero_delay.v
│       │   │   ├── t_comb_do_not_convert_to.py
│       │   │   ├── t_comb_do_not_convert_to.v
│       │   │   ├── t_comb_input_0.cpp
│       │   │   ├── t_comb_input_0.py
│       │   │   ├── t_comb_input_0.v
│       │   │   ├── t_comb_input_1.cpp
│       │   │   ├── t_comb_input_1.py
│       │   │   ├── t_comb_input_1.v
│       │   │   ├── t_comb_input_2.cpp
│       │   │   ├── t_comb_input_2.py
│       │   │   ├── t_comb_input_2.v
│       │   │   ├── t_comb_loop_through_unpacked_array.py
│       │   │   ├── t_comb_loop_through_unpacked_array.v
│       │   │   ├── t_compiler_include_dpi_split.py
│       │   │   ├── t_compiler_include_dpi.cpp
│       │   │   ├── t_compiler_include_dpi.h
│       │   │   ├── t_compiler_include_dpi.py
│       │   │   ├── t_compiler_include_dpi.v
│       │   │   ├── t_compiler_include_split.py
│       │   │   ├── t_compiler_include.cpp
│       │   │   ├── t_compiler_include.h
│       │   │   ├── t_compiler_include.py
│       │   │   ├── t_compiler_include.v
│       │   │   ├── t_concat_casts.py
│       │   │   ├── t_concat_casts.v
│       │   │   ├── t_concat_impure.py
│       │   │   ├── t_concat_impure.v
│       │   │   ├── t_concat_init_array_functions.py
│       │   │   ├── t_concat_init_array_functions.v
│       │   │   ├── t_concat_large_bad.out
│       │   │   ├── t_concat_large_bad.py
│       │   │   ├── t_concat_large_bad.v
│       │   │   ├── t_concat_large_flag_zero.py
│       │   │   ├── t_concat_large_flag.py
│       │   │   ├── t_concat_large.py
│       │   │   ├── t_concat_large.v
│       │   │   ├── t_concat_link_bad.out
│       │   │   ├── t_concat_link_bad.py
│       │   │   ├── t_concat_link_bad.v
│       │   │   ├── t_concat_opt.py
│       │   │   ├── t_concat_opt.v
│       │   │   ├── t_concat_or.py
│       │   │   ├── t_concat_or.v
│       │   │   ├── t_concat_sel.py
│       │   │   ├── t_concat_sel.v
│       │   │   ├── t_concat_string.py
│       │   │   ├── t_concat_string.v
│       │   │   ├── t_concat_unpack.py
│       │   │   ├── t_concat_unpack.v
│       │   │   ├── t_config_default.out
│       │   │   ├── t_config_default.py
│       │   │   ├── t_config_default.v
│       │   │   ├── t_config_hier.out
│       │   │   ├── t_config_hier.py
│       │   │   ├── t_config_hier.v
│       │   │   ├── t_config_include_bad.out
│       │   │   ├── t_config_include_bad.py
│       │   │   ├── t_config_include_bad.v
│       │   │   ├── t_config_inst_missing.out
│       │   │   ├── t_config_inst_missing.py
│       │   │   ├── t_config_inst_missing.v
│       │   │   ├── t_config_inst.out
│       │   │   ├── t_config_inst.py
│       │   │   ├── t_config_inst.v
│       │   │   ├── t_config_liblist.out
│       │   │   ├── t_config_liblist.py
│       │   │   ├── t_config_liblist.v
│       │   │   ├── t_config_libmap_inc.map
│       │   │   ├── t_config_libmap_inc.out
│       │   │   ├── t_config_libmap_inc.py
│       │   │   ├── t_config_libmap_inc.v
│       │   │   ├── t_config_libmap.out
│       │   │   ├── t_config_libmap.py
│       │   │   ├── t_config_libmap.v
│       │   │   ├── t_config_multitop.py
│       │   │   ├── t_config_multitop.v
│       │   │   ├── t_config_param.out
│       │   │   ├── t_config_param.py
│       │   │   ├── t_config_param.v
│       │   │   ├── t_config_rules_sub.v
│       │   │   ├── t_config_rules.py
│       │   │   ├── t_config_rules.v
│       │   │   ├── t_config_top.py
│       │   │   ├── t_config_top.v
│       │   │   ├── t_config_top2.py
│       │   │   ├── t_config_top2.v
│       │   │   ├── t_config_work__liba.v
│       │   │   ├── t_config_work__libb.v
│       │   │   ├── t_config_work.map
│       │   │   ├── t_config_work.out
│       │   │   ├── t_config_work.py
│       │   │   ├── t_config_work.v
│       │   │   ├── t_const_bad.out
│       │   │   ├── t_const_bad.py
│       │   │   ├── t_const_bad.v
│       │   │   ├── t_const_bitoptree_bug3096.cpp
│       │   │   ├── t_const_bitoptree_bug3096.py
│       │   │   ├── t_const_bitoptree_bug3096.v
│       │   │   ├── t_const_dec_mixed_bad.out
│       │   │   ├── t_const_dec_mixed_bad.py
│       │   │   ├── t_const_dec_mixed_bad.v
│       │   │   ├── t_const_handle_bad.out
│       │   │   ├── t_const_handle_bad.py
│       │   │   ├── t_const_handle_bad.v
│       │   │   ├── t_const_handle.py
│       │   │   ├── t_const_handle.v
│       │   │   ├── t_const_hi.py
│       │   │   ├── t_const_hi.v
│       │   │   ├── t_const_number_bad.out
│       │   │   ├── t_const_number_bad.py
│       │   │   ├── t_const_number_bad.v
│       │   │   ├── t_const_number_unsized_parse.py
│       │   │   ├── t_const_number_unsized.py
│       │   │   ├── t_const_number_unsized.v
│       │   │   ├── t_const_number_v_bad.out
│       │   │   ├── t_const_number_v_bad.py
│       │   │   ├── t_const_number_v_bad.v
│       │   │   ├── t_const_op_red_scope.py
│       │   │   ├── t_const_op_red_scope.v
│       │   │   ├── t_const_overflow_bad.out
│       │   │   ├── t_const_overflow_bad.py
│       │   │   ├── t_const_overflow_bad.v
│       │   │   ├── t_const_sel_sel_extend.py
│       │   │   ├── t_const_sel_sel_extend.v
│       │   │   ├── t_const_slicesel_bad.out
│       │   │   ├── t_const_slicesel_bad.py
│       │   │   ├── t_const_slicesel_bad.v
│       │   │   ├── t_const_slicesel.py
│       │   │   ├── t_const_slicesel.v
│       │   │   ├── t_const_string_func.py
│       │   │   ├── t_const_string_func.v
│       │   │   ├── t_const.py
│       │   │   ├── t_const.v
│       │   │   ├── t_constraint_array_index_simple.py
│       │   │   ├── t_constraint_array_index_simple.v
│       │   │   ├── t_constraint_array_index.py
│       │   │   ├── t_constraint_array_index.v
│       │   │   ├── t_constraint_array_limit.out
│       │   │   ├── t_constraint_array_limit.py
│       │   │   ├── t_constraint_array_limit.v
│       │   │   ├── t_constraint_array_reduction_inherit.py
│       │   │   ├── t_constraint_array_reduction_inherit.v
│       │   │   ├── t_constraint_array_sum_with.py
│       │   │   ├── t_constraint_array_sum_with.v
│       │   │   ├── t_constraint_assoc_arr_bad.out
│       │   │   ├── t_constraint_assoc_arr_bad.py
│       │   │   ├── t_constraint_assoc_arr_bad.v
│       │   │   ├── t_constraint_assoc_arr_basic.py
│       │   │   ├── t_constraint_assoc_arr_basic.v
│       │   │   ├── t_constraint_assoc_arr_others.py
│       │   │   ├── t_constraint_assoc_arr_others.v
│       │   │   ├── t_constraint_assoc_arr_wide.py
│       │   │   ├── t_constraint_assoc_arr_wide.v
│       │   │   ├── t_constraint_before_randc_bad.out
│       │   │   ├── t_constraint_before_randc_bad.py
│       │   │   ├── t_constraint_before_randc_bad.v
│       │   │   ├── t_constraint_cls_arr_member.py
│       │   │   ├── t_constraint_cls_arr_member.v
│       │   │   ├── t_constraint_cond.py
│       │   │   ├── t_constraint_cond.v
│       │   │   ├── t_constraint_countbits_unsup.out
│       │   │   ├── t_constraint_countbits_unsup.py
│       │   │   ├── t_constraint_countbits_unsup.v
│       │   │   ├── t_constraint_countones.py
│       │   │   ├── t_constraint_countones.v
│       │   │   ├── t_constraint_disable_soft_bad.out
│       │   │   ├── t_constraint_disable_soft_bad.py
│       │   │   ├── t_constraint_disable_soft_bad.v
│       │   │   ├── t_constraint_dist_foreach_if.py
│       │   │   ├── t_constraint_dist_foreach_if.v
│       │   │   ├── t_constraint_dist_randc_bad.out
│       │   │   ├── t_constraint_dist_randc_bad.py
│       │   │   ├── t_constraint_dist_randc_bad.v
│       │   │   ├── t_constraint_dist_range.py
│       │   │   ├── t_constraint_dist_range.v
│       │   │   ├── t_constraint_dist_weight.py
│       │   │   ├── t_constraint_dist_weight.v
│       │   │   ├── t_constraint_dist.py
│       │   │   ├── t_constraint_dist.v
│       │   │   ├── t_constraint_dyn_array_reduction.py
│       │   │   ├── t_constraint_dyn_array_reduction.v
│       │   │   ├── t_constraint_dyn_queue_basic.py
│       │   │   ├── t_constraint_dyn_queue_basic.v
│       │   │   ├── t_constraint_dyn_size_inline.py
│       │   │   ├── t_constraint_dyn_size_inline.v
│       │   │   ├── t_constraint_extern_bad.out
│       │   │   ├── t_constraint_extern_bad.py
│       │   │   ├── t_constraint_extern_bad.v
│       │   │   ├── t_constraint_extern.py
│       │   │   ├── t_constraint_extern.v
│       │   │   ├── t_constraint_foreach_classref.py
│       │   │   ├── t_constraint_foreach_classref.v
│       │   │   ├── t_constraint_foreach.py
│       │   │   ├── t_constraint_foreach.v
│       │   │   ├── t_constraint_func_call_root_varref.py
│       │   │   ├── t_constraint_func_call_root_varref.v
│       │   │   ├── t_constraint_func_call_unsup.out
│       │   │   ├── t_constraint_func_call_unsup.py
│       │   │   ├── t_constraint_func_call_unsup.v
│       │   │   ├── t_constraint_func_call.py
│       │   │   ├── t_constraint_func_call.v
│       │   │   ├── t_constraint_global_arr_unsup.out
│       │   │   ├── t_constraint_global_arr_unsup.py
│       │   │   ├── t_constraint_global_arr_unsup.v
│       │   │   ├── t_constraint_global_cls_arr_2d_unsup.out
│       │   │   ├── t_constraint_global_cls_arr_2d_unsup.py
│       │   │   ├── t_constraint_global_cls_arr_2d_unsup.v
│       │   │   ├── t_constraint_global_cls_arr.py
│       │   │   ├── t_constraint_global_cls_arr.v
│       │   │   ├── t_constraint_global_nested_member.py
│       │   │   ├── t_constraint_global_nested_member.v
│       │   │   ├── t_constraint_global_nested_randmode.py
│       │   │   ├── t_constraint_global_nested_randmode.v
│       │   │   ├── t_constraint_global_nested.py
│       │   │   ├── t_constraint_global_nested.v
│       │   │   ├── t_constraint_global_randmode_subobj.py
│       │   │   ├── t_constraint_global_randmode_subobj.v
│       │   │   ├── t_constraint_global_randMode.py
│       │   │   ├── t_constraint_global_randMode.v
│       │   │   ├── t_constraint_global_random_simple.py
│       │   │   ├── t_constraint_global_random_simple.v
│       │   │   ├── t_constraint_global_random.py
│       │   │   ├── t_constraint_global_random.v
│       │   │   ├── t_constraint_global_subobj.py
│       │   │   ├── t_constraint_global_subobj.v
│       │   │   ├── t_constraint_implication_else_bad.out
│       │   │   ├── t_constraint_implication_else_bad.py
│       │   │   ├── t_constraint_implication_else_bad.v
│       │   │   ├── t_constraint_implication_set.py
│       │   │   ├── t_constraint_implication_set.v
│       │   │   ├── t_constraint_inheritance_with.py
│       │   │   ├── t_constraint_inheritance_with.v
│       │   │   ├── t_constraint_inheritance.py
│       │   │   ├── t_constraint_inheritance.v
│       │   │   ├── t_constraint_inside_impl_mixwidth.py
│       │   │   ├── t_constraint_inside_impl_mixwidth.v
│       │   │   ├── t_constraint_inside_typedef_array.py
│       │   │   ├── t_constraint_inside_typedef_array.v
│       │   │   ├── t_constraint_json_only.out
│       │   │   ├── t_constraint_json_only.py
│       │   │   ├── t_constraint_json_only.v
│       │   │   ├── t_constraint_method_bad.out
│       │   │   ├── t_constraint_method_bad.py
│       │   │   ├── t_constraint_method_bad.v
│       │   │   ├── t_constraint_mode_bad.out
│       │   │   ├── t_constraint_mode_bad.py
│       │   │   ├── t_constraint_mode_bad.v
│       │   │   ├── t_constraint_mode_ctor.py
│       │   │   ├── t_constraint_mode_ctor.v
│       │   │   ├── t_constraint_mode_static.py
│       │   │   ├── t_constraint_mode_static.v
│       │   │   ├── t_constraint_mode.py
│       │   │   ├── t_constraint_mode.v
│       │   │   ├── t_constraint_nested_class.py
│       │   │   ├── t_constraint_nested_class.v
│       │   │   ├── t_constraint_non_base2_pow_unsup.out
│       │   │   ├── t_constraint_non_base2_pow_unsup.py
│       │   │   ├── t_constraint_non_base2_pow_unsup.v
│       │   │   ├── t_constraint_non_const_exp_pow_unsup.out
│       │   │   ├── t_constraint_non_const_exp_pow_unsup.py
│       │   │   ├── t_constraint_non_const_exp_pow_unsup.v
│       │   │   ├── t_constraint_nosolver_bad.py
│       │   │   ├── t_constraint_operators.py
│       │   │   ├── t_constraint_operators.v
│       │   │   ├── t_constraint_pure_missing_bad.out
│       │   │   ├── t_constraint_pure_missing_bad.py
│       │   │   ├── t_constraint_pure_missing_bad.v
│       │   │   ├── t_constraint_pure_nonabs_bad.out
│       │   │   ├── t_constraint_pure_nonabs_bad.py
│       │   │   ├── t_constraint_pure_nonabs_bad.v
│       │   │   ├── t_constraint_pure.py
│       │   │   ├── t_constraint_pure.v
│       │   │   ├── t_constraint_rand_array_index.py
│       │   │   ├── t_constraint_rand_array_index.v
│       │   │   ├── t_constraint_redops.py
│       │   │   ├── t_constraint_redops.v
│       │   │   ├── t_constraint_shift_width.py
│       │   │   ├── t_constraint_shift_width.v
│       │   │   ├── t_constraint_soft_randc_bad.out
│       │   │   ├── t_constraint_soft_randc_bad.py
│       │   │   ├── t_constraint_soft_randc_bad.v
│       │   │   ├── t_constraint_solve_before_array.py
│       │   │   ├── t_constraint_solve_before_array.v
│       │   │   ├── t_constraint_solve_before_assoc_unsup.out
│       │   │   ├── t_constraint_solve_before_assoc_unsup.py
│       │   │   ├── t_constraint_solve_before_assoc_unsup.v
│       │   │   ├── t_constraint_solve_before.py
│       │   │   ├── t_constraint_solve_before.v
│       │   │   ├── t_constraint_solver_log.py
│       │   │   ├── t_constraint_solver_log.v
│       │   │   ├── t_constraint_state.py
│       │   │   ├── t_constraint_state.v
│       │   │   ├── t_constraint_struct_complex.py
│       │   │   ├── t_constraint_struct_complex.v
│       │   │   ├── t_constraint_struct.py
│       │   │   ├── t_constraint_struct.v
│       │   │   ├── t_constraint_sysfunc.py
│       │   │   ├── t_constraint_sysfunc.v
│       │   │   ├── t_constraint_unpacked_array.py
│       │   │   ├── t_constraint_unpacked_array.v
│       │   │   ├── t_constraint_unq_arr_derived_inline_unsup.out
│       │   │   ├── t_constraint_unq_arr_derived_inline_unsup.py
│       │   │   ├── t_constraint_unq_arr_derived_inline_unsup.v
│       │   │   ├── t_constraint_unq_arr_derived.py
│       │   │   ├── t_constraint_unq_arr_derived.v
│       │   │   ├── t_constraint_unq_arr.py
│       │   │   ├── t_constraint_unq_arr.v
│       │   │   ├── t_constraint_unsat_nowarn.out
│       │   │   ├── t_constraint_unsat_nowarn.py
│       │   │   ├── t_constraint_unsat_protect_ids.out
│       │   │   ├── t_constraint_unsat_protect_ids.py
│       │   │   ├── t_constraint_unsat.out
│       │   │   ├── t_constraint_unsat.py
│       │   │   ├── t_constraint_unsat.v
│       │   │   ├── t_constraint_unsup_unq_arr.out
│       │   │   ├── t_constraint_unsup_unq_arr.py
│       │   │   ├── t_constraint_unsup_unq_arr.v
│       │   │   ├── t_constraint_unsup.out
│       │   │   ├── t_constraint_unsup.py
│       │   │   ├── t_constraint_unsup.v
│       │   │   ├── t_constraint.py
│       │   │   ├── t_constraint.v
│       │   │   ├── t_coroutine_lambda.py
│       │   │   ├── t_coroutine_lambda.v
│       │   │   ├── t_cover_assert.py
│       │   │   ├── t_cover_assert.v
│       │   │   ├── t_cover_const_compare.py
│       │   │   ├── t_cover_const_compare.v
│       │   │   ├── t_cover_expr_array_class.py
│       │   │   ├── t_cover_expr_array_class.v
│       │   │   ├── t_cover_expr_associative_array_class.py
│       │   │   ├── t_cover_expr_associative_array_class.v
│       │   │   ├── t_cover_expr_dyn_array_class.py
│       │   │   ├── t_cover_expr_dyn_array_class.v
│       │   │   ├── t_cover_expr_fork.py
│       │   │   ├── t_cover_expr_fork.v
│       │   │   ├── t_cover_expr_max.out
│       │   │   ├── t_cover_expr_max.py
│       │   │   ├── t_cover_expr_queue_class.py
│       │   │   ├── t_cover_expr_queue_class.v
│       │   │   ├── t_cover_expr_trace.out
│       │   │   ├── t_cover_expr_trace.py
│       │   │   ├── t_cover_expr.out
│       │   │   ├── t_cover_expr.py
│       │   │   ├── t_cover_expr.v
│       │   │   ├── t_cover_fsm_basic.out
│       │   │   ├── t_cover_fsm_basic.py
│       │   │   ├── t_cover_fsm_basic.v
│       │   │   ├── t_cover_fsm_beginif.out
│       │   │   ├── t_cover_fsm_beginif.py
│       │   │   ├── t_cover_fsm_beginif.v
│       │   │   ├── t_cover_fsm_case_next_ok_multi_incl.out
│       │   │   ├── t_cover_fsm_case_next_ok_multi.out
│       │   │   ├── t_cover_fsm_case_next_ok_multi.py
│       │   │   ├── t_cover_fsm_case_next_ok_multi.v
│       │   │   ├── t_cover_fsm_combo_same_warn_bad.out
│       │   │   ├── t_cover_fsm_combo_same_warn_bad.py
│       │   │   ├── t_cover_fsm_combo_same_warn_bad.v
│       │   │   ├── t_cover_fsm_datapath_cmp.py
│       │   │   ├── t_cover_fsm_datapath_cmp.v
│       │   │   ├── t_cover_fsm_decldump.py
│       │   │   ├── t_cover_fsm_flag_off.py
│       │   │   ├── t_cover_fsm_flag_off.v
│       │   │   ├── t_cover_fsm_graphdump.py
│       │   │   ├── t_cover_fsm_if_unknown_enum_multi_bad.out
│       │   │   ├── t_cover_fsm_if_unknown_enum_multi_bad.py
│       │   │   ├── t_cover_fsm_if_unknown_enum_multi_bad.v
│       │   │   ├── t_cover_fsm_negative_extract.out
│       │   │   ├── t_cover_fsm_negative_extract.py
│       │   │   ├── t_cover_fsm_negative_extract.v
│       │   │   ├── t_cover_fsm_nextstate_overwrite_warn.out
│       │   │   ├── t_cover_fsm_nextstate_overwrite_warn.py
│       │   │   ├── t_cover_fsm_nextstate_overwrite_warn.v
│       │   │   ├── t_cover_fsm_nonenum_literal.py
│       │   │   ├── t_cover_fsm_nonenum_literal.v
│       │   │   ├── t_cover_fsm_nonenum_unsupported_bad.out
│       │   │   ├── t_cover_fsm_nonenum_unsupported_bad.py
│       │   │   ├── t_cover_fsm_nonenum_unsupported_bad.v
│       │   │   ├── t_cover_fsm_noreset.out
│       │   │   ├── t_cover_fsm_noreset.py
│       │   │   ├── t_cover_fsm_noreset.v
│       │   │   ├── t_cover_fsm_plain_always_ignore_multi.out
│       │   │   ├── t_cover_fsm_plain_always_ignore_multi.py
│       │   │   ├── t_cover_fsm_plain_always_ignore_multi.v
│       │   │   ├── t_cover_fsm_plain_always_warn_multi_bad.out
│       │   │   ├── t_cover_fsm_plain_always_warn_multi_bad.py
│       │   │   ├── t_cover_fsm_plain_always_warn_multi_bad.v
│       │   │   ├── t_cover_fsm_plain_always_zerohit_multi.out
│       │   │   ├── t_cover_fsm_plain_always_zerohit_multi.py
│       │   │   ├── t_cover_fsm_plain_always_zerohit_multi.v
│       │   │   ├── t_cover_fsm_policy_accept_multi.out
│       │   │   ├── t_cover_fsm_policy_accept_multi.py
│       │   │   ├── t_cover_fsm_policy_accept_multi.v
│       │   │   ├── t_cover_fsm_reset_incl.out
│       │   │   ├── t_cover_fsm_reset_multi.out
│       │   │   ├── t_cover_fsm_reset_multi.py
│       │   │   ├── t_cover_fsm_reset_multi.v
│       │   │   ├── t_cover_fsm_reset.out
│       │   │   ├── t_cover_fsm_reset.py
│       │   │   ├── t_cover_fsm_reset.v
│       │   │   ├── t_cover_fsm_sel_assign.out
│       │   │   ├── t_cover_fsm_sel_assign.py
│       │   │   ├── t_cover_fsm_sel_assign.v
│       │   │   ├── t_cover_fsm_sel_togglevar_unsup.out
│       │   │   ├── t_cover_fsm_sel_togglevar_unsup.py
│       │   │   ├── t_cover_fsm_sel_togglevar_unsup.v
│       │   │   ├── t_cover_fsm_sel.out
│       │   │   ├── t_cover_fsm_sel.py
│       │   │   ├── t_cover_fsm_sel.v
│       │   │   ├── t_cover_fsm_transition_shapes_multi.out
│       │   │   ├── t_cover_fsm_transition_shapes_multi.py
│       │   │   ├── t_cover_fsm_transition_shapes_multi.v
│       │   │   ├── t_cover_fsm_two_proc_multi.out
│       │   │   ├── t_cover_fsm_two_proc_multi.py
│       │   │   ├── t_cover_fsm_two_proc_multi.v
│       │   │   ├── t_cover_fsm_wide_sparse.out
│       │   │   ├── t_cover_fsm_wide_sparse.py
│       │   │   ├── t_cover_fsm_wide_sparse.v
│       │   │   ├── t_cover_hier_inline.py
│       │   │   ├── t_cover_hier_noinline.py
│       │   │   ├── t_cover_hier.cpp
│       │   │   ├── t_cover_hier.out
│       │   │   ├── t_cover_hier.v
│       │   │   ├── t_cover_lib__1_per_instance.out
│       │   │   ├── t_cover_lib__1.out
│       │   │   ├── t_cover_lib__2.out
│       │   │   ├── t_cover_lib__3.out
│       │   │   ├── t_cover_lib__4.out
│       │   │   ├── t_cover_lib_c.cpp
│       │   │   ├── t_cover_lib_legacy.py
│       │   │   ├── t_cover_lib.py
│       │   │   ├── t_cover_lib.v
│       │   │   ├── t_cover_line_cc_vlt.py
│       │   │   ├── t_cover_line_cc.info.out
│       │   │   ├── t_cover_line_cc.py
│       │   │   ├── t_cover_line_expr_cc.py
│       │   │   ├── t_cover_line_expr.out
│       │   │   ├── t_cover_line_sc.py
│       │   │   ├── t_cover_line_trace.out
│       │   │   ├── t_cover_line_trace.py
│       │   │   ├── t_cover_line_tri_gate_cond.py
│       │   │   ├── t_cover_line_wide_ternary.out
│       │   │   ├── t_cover_line_wide_ternary.py
│       │   │   ├── t_cover_line_wide_ternary.v
│       │   │   ├── t_cover_line.out
│       │   │   ├── t_cover_line.v
│       │   │   ├── t_cover_line.vlt
│       │   │   ├── t_cover_main.out
│       │   │   ├── t_cover_main.py
│       │   │   ├── t_cover_main.v
│       │   │   ├── t_cover_otherdecl_dump.py
│       │   │   ├── t_cover_per_instance_inline.py
│       │   │   ├── t_cover_per_instance_noinline.py
│       │   │   ├── t_cover_per_instance_user.out
│       │   │   ├── t_cover_per_instance_user.py
│       │   │   ├── t_cover_per_instance_user.v
│       │   │   ├── t_cover_per_instance.dat.out
│       │   │   ├── t_cover_per_instance.out
│       │   │   ├── t_cover_per_instance.v
│       │   │   ├── t_cover_property.py
│       │   │   ├── t_cover_property.v
│       │   │   ├── t_cover_sequence_unsup.out
│       │   │   ├── t_cover_sequence_unsup.py
│       │   │   ├── t_cover_sequence_unsup.v
│       │   │   ├── t_cover_sequence.py
│       │   │   ├── t_cover_sequence.v
│       │   │   ├── t_cover_sva_notflat.py
│       │   │   ├── t_cover_sva_notflat.v
│       │   │   ├── t_cover_sva_trace.out
│       │   │   ├── t_cover_sva_trace.py
│       │   │   ├── t_cover_sys_line_expr.out
│       │   │   ├── t_cover_sys_line_expr.py
│       │   │   ├── t_cover_sys_line_expr.v
│       │   │   ├── t_cover_sys_unsup.out
│       │   │   ├── t_cover_sys_unsup.py
│       │   │   ├── t_cover_sys_unsup.v
│       │   │   ├── t_cover_toggle__all.out
│       │   │   ├── t_cover_toggle__points.out
│       │   │   ├── t_cover_toggle_min.info.out
│       │   │   ├── t_cover_toggle_min.py
│       │   │   ├── t_cover_toggle_min.v
│       │   │   ├── t_cover_toggle_underscore.py
│       │   │   ├── t_cover_toggle_width.py
│       │   │   ├── t_cover_toggle.out
│       │   │   ├── t_cover_toggle.py
│       │   │   ├── t_cover_toggle.v
│       │   │   ├── t_cover_trace_always.out
│       │   │   ├── t_cover_trace_always.py
│       │   │   ├── t_cover_trace_always.v
│       │   │   ├── t_cover_unused_bad.out
│       │   │   ├── t_cover_unused_bad.py
│       │   │   ├── t_cover_unused_bad.v
│       │   │   ├── t_covergroup_args.out
│       │   │   ├── t_covergroup_args.py
│       │   │   ├── t_covergroup_args.v
│       │   │   ├── t_covergroup_array_bins.out
│       │   │   ├── t_covergroup_array_bins.py
│       │   │   ├── t_covergroup_array_bins.v
│       │   │   ├── t_covergroup_auto_bin_max_bad.out
│       │   │   ├── t_covergroup_auto_bin_max_bad.py
│       │   │   ├── t_covergroup_auto_bin_max_bad.v
│       │   │   ├── t_covergroup_auto_bin_max.out
│       │   │   ├── t_covergroup_auto_bin_max.py
│       │   │   ├── t_covergroup_auto_bin_max.v
│       │   │   ├── t_covergroup_auto_bins.out
│       │   │   ├── t_covergroup_auto_bins.py
│       │   │   ├── t_covergroup_auto_bins.v
│       │   │   ├── t_covergroup_auto_sample_timing.out
│       │   │   ├── t_covergroup_auto_sample_timing.py
│       │   │   ├── t_covergroup_autobins_bad.out
│       │   │   ├── t_covergroup_autobins_bad.py
│       │   │   ├── t_covergroup_autobins_bad.v
│       │   │   ├── t_covergroup_bin_counts.out
│       │   │   ├── t_covergroup_bin_counts.py
│       │   │   ├── t_covergroup_bin_counts.v
│       │   │   ├── t_covergroup_clocked_sample.out
│       │   │   ├── t_covergroup_clocked_sample.py
│       │   │   ├── t_covergroup_clocked_sample.v
│       │   │   ├── t_covergroup_coverpoint_method_unsup.out
│       │   │   ├── t_covergroup_coverpoint_method_unsup.py
│       │   │   ├── t_covergroup_coverpoint_method_unsup.v
│       │   │   ├── t_covergroup_cross_no_coverage.py
│       │   │   ├── t_covergroup_cross_opt_unsup.out
│       │   │   ├── t_covergroup_cross_opt_unsup.py
│       │   │   ├── t_covergroup_cross_opt_unsup.v
│       │   │   ├── t_covergroup_cross.out
│       │   │   ├── t_covergroup_cross.py
│       │   │   ├── t_covergroup_cross.v
│       │   │   ├── t_covergroup_default_bins.out
│       │   │   ├── t_covergroup_default_bins.py
│       │   │   ├── t_covergroup_default_bins.v
│       │   │   ├── t_covergroup_embedded_unsup.out
│       │   │   ├── t_covergroup_embedded_unsup.py
│       │   │   ├── t_covergroup_embedded_unsup.v
│       │   │   ├── t_covergroup_empty.out
│       │   │   ├── t_covergroup_empty.py
│       │   │   ├── t_covergroup_empty.v
│       │   │   ├── t_covergroup_func_override_bad.out
│       │   │   ├── t_covergroup_func_override_bad.py
│       │   │   ├── t_covergroup_func_override_bad.v
│       │   │   ├── t_covergroup_iff.out
│       │   │   ├── t_covergroup_iff.py
│       │   │   ├── t_covergroup_iff.v
│       │   │   ├── t_covergroup_ignore_bins.out
│       │   │   ├── t_covergroup_ignore_bins.py
│       │   │   ├── t_covergroup_ignore_bins.v
│       │   │   ├── t_covergroup_illegal_bins.out
│       │   │   ├── t_covergroup_illegal_bins.py
│       │   │   ├── t_covergroup_illegal_bins.v
│       │   │   ├── t_covergroup_in_class_duplicate_bad.out
│       │   │   ├── t_covergroup_in_class_duplicate_bad.py
│       │   │   ├── t_covergroup_in_class_duplicate_bad.v
│       │   │   ├── t_covergroup_in_class_namespace.out
│       │   │   ├── t_covergroup_in_class_namespace.py
│       │   │   ├── t_covergroup_in_class_namespace.v
│       │   │   ├── t_covergroup_member_event_unsup.out
│       │   │   ├── t_covergroup_member_event_unsup.py
│       │   │   ├── t_covergroup_member_event_unsup.v
│       │   │   ├── t_covergroup_negative_ranges.out
│       │   │   ├── t_covergroup_negative_ranges.py
│       │   │   ├── t_covergroup_negative_ranges.v
│       │   │   ├── t_covergroup_new_override_bad.out
│       │   │   ├── t_covergroup_new_override_bad.py
│       │   │   ├── t_covergroup_new_override_bad.v
│       │   │   ├── t_covergroup_option_bad.out
│       │   │   ├── t_covergroup_option_bad.py
│       │   │   ├── t_covergroup_option_bad.v
│       │   │   ├── t_covergroup_option_no_coverage.py
│       │   │   ├── t_covergroup_option_unsup.out
│       │   │   ├── t_covergroup_option_unsup.py
│       │   │   ├── t_covergroup_option_unsup.v
│       │   │   ├── t_covergroup_option.out
│       │   │   ├── t_covergroup_option.py
│       │   │   ├── t_covergroup_option.v
│       │   │   ├── t_covergroup_param_bins.out
│       │   │   ├── t_covergroup_param_bins.py
│       │   │   ├── t_covergroup_param_bins.v
│       │   │   ├── t_covergroup_static_coverage.out
│       │   │   ├── t_covergroup_static_coverage.py
│       │   │   ├── t_covergroup_static_coverage.v
│       │   │   ├── t_covergroup_trans_errors_bad.out
│       │   │   ├── t_covergroup_trans_errors_bad.py
│       │   │   ├── t_covergroup_trans_errors_bad.v
│       │   │   ├── t_covergroup_trans_restart.out
│       │   │   ├── t_covergroup_trans_restart.py
│       │   │   ├── t_covergroup_trans_restart.v
│       │   │   ├── t_covergroup_trans.out
│       │   │   ├── t_covergroup_trans.py
│       │   │   ├── t_covergroup_trans.v
│       │   │   ├── t_covergroup_undef_field_bad.out
│       │   │   ├── t_covergroup_undef_field_bad.py
│       │   │   ├── t_covergroup_undef_field_bad.v
│       │   │   ├── t_covergroup_unsup_ign.out
│       │   │   ├── t_covergroup_unsup_ign.py
│       │   │   ├── t_covergroup_unsup_ign2.out
│       │   │   ├── t_covergroup_unsup_ign2.py
│       │   │   ├── t_covergroup_unsup.out
│       │   │   ├── t_covergroup_unsup.py
│       │   │   ├── t_covergroup_unsup.v
│       │   │   ├── t_covergroup_wildcard_bins.out
│       │   │   ├── t_covergroup_wildcard_bins.py
│       │   │   ├── t_covergroup_wildcard_bins.v
│       │   │   ├── t_covergroup_with_function_foo_bad.out
│       │   │   ├── t_covergroup_with_function_foo_bad.py
│       │   │   ├── t_covergroup_with_function_foo_bad.v
│       │   │   ├── t_covergroup_with_sample_args_too_few_bad.out
│       │   │   ├── t_covergroup_with_sample_args_too_few_bad.py
│       │   │   ├── t_covergroup_with_sample_args_too_few_bad.v
│       │   │   ├── t_covergroup_with_sample_args_too_many_bad.out
│       │   │   ├── t_covergroup_with_sample_args_too_many_bad.py
│       │   │   ├── t_covergroup_with_sample_args_too_many_bad.v
│       │   │   ├── t_cpure.py
│       │   │   ├── t_cpure.v
│       │   │   ├── t_cuse_forward.py
│       │   │   ├── t_cuse_forward.v
│       │   │   ├── t_cuse_struct_pkg.py
│       │   │   ├── t_cuse_struct_pkg.v
│       │   │   ├── t_debug_emitv_addrids.py
│       │   │   ├── t_debug_emitv.out
│       │   │   ├── t_debug_emitv.py
│       │   │   ├── t_debug_emitv.v
│       │   │   ├── t_debug_exit_elab.py
│       │   │   ├── t_debug_exit_parse.py
│       │   │   ├── t_debug_fatalsrc_bad.py
│       │   │   ├── t_debug_fatalsrc_bt_bad.py
│       │   │   ├── t_debug_gate.py
│       │   │   ├── t_debug_gate.v
│       │   │   ├── t_debug_graph_test.py
│       │   │   ├── t_debug_graph_test.v
│       │   │   ├── t_debug_inputs_a.v
│       │   │   ├── t_debug_inputs_b.v
│       │   │   ├── t_debug_inputs.py
│       │   │   ├── t_debug_inputs.v
│       │   │   ├── t_debug_inputs.vlt
│       │   │   ├── t_debug_sigsegv_bad.py
│       │   │   ├── t_debug_sigsegv_bt_bad.py
│       │   │   ├── t_debug_trace.py
│       │   │   ├── t_debug_trace.v
│       │   │   ├── t_debug_width.out
│       │   │   ├── t_debug_width.py
│       │   │   ├── t_default_disable_iff_gen_multi_bad.out
│       │   │   ├── t_default_disable_iff_gen_multi_bad.py
│       │   │   ├── t_default_disable_iff_gen_multi_bad.v
│       │   │   ├── t_default_disable_iff_scope.py
│       │   │   ├── t_default_disable_iff_scope.v
│       │   │   ├── t_define_override_empty.out
│       │   │   ├── t_define_override_empty.py
│       │   │   ├── t_define_override_output.out
│       │   │   ├── t_define_override_output.py
│       │   │   ├── t_define_override.out
│       │   │   ├── t_define_override.py
│       │   │   ├── t_define_override.v
│       │   │   ├── t_defparam_hier.py
│       │   │   ├── t_defparam_hier.v
│       │   │   ├── t_delay_1step.py
│       │   │   ├── t_delay_1step.v
│       │   │   ├── t_delay_compare.py
│       │   │   ├── t_delay_compare.v
│       │   │   ├── t_delay_incr_timing.py
│       │   │   ├── t_delay_incr.py
│       │   │   ├── t_delay_incr.v
│       │   │   ├── t_delay_stmtdly_bad.out
│       │   │   ├── t_delay_stmtdly_bad.py
│       │   │   ├── t_delay_timing.py
│       │   │   ├── t_delay_var.py
│       │   │   ├── t_delay_var.v
│       │   │   ├── t_delay.py
│       │   │   ├── t_delay.v
│       │   │   ├── t_depth_flop.py
│       │   │   ├── t_depth_flop.v
│       │   │   ├── t_detectarray_1.py
│       │   │   ├── t_detectarray_1.v
│       │   │   ├── t_detectarray_2.py
│       │   │   ├── t_detectarray_2.v
│       │   │   ├── t_detectarray_3.py
│       │   │   ├── t_detectarray_3.v
│       │   │   ├── t_dfg_3676.py
│       │   │   ├── t_dfg_3676.v
│       │   │   ├── t_dfg_3679.py
│       │   │   ├── t_dfg_3679.v
│       │   │   ├── t_dfg_3726.py
│       │   │   ├── t_dfg_3726.v
│       │   │   ├── t_dfg_3817.py
│       │   │   ├── t_dfg_3817.v
│       │   │   ├── t_dfg_3872.py
│       │   │   ├── t_dfg_3872.v
│       │   │   ├── t_dfg_4943.py
│       │   │   ├── t_dfg_4943.v
│       │   │   ├── t_dfg_astrefs.out
│       │   │   ├── t_dfg_astrefs.py
│       │   │   ├── t_dfg_astrefs.v
│       │   │   ├── t_dfg_bin_to_one_hot.py
│       │   │   ├── t_dfg_bin_to_one_hot.v
│       │   │   ├── t_dfg_break_cycles_off.py
│       │   │   ├── t_dfg_break_cycles.cpp
│       │   │   ├── t_dfg_break_cycles.py
│       │   │   ├── t_dfg_break_cycles.v
│       │   │   ├── t_dfg_circular_merged_scc.py
│       │   │   ├── t_dfg_circular_merged_scc.v
│       │   │   ├── t_dfg_circular.py
│       │   │   ├── t_dfg_circular.v
│       │   │   ├── t_dfg_constpool_unused.py
│       │   │   ├── t_dfg_constpool_unused.v
│       │   │   ├── t_dfg_dump_patterns.out
│       │   │   ├── t_dfg_dump_patterns.py
│       │   │   ├── t_dfg_dump_patterns.v
│       │   │   ├── t_dfg_inline_const_clock.py
│       │   │   ├── t_dfg_inline_const_clock.v
│       │   │   ├── t_dfg_inline_forced.py
│       │   │   ├── t_dfg_inline_forced.v
│       │   │   ├── t_dfg_multidriver_dfg_bad.out
│       │   │   ├── t_dfg_multidriver_dfg_bad.py
│       │   │   ├── t_dfg_multidriver_dfg_bad.v
│       │   │   ├── t_dfg_multidriver_non_dfg.py
│       │   │   ├── t_dfg_multidriver_non_dfg.v
│       │   │   ├── t_dfg_oob_array_access.py
│       │   │   ├── t_dfg_oob_array_access.v
│       │   │   ├── t_dfg_oob_sel_rvalue.py
│       │   │   ├── t_dfg_oob_sel_rvalue.v
│       │   │   ├── t_dfg_peephole_off_all.py
│       │   │   ├── t_dfg_peephole_off_each.py
│       │   │   ├── t_dfg_peephole.cpp
│       │   │   ├── t_dfg_peephole.py
│       │   │   ├── t_dfg_peephole.v
│       │   │   ├── t_dfg_push_sel_off.py
│       │   │   ├── t_dfg_push_sel.py
│       │   │   ├── t_dfg_push_sel.v
│       │   │   ├── t_dfg_regularize_circular.py
│       │   │   ├── t_dfg_regularize_circular.v
│       │   │   ├── t_dfg_regularize_clk.py
│       │   │   ├── t_dfg_regularize_clk.v
│       │   │   ├── t_dfg_regularize_driver_of_sc_var.py
│       │   │   ├── t_dfg_regularize_driver_of_sc_var.v
│       │   │   ├── t_dfg_result_var_ext_write.py
│       │   │   ├── t_dfg_result_var_ext_write.v
│       │   │   ├── t_dfg_synthesis.cpp
│       │   │   ├── t_dfg_synthesis.py
│       │   │   ├── t_dfg_synthesis.v
│       │   │   ├── t_dfg_true_cycle_bad.out
│       │   │   ├── t_dfg_true_cycle_bad.py
│       │   │   ├── t_dfg_true_cycle_bad.v
│       │   │   ├── t_difftree.a.tree
│       │   │   ├── t_difftree.b.tree
│       │   │   ├── t_difftree.out
│       │   │   ├── t_difftree.py
│       │   │   ├── t_disable_bad.out
│       │   │   ├── t_disable_bad.py
│       │   │   ├── t_disable_bad.v
│       │   │   ├── t_disable_empty_outside.py
│       │   │   ├── t_disable_empty_outside.v
│       │   │   ├── t_disable_empty.py
│       │   │   ├── t_disable_empty.v
│       │   │   ├── t_disable_fork_nested.out
│       │   │   ├── t_disable_fork_nested.py
│       │   │   ├── t_disable_fork_nested.v
│       │   │   ├── t_disable_fork_notiming.out
│       │   │   ├── t_disable_fork_notiming.py
│       │   │   ├── t_disable_fork_notiming.v
│       │   │   ├── t_disable_fork1.py
│       │   │   ├── t_disable_fork1.v
│       │   │   ├── t_disable_fork2_split.py
│       │   │   ├── t_disable_fork2.py
│       │   │   ├── t_disable_fork2.v
│       │   │   ├── t_disable_fork3.py
│       │   │   ├── t_disable_fork3.v
│       │   │   ├── t_disable_func_bad.out
│       │   │   ├── t_disable_func_bad.py
│       │   │   ├── t_disable_func_bad.v
│       │   │   ├── t_disable_genfor_unsup.out
│       │   │   ├── t_disable_genfor_unsup.py
│       │   │   ├── t_disable_genfor_unsup.v
│       │   │   ├── t_disable_genfor2.py
│       │   │   ├── t_disable_genfor2.v
│       │   │   ├── t_disable_iff_multi_bad.out
│       │   │   ├── t_disable_iff_multi_bad.py
│       │   │   ├── t_disable_iff_multi_bad.v
│       │   │   ├── t_disable_inside.py
│       │   │   ├── t_disable_inside.v
│       │   │   ├── t_disable_outside.py
│       │   │   ├── t_disable_outside.v
│       │   │   ├── t_disable_outside2.py
│       │   │   ├── t_disable_outside2.v
│       │   │   ├── t_disable_outside3.py
│       │   │   ├── t_disable_outside3.v
│       │   │   ├── t_disable_outside4.py
│       │   │   ├── t_disable_outside4.v
│       │   │   ├── t_disable_task_by_name.py
│       │   │   ├── t_disable_task_by_name.v
│       │   │   ├── t_disable_task_join.py
│       │   │   ├── t_disable_task_join.v
│       │   │   ├── t_disable_task_scope_bad.out
│       │   │   ├── t_disable_task_scope_bad.py
│       │   │   ├── t_disable_task_scope_bad.v
│       │   │   ├── t_disable_task_simple.py
│       │   │   ├── t_disable_task_simple.v
│       │   │   ├── t_disable_task_target_bad.out
│       │   │   ├── t_disable_task_target_bad.py
│       │   │   ├── t_disable_task_target_bad.v
│       │   │   ├── t_disable_within_task_unsup.out
│       │   │   ├── t_disable_within_task_unsup.py
│       │   │   ├── t_disable_within_task_unsup.v
│       │   │   ├── t_disable.py
│       │   │   ├── t_disable.v
│       │   │   ├── t_display_bad.out
│       │   │   ├── t_display_bad.py
│       │   │   ├── t_display_bad.v
│       │   │   ├── t_display_brace.py
│       │   │   ├── t_display_brace.v
│       │   │   ├── t_display_class.py
│       │   │   ├── t_display_class.v
│       │   │   ├── t_display_concat.out
│       │   │   ├── t_display_concat.py
│       │   │   ├── t_display_concat.v
│       │   │   ├── t_display_concat2.out
│       │   │   ├── t_display_concat2.py
│       │   │   ├── t_display_concat2.v
│       │   │   ├── t_display_cwide_bad.out
│       │   │   ├── t_display_cwide_bad.py
│       │   │   ├── t_display_cwide_bad.v
│       │   │   ├── t_display_enum_format.py
│       │   │   ├── t_display_enum_format.v
│       │   │   ├── t_display_esc_bad.out
│       │   │   ├── t_display_esc_bad.py
│       │   │   ├── t_display_esc_bad.v
│       │   │   ├── t_display_exprformat_args_bad.out
│       │   │   ├── t_display_exprformat_args_bad.py
│       │   │   ├── t_display_exprformat_args_bad.v
│       │   │   ├── t_display_format_wide_decimal.out
│       │   │   ├── t_display_format_wide_decimal.py
│       │   │   ├── t_display_format_wide_decimal.v
│       │   │   ├── t_display_impure.out
│       │   │   ├── t_display_impure.py
│       │   │   ├── t_display_impure.v
│       │   │   ├── t_display_io.py
│       │   │   ├── t_display_io.v
│       │   │   ├── t_display_l.py
│       │   │   ├── t_display_l.v
│       │   │   ├── t_display_mcd.out
│       │   │   ├── t_display_mcd.py
│       │   │   ├── t_display_mcd.v
│       │   │   ├── t_display_merge.out
│       │   │   ├── t_display_merge.py
│       │   │   ├── t_display_merge.v
│       │   │   ├── t_display_noopt.py
│       │   │   ├── t_display_p_elab.py
│       │   │   ├── t_display_p_elab.v
│       │   │   ├── t_display_qqq.out
│       │   │   ├── t_display_qqq.py
│       │   │   ├── t_display_qqq.v
│       │   │   ├── t_display_real_noopt.py
│       │   │   ├── t_display_real.out
│       │   │   ├── t_display_real.py
│       │   │   ├── t_display_real.v
│       │   │   ├── t_display_realtime.py
│       │   │   ├── t_display_realtime.v
│       │   │   ├── t_display_recurse.out
│       │   │   ├── t_display_recurse.py
│       │   │   ├── t_display_recurse.v
│       │   │   ├── t_display_signed_noopt.py
│       │   │   ├── t_display_signed.out
│       │   │   ├── t_display_signed.py
│       │   │   ├── t_display_signed.v
│       │   │   ├── t_display_stream_bad.out
│       │   │   ├── t_display_stream_bad.py
│       │   │   ├── t_display_stream_bad.v
│       │   │   ├── t_display_string_noopt.py
│       │   │   ├── t_display_string.out
│       │   │   ├── t_display_string.py
│       │   │   ├── t_display_string.v
│       │   │   ├── t_display_time.out
│       │   │   ├── t_display_time.py
│       │   │   ├── t_display_time.v
│       │   │   ├── t_display_type_bad.out
│       │   │   ├── t_display_type_bad.py
│       │   │   ├── t_display_type_bad.v
│       │   │   ├── t_display_wide.out
│       │   │   ├── t_display_wide.py
│       │   │   ├── t_display_wide.v
│       │   │   ├── t_display.out
│       │   │   ├── t_display.py
│       │   │   ├── t_display.v
│       │   │   ├── t_dist_attributes_bad.out
│       │   │   ├── t_dist_attributes_bad.py
│       │   │   ├── t_dist_attributes_include.py
│       │   │   ├── t_dist_attributes_src.py
│       │   │   ├── t_dist_cinclude.py
│       │   │   ├── t_dist_contributors.py
│       │   │   ├── t_dist_copyright.py
│       │   │   ├── t_dist_cppstyle.py
│       │   │   ├── t_dist_docs_options.py
│       │   │   ├── t_dist_docs_style.py
│       │   │   ├── t_dist_docs_warnings.py
│       │   │   ├── t_dist_error_format.py
│       │   │   ├── t_dist_fixme.py
│       │   │   ├── t_dist_getsetorder.py
│       │   │   ├── t_dist_header_cc.py
│       │   │   ├── t_dist_install.py
│       │   │   ├── t_dist_lint_py.py
│       │   │   ├── t_dist_pl.py
│       │   │   ├── t_dist_portability.py
│       │   │   ├── t_dist_untracked.py
│       │   │   ├── t_dist_warn_coverage.py
│       │   │   ├── t_dist_whitespace.py
│       │   │   ├── t_do_while_continue_bad.out
│       │   │   ├── t_do_while_continue_bad.py
│       │   │   ├── t_do_while_continue_bad.v
│       │   │   ├── t_do_while_jumps.py
│       │   │   ├── t_do_while_jumps.v
│       │   │   ├── t_do_while.py
│       │   │   ├── t_do_while.v
│       │   │   ├── t_dos.py
│       │   │   ├── t_dos.v
│       │   │   ├── t_dotfiles.py
│       │   │   ├── t_dpi_2exp_bad.out
│       │   │   ├── t_dpi_2exp_bad.py
│       │   │   ├── t_dpi_2exp_bad.v
│       │   │   ├── t_dpi_2exparg_bad.out
│       │   │   ├── t_dpi_2exparg_bad.py
│       │   │   ├── t_dpi_2exparg_bad.v
│       │   │   ├── t_dpi_accessors_inc.vh
│       │   │   ├── t_dpi_accessors_macros_inc.vh
│       │   │   ├── t_dpi_accessors.cpp
│       │   │   ├── t_dpi_accessors.py
│       │   │   ├── t_dpi_accessors.v
│       │   │   ├── t_dpi_arg_inout_type__Dpi.out
│       │   │   ├── t_dpi_arg_inout_type.cpp
│       │   │   ├── t_dpi_arg_inout_type.out
│       │   │   ├── t_dpi_arg_inout_type.py
│       │   │   ├── t_dpi_arg_inout_type.v
│       │   │   ├── t_dpi_arg_inout_unpack__Dpi.out
│       │   │   ├── t_dpi_arg_inout_unpack.cpp
│       │   │   ├── t_dpi_arg_inout_unpack.py
│       │   │   ├── t_dpi_arg_inout_unpack.v
│       │   │   ├── t_dpi_arg_input_type__Dpi.out
│       │   │   ├── t_dpi_arg_input_type.cpp
│       │   │   ├── t_dpi_arg_input_type.out
│       │   │   ├── t_dpi_arg_input_type.py
│       │   │   ├── t_dpi_arg_input_type.v
│       │   │   ├── t_dpi_arg_input_unpack__Dpi.out
│       │   │   ├── t_dpi_arg_input_unpack.cpp
│       │   │   ├── t_dpi_arg_input_unpack.py
│       │   │   ├── t_dpi_arg_input_unpack.v
│       │   │   ├── t_dpi_arg_output_type__Dpi.out
│       │   │   ├── t_dpi_arg_output_type.cpp
│       │   │   ├── t_dpi_arg_output_type.out
│       │   │   ├── t_dpi_arg_output_type.py
│       │   │   ├── t_dpi_arg_output_type.v
│       │   │   ├── t_dpi_arg_output_unpack__Dpi.out
│       │   │   ├── t_dpi_arg_output_unpack.cpp
│       │   │   ├── t_dpi_arg_output_unpack.py
│       │   │   ├── t_dpi_arg_output_unpack.v
│       │   │   ├── t_dpi_argtype_bad.out
│       │   │   ├── t_dpi_argtype_bad.py
│       │   │   ├── t_dpi_argtype_bad.v
│       │   │   ├── t_dpi_binary_c.cpp
│       │   │   ├── t_dpi_binary_c.h
│       │   │   ├── t_dpi_binary.py
│       │   │   ├── t_dpi_binary.v
│       │   │   ├── t_dpi_class_param.cpp
│       │   │   ├── t_dpi_class_param.py
│       │   │   ├── t_dpi_class_param.v
│       │   │   ├── t_dpi_context_c.cpp
│       │   │   ├── t_dpi_context_noopt.py
│       │   │   ├── t_dpi_context.py
│       │   │   ├── t_dpi_context.v
│       │   │   ├── t_dpi_decl_bad.out
│       │   │   ├── t_dpi_decl_bad.py
│       │   │   ├── t_dpi_decl_bad.v
│       │   │   ├── t_dpi_decl.cpp
│       │   │   ├── t_dpi_decl.py
│       │   │   ├── t_dpi_decl.v
│       │   │   ├── t_dpi_display_bad.out
│       │   │   ├── t_dpi_display_bad.py
│       │   │   ├── t_dpi_display_bad.v
│       │   │   ├── t_dpi_display_c.cpp
│       │   │   ├── t_dpi_display.out
│       │   │   ├── t_dpi_display.py
│       │   │   ├── t_dpi_display.v
│       │   │   ├── t_dpi_dup_bad.out
│       │   │   ├── t_dpi_dup_bad.py
│       │   │   ├── t_dpi_dup_bad.v
│       │   │   ├── t_dpi_export_bad.out
│       │   │   ├── t_dpi_export_bad.py
│       │   │   ├── t_dpi_export_bad.v
│       │   │   ├── t_dpi_export_c.cpp
│       │   │   ├── t_dpi_export_context_bad.cpp
│       │   │   ├── t_dpi_export_context_bad.out
│       │   │   ├── t_dpi_export_context_bad.py
│       │   │   ├── t_dpi_export_context_bad.v
│       │   │   ├── t_dpi_export_context2_bad.cpp
│       │   │   ├── t_dpi_export_context2_bad.out
│       │   │   ├── t_dpi_export_context2_bad.py
│       │   │   ├── t_dpi_export_context2_bad.v
│       │   │   ├── t_dpi_export_noopt.py
│       │   │   ├── t_dpi_export_scope_bad.cpp
│       │   │   ├── t_dpi_export_scope_bad.out
│       │   │   ├── t_dpi_export_scope_bad.py
│       │   │   ├── t_dpi_export_scope_bad.v
│       │   │   ├── t_dpi_export_scope_flat.cpp
│       │   │   ├── t_dpi_export_scope_flat.py
│       │   │   ├── t_dpi_export_scope_flat.v
│       │   │   ├── t_dpi_export_unpack.py
│       │   │   ├── t_dpi_export_unpack.v
│       │   │   ├── t_dpi_export.py
│       │   │   ├── t_dpi_export.v
│       │   │   ├── t_dpi_if_cond_c.cpp
│       │   │   ├── t_dpi_if_cond.py
│       │   │   ├── t_dpi_if_cond.v
│       │   │   ├── t_dpi_imp_gen_c.cpp
│       │   │   ├── t_dpi_imp_gen.py
│       │   │   ├── t_dpi_imp_gen.v
│       │   │   ├── t_dpi_import_c.cpp
│       │   │   ├── t_dpi_import_hdr_only.py
│       │   │   ├── t_dpi_import_mix_bad.out
│       │   │   ├── t_dpi_import_mix_bad.py
│       │   │   ├── t_dpi_import_mix_bad.v
│       │   │   ├── t_dpi_import.py
│       │   │   ├── t_dpi_import.v
│       │   │   ├── t_dpi_inline_new.cpp
│       │   │   ├── t_dpi_inline_new.py
│       │   │   ├── t_dpi_inline_new.v
│       │   │   ├── t_dpi_instr_count_large_hier.py
│       │   │   ├── t_dpi_instr_count_large.cpp
│       │   │   ├── t_dpi_instr_count_large.py
│       │   │   ├── t_dpi_instr_count_large.v
│       │   │   ├── t_dpi_lib_c.cpp
│       │   │   ├── t_dpi_lib.py
│       │   │   ├── t_dpi_lib.v
│       │   │   ├── t_dpi_name_bad.out
│       │   │   ├── t_dpi_name_bad.py
│       │   │   ├── t_dpi_name_bad.v
│       │   │   ├── t_dpi_open_c.cpp
│       │   │   ├── t_dpi_open_elem_c.cpp
│       │   │   ├── t_dpi_open_elem.py
│       │   │   ├── t_dpi_open_elem.v
│       │   │   ├── t_dpi_open_oob_bad_c.cpp
│       │   │   ├── t_dpi_open_oob_bad.out
│       │   │   ├── t_dpi_open_oob_bad.py
│       │   │   ├── t_dpi_open_oob_bad.v
│       │   │   ├── t_dpi_open_query.cpp
│       │   │   ├── t_dpi_open_query.py
│       │   │   ├── t_dpi_open_query.v
│       │   │   ├── t_dpi_open_vecval_c.cpp
│       │   │   ├── t_dpi_open_vecval.py
│       │   │   ├── t_dpi_open_vecval.v
│       │   │   ├── t_dpi_open.py
│       │   │   ├── t_dpi_open.v
│       │   │   ├── t_dpi_openfirst_c.cpp
│       │   │   ├── t_dpi_openfirst.py
│       │   │   ├── t_dpi_openfirst.v
│       │   │   ├── t_dpi_qw_c.cpp
│       │   │   ├── t_dpi_qw.py
│       │   │   ├── t_dpi_qw.v
│       │   │   ├── t_dpi_result_type__Dpi.out
│       │   │   ├── t_dpi_result_type_bad.out
│       │   │   ├── t_dpi_result_type_bad.py
│       │   │   ├── t_dpi_result_type_bad.v
│       │   │   ├── t_dpi_result_type.cpp
│       │   │   ├── t_dpi_result_type.out
│       │   │   ├── t_dpi_result_type.py
│       │   │   ├── t_dpi_result_type.v
│       │   │   ├── t_dpi_shortcircuit_c.cpp
│       │   │   ├── t_dpi_shortcircuit.py
│       │   │   ├── t_dpi_shortcircuit.v
│       │   │   ├── t_dpi_shortcircuit2.py
│       │   │   ├── t_dpi_shortcircuit2.v
│       │   │   ├── t_dpi_string_c.cpp
│       │   │   ├── t_dpi_string.py
│       │   │   ├── t_dpi_string.v
│       │   │   ├── t_dpi_sys_c.cpp
│       │   │   ├── t_dpi_sys.py
│       │   │   ├── t_dpi_sys.v
│       │   │   ├── t_dpi_threads_c.cpp
│       │   │   ├── t_dpi_threads_collide.py
│       │   │   ├── t_dpi_threads.py
│       │   │   ├── t_dpi_threads.v
│       │   │   ├── t_dpi_type_bad.out
│       │   │   ├── t_dpi_type_bad.py
│       │   │   ├── t_dpi_type_bad.v
│       │   │   ├── t_dpi_unpack_bad.out
│       │   │   ├── t_dpi_unpack_bad.py
│       │   │   ├── t_dpi_unpack_bad.v
│       │   │   ├── t_dpi_vams.cpp
│       │   │   ├── t_dpi_vams.py
│       │   │   ├── t_dpi_vams.v
│       │   │   ├── t_dpi_var_vlt.py
│       │   │   ├── t_dpi_var.cpp
│       │   │   ├── t_dpi_var.py
│       │   │   ├── t_dpi_var.v
│       │   │   ├── t_dpi_var.vlt
│       │   │   ├── t_driver_random.py
│       │   │   ├── t_driver_timeout.py
│       │   │   ├── t_dump_dfg.py
│       │   │   ├── t_dump_inputs_rerun.py
│       │   │   ├── t_dump_json.py
│       │   │   ├── t_dump_tree_dot.py
│       │   │   ├── t_dump.v
│       │   │   ├── t_dynarray_bad.out
│       │   │   ├── t_dynarray_bad.py
│       │   │   ├── t_dynarray_bad.v
│       │   │   ├── t_dynarray_bits.out
│       │   │   ├── t_dynarray_bits.py
│       │   │   ├── t_dynarray_bits.v
│       │   │   ├── t_dynarray_cast_write.py
│       │   │   ├── t_dynarray_cast_write.v
│       │   │   ├── t_dynarray_concat.py
│       │   │   ├── t_dynarray_concat.v
│       │   │   ├── t_dynarray_init.py
│       │   │   ├── t_dynarray_init.v
│       │   │   ├── t_dynarray_method_bad.out
│       │   │   ├── t_dynarray_method_bad.py
│       │   │   ├── t_dynarray_method_bad.v
│       │   │   ├── t_dynarray_method.py
│       │   │   ├── t_dynarray_method.v
│       │   │   ├── t_dynarray_multid.py
│       │   │   ├── t_dynarray_multid.v
│       │   │   ├── t_dynarray_param.py
│       │   │   ├── t_dynarray_param.v
│       │   │   ├── t_dynarray_unpacked.py
│       │   │   ├── t_dynarray_unpacked.v
│       │   │   ├── t_dynarray.py
│       │   │   ├── t_dynarray.v
│       │   │   ├── t_embed1_c.cpp
│       │   │   ├── t_embed1_child.v
│       │   │   ├── t_embed1_wrap.v
│       │   │   ├── t_embed1.py
│       │   │   ├── t_embed1.v
│       │   │   ├── t_emit_accessors.cpp
│       │   │   ├── t_emit_accessors.py
│       │   │   ├── t_emit_accessors.v
│       │   │   ├── t_emit_constw.py
│       │   │   ├── t_emit_constw.v
│       │   │   ├── t_emit_memb_limit.py
│       │   │   ├── t_enum_bad_cell.out
│       │   │   ├── t_enum_bad_cell.py
│       │   │   ├── t_enum_bad_cell.v
│       │   │   ├── t_enum_bad_circdecl.out
│       │   │   ├── t_enum_bad_circdecl.py
│       │   │   ├── t_enum_bad_circdecl.v
│       │   │   ├── t_enum_bad_dup.out
│       │   │   ├── t_enum_bad_dup.py
│       │   │   ├── t_enum_bad_dup.v
│       │   │   ├── t_enum_bad_hide.out
│       │   │   ├── t_enum_bad_hide.py
│       │   │   ├── t_enum_bad_hide.v
│       │   │   ├── t_enum_bad_value.out
│       │   │   ├── t_enum_bad_value.py
│       │   │   ├── t_enum_bad_value.v
│       │   │   ├── t_enum_bad_wrap.out
│       │   │   ├── t_enum_bad_wrap.py
│       │   │   ├── t_enum_bad_wrap.v
│       │   │   ├── t_enum_base_bad.out
│       │   │   ├── t_enum_base_bad.py
│       │   │   ├── t_enum_base_bad.v
│       │   │   ├── t_enum_base.py
│       │   │   ├── t_enum_base.v
│       │   │   ├── t_enum_const_methods.py
│       │   │   ├── t_enum_const_methods.v
│       │   │   ├── t_enum_enumvalue_struct_bad.out
│       │   │   ├── t_enum_enumvalue_struct_bad.py
│       │   │   ├── t_enum_enumvalue_struct_bad.v
│       │   │   ├── t_enum_func.py
│       │   │   ├── t_enum_func.v
│       │   │   ├── t_enum_huge_methods_bad.out
│       │   │   ├── t_enum_huge_methods_bad.py
│       │   │   ├── t_enum_huge_methods_bad.v
│       │   │   ├── t_enum_huge_methods.py
│       │   │   ├── t_enum_huge_methods.v
│       │   │   ├── t_enum_int.py
│       │   │   ├── t_enum_int.v
│       │   │   ├── t_enum_large_methods.py
│       │   │   ├── t_enum_large_methods.v
│       │   │   ├── t_enum_name_sformatf.py
│       │   │   ├── t_enum_name_sformatf.v
│       │   │   ├── t_enum_name2.py
│       │   │   ├── t_enum_name2.v
│       │   │   ├── t_enum_name3.py
│       │   │   ├── t_enum_name3.v
│       │   │   ├── t_enum_overlap_bad.out
│       │   │   ├── t_enum_overlap_bad.py
│       │   │   ├── t_enum_overlap_bad.v
│       │   │   ├── t_enum_param_class.py
│       │   │   ├── t_enum_param_class.v
│       │   │   ├── t_enum_param_class2.py
│       │   │   ├── t_enum_param_class2.v
│       │   │   ├── t_enum_public.cpp
│       │   │   ├── t_enum_public.py
│       │   │   ├── t_enum_public.v
│       │   │   ├── t_enum_recurse_bad.out
│       │   │   ├── t_enum_recurse_bad.py
│       │   │   ├── t_enum_recurse_bad.v
│       │   │   ├── t_enum_recurse_bad2.out
│       │   │   ├── t_enum_recurse_bad2.py
│       │   │   ├── t_enum_recurse_bad2.v
│       │   │   ├── t_enum_signed_wrap.py
│       │   │   ├── t_enum_signed_wrap.v
│       │   │   ├── t_enum_size.py
│       │   │   ├── t_enum_size.v
│       │   │   ├── t_enum_type_bad.out
│       │   │   ├── t_enum_type_bad.py
│       │   │   ├── t_enum_type_bad.v
│       │   │   ├── t_enum_type_methods_bad.out
│       │   │   ├── t_enum_type_methods_bad.py
│       │   │   ├── t_enum_type_methods_bad.v
│       │   │   ├── t_enum_type_methods.py
│       │   │   ├── t_enum_type_methods.v
│       │   │   ├── t_enum_type_nomethod_bad.out
│       │   │   ├── t_enum_type_nomethod_bad.py
│       │   │   ├── t_enum_type_nomethod_bad.v
│       │   │   ├── t_enum_type_pins.py
│       │   │   ├── t_enum_type_pins.v
│       │   │   ├── t_enum_value_assign.py
│       │   │   ├── t_enum_value_assign.v
│       │   │   ├── t_enum_x_bad.out
│       │   │   ├── t_enum_x_bad.py
│       │   │   ├── t_enum_x_bad.v
│       │   │   ├── t_enum.py
│       │   │   ├── t_enum.v
│       │   │   ├── t_enumeration.py
│       │   │   ├── t_enumeration.v
│       │   │   ├── t_eq_wild_unsup.out
│       │   │   ├── t_eq_wild_unsup.py
│       │   │   ├── t_eq_wild_unsup.v
│       │   │   ├── t_eq_wild.py
│       │   │   ├── t_eq_wild.v
│       │   │   ├── t_event_array_fire.py
│       │   │   ├── t_event_array_fire.v
│       │   │   ├── t_event_class_fire.out
│       │   │   ├── t_event_class_fire.py
│       │   │   ├── t_event_class_fire.v
│       │   │   ├── t_event_control_assign.py
│       │   │   ├── t_event_control_assign.v
│       │   │   ├── t_event_control_double_excessive.py
│       │   │   ├── t_event_control_double_excessive.v
│       │   │   ├── t_event_control_double_lost.py
│       │   │   ├── t_event_control_double_lost.v
│       │   │   ├── t_event_control_expr_noinl.py
│       │   │   ├── t_event_control_expr_unsup.out
│       │   │   ├── t_event_control_expr_unsup.py
│       │   │   ├── t_event_control_expr_unsup.v
│       │   │   ├── t_event_control_expr.py
│       │   │   ├── t_event_control_expr.v
│       │   │   ├── t_event_control_pass.py
│       │   │   ├── t_event_control_pass.v
│       │   │   ├── t_event_control_prev_name_collision.py
│       │   │   ├── t_event_control_prev_name_collision.v
│       │   │   ├── t_event_control_scope_var.py
│       │   │   ├── t_event_control_scope_var.v
│       │   │   ├── t_event_control_star_never_bad.out
│       │   │   ├── t_event_control_star_never_bad.py
│       │   │   ├── t_event_control_star_never.py
│       │   │   ├── t_event_control_star_never.v
│       │   │   ├── t_event_control_star.out
│       │   │   ├── t_event_control_star.py
│       │   │   ├── t_event_control_star.v
│       │   │   ├── t_event_control_timing.out
│       │   │   ├── t_event_control_timing.py
│       │   │   ├── t_event_control.out
│       │   │   ├── t_event_control.py
│       │   │   ├── t_event_control.v
│       │   │   ├── t_event_copy.out
│       │   │   ├── t_event_copy.py
│       │   │   ├── t_event_copy.v
│       │   │   ├── t_event_dynamic_wait.py
│       │   │   ├── t_event_dynamic_wait.v
│       │   │   ├── t_event_method_bad.out
│       │   │   ├── t_event_method_bad.py
│       │   │   ├── t_event_method_bad.v
│       │   │   ├── t_event.py
│       │   │   ├── t_event.v
│       │   │   ├── t_EXAMPLE.py
│       │   │   ├── t_EXAMPLE.v
│       │   │   ├── t_exit.py
│       │   │   ├── t_exit.v
│       │   │   ├── t_expect.out
│       │   │   ├── t_expect.py
│       │   │   ├── t_expect.v
│       │   │   ├── t_export_packed_struct.cpp
│       │   │   ├── t_export_packed_struct.py
│       │   │   ├── t_export_packed_struct.v
│       │   │   ├── t_export_packed_struct2.cpp
│       │   │   ├── t_export_packed_struct2.py
│       │   │   ├── t_export_packed_struct2.v
│       │   │   ├── t_expr_incr_unsup.out
│       │   │   ├── t_expr_incr_unsup.py
│       │   │   ├── t_expr_incr_unsup.v
│       │   │   ├── t_expr_shortcircuit.py
│       │   │   ├── t_expr_shortcircuit.v
│       │   │   ├── t_exprstmt_on_lhs_of_nba.py
│       │   │   ├── t_exprstmt_on_lhs_of_nba.v
│       │   │   ├── t_ext_param_func.py
│       │   │   ├── t_ext_param_func.v
│       │   │   ├── t_extend_c_class_c.h
│       │   │   ├── t_extend_c_class.py
│       │   │   ├── t_extend_c_class.v
│       │   │   ├── t_extend_class.py
│       │   │   ├── t_extend_class.v
│       │   │   ├── t_extend.py
│       │   │   ├── t_extend.v
│       │   │   ├── t_extract_static_const_multimodule.out
│       │   │   ├── t_extract_static_const_multimodule.py
│       │   │   ├── t_extract_static_const_multimodule.v
│       │   │   ├── t_extract_static_const_no_merge.py
│       │   │   ├── t_extract_static_const.out
│       │   │   ├── t_extract_static_const.py
│       │   │   ├── t_extract_static_const.v
│       │   │   ├── t_fallback_bad.out
│       │   │   ├── t_fallback_bad.py
│       │   │   ├── t_fallback_bad.v
│       │   │   ├── t_final_assert.out
│       │   │   ├── t_final_assert.py
│       │   │   ├── t_final_assert.v
│       │   │   ├── t_final.py
│       │   │   ├── t_final.v
│       │   │   ├── t_finaldly_bad.out
│       │   │   ├── t_finaldly_bad.py
│       │   │   ├── t_finaldly_bad.v
│       │   │   ├── t_finish_stops_nonfinal.py
│       │   │   ├── t_finish_stops_nonfinal.v
│       │   │   ├── t_flag_aslr_no.py
│       │   │   ├── t_flag_aslr.py
│       │   │   ├── t_flag_bboxsys.py
│       │   │   ├── t_flag_bboxsys.v
│       │   │   ├── t_flag_binary_parallel.py
│       │   │   ├── t_flag_binary.py
│       │   │   ├── t_flag_build_bad.out
│       │   │   ├── t_flag_build_bad.py
│       │   │   ├── t_flag_build_bad2.py
│       │   │   ├── t_flag_build_dep_bin.py
│       │   │   ├── t_flag_build_dep_bin.v
│       │   │   ├── t_flag_build_jobs_and_j.py
│       │   │   ├── t_flag_build_jobs_bad.out
│       │   │   ├── t_flag_build_jobs_bad.py
│       │   │   ├── t_flag_build.py
│       │   │   ├── t_flag_comp_limit_parens.py
│       │   │   ├── t_flag_comp_limit_parens.v
│       │   │   ├── t_flag_compiler_bad.out
│       │   │   ├── t_flag_compiler_bad.py
│       │   │   ├── t_flag_compiler_clang.py
│       │   │   ├── t_flag_compiler_gcc.py
│       │   │   ├── t_flag_compiler_msvc.py
│       │   │   ├── t_flag_compiler.v
│       │   │   ├── t_flag_context_bad.out
│       │   │   ├── t_flag_context_bad.py
│       │   │   ├── t_flag_context_bad.v
│       │   │   ├── t_flag_csplit_eval.py
│       │   │   ├── t_flag_csplit_eval.v
│       │   │   ├── t_flag_csplit_groups.py
│       │   │   ├── t_flag_csplit_off.py
│       │   │   ├── t_flag_csplit_pch.py
│       │   │   ├── t_flag_csplit_pch.v
│       │   │   ├── t_flag_csplit.py
│       │   │   ├── t_flag_csplit.v
│       │   │   ├── t_flag_debug_noleak.py
│       │   │   ├── t_flag_debug_noleak.v
│       │   │   ├── t_flag_debugi9.py
│       │   │   ├── t_flag_debugi9.v
│       │   │   ├── t_flag_decoration_no.py
│       │   │   ├── t_flag_decoration.py
│       │   │   ├── t_flag_decoration.v
│       │   │   ├── t_flag_decorations_bad.out
│       │   │   ├── t_flag_decorations_bad.py
│       │   │   ├── t_flag_decorations_node.py
│       │   │   ├── t_flag_define.py
│       │   │   ├── t_flag_define.v
│       │   │   ├── t_flag_define.vc
│       │   │   ├── t_flag_deprecated_bad.out
│       │   │   ├── t_flag_deprecated_bad.py
│       │   │   ├── t_flag_deprecated_bad.v
│       │   │   ├── t_flag_errorlimit_bad.out
│       │   │   ├── t_flag_errorlimit_bad.py
│       │   │   ├── t_flag_errorlimit_bad.v
│       │   │   ├── t_flag_expand_limit.py
│       │   │   ├── t_flag_expand_limit.v
│       │   │   ├── t_flag_f__2.vc
│       │   │   ├── t_flag_f__3.v
│       │   │   ├── t_flag_f_bad_cmt.out
│       │   │   ├── t_flag_f_bad_cmt.py
│       │   │   ├── t_flag_f_bad_cmt.v
│       │   │   ├── t_flag_f_bad_cmt.vc
│       │   │   ├── t_flag_f_bad_getenvend.out
│       │   │   ├── t_flag_f_bad_getenvend.py
│       │   │   ├── t_flag_f_bad_getenvend.vc
│       │   │   ├── t_flag_f_bad.out
│       │   │   ├── t_flag_f_bad.py
│       │   │   ├── t_flag_f.py
│       │   │   ├── t_flag_f.v
│       │   │   ├── t_flag_f.vc
│       │   │   ├── t_flag_fi_h.h
│       │   │   ├── t_flag_fi.cpp
│       │   │   ├── t_flag_fi.py
│       │   │   ├── t_flag_fi.v
│       │   │   ├── t_flag_future_bad.out
│       │   │   ├── t_flag_future_bad.py
│       │   │   ├── t_flag_future.py
│       │   │   ├── t_flag_future.v
│       │   │   ├── t_flag_generate_key.py
│       │   │   ├── t_flag_getenv.py
│       │   │   ├── t_flag_getenv.v
│       │   │   ├── t_flag_help_valgrind.py
│       │   │   ├── t_flag_help.py
│       │   │   ├── t_flag_hier0_bad.out
│       │   │   ├── t_flag_hier0_bad.py
│       │   │   ├── t_flag_hier1_bad.out
│       │   │   ├── t_flag_hier1_bad.py
│       │   │   ├── t_flag_hierarchical_threads_bad.out
│       │   │   ├── t_flag_hierarchical_threads_bad.py
│       │   │   ├── t_flag_i_empty.py
│       │   │   ├── t_flag_i_empty.v
│       │   │   ├── t_flag_incdir.py
│       │   │   ├── t_flag_incdir.v
│       │   │   ├── t_flag_instr_count_dpi_bad.py
│       │   │   ├── t_flag_invalid_bad.out
│       │   │   ├── t_flag_invalid_bad.py
│       │   │   ├── t_flag_invalid2_bad.out
│       │   │   ├── t_flag_invalid2_bad.py
│       │   │   ├── t_flag_j_hier.py
│       │   │   ├── t_flag_j_hier.v
│       │   │   ├── t_flag_language_bad.out
│       │   │   ├── t_flag_language_bad.py
│       │   │   ├── t_flag_language_default.py
│       │   │   ├── t_flag_language.py
│       │   │   ├── t_flag_language.v
│       │   │   ├── t_flag_ldflags_a.cpp
│       │   │   ├── t_flag_ldflags_c.cpp
│       │   │   ├── t_flag_ldflags_so.cpp
│       │   │   ├── t_flag_ldflags.py
│       │   │   ├── t_flag_ldflags.v
│       │   │   ├── t_flag_lib_dpi_main.cpp
│       │   │   ├── t_flag_lib_dpi.cpp
│       │   │   ├── t_flag_lib_dpi.mk
│       │   │   ├── t_flag_lib_dpi.py
│       │   │   ├── t_flag_lib_dpi.v
│       │   │   ├── t_flag_lib.py
│       │   │   ├── t_flag_lib.v
│       │   │   ├── t_flag_libcreate_bad.out
│       │   │   ├── t_flag_libcreate_bad.py
│       │   │   ├── t_flag_libinc.v
│       │   │   ├── t_flag_main_sc_bad.out
│       │   │   ├── t_flag_main_sc_bad.py
│       │   │   ├── t_flag_main_top_name_empty.py
│       │   │   ├── t_flag_main_top_name.py
│       │   │   ├── t_flag_main_top_name.v
│       │   │   ├── t_flag_main_vpi_badentry.out
│       │   │   ├── t_flag_main_vpi_badentry.py
│       │   │   ├── t_flag_main_vpi_badlib.out
│       │   │   ├── t_flag_main_vpi_badlib.py
│       │   │   ├── t_flag_main_vpi_bootstrap.out
│       │   │   ├── t_flag_main_vpi_bootstrap.py
│       │   │   ├── t_flag_main_vpi_lib2.cpp
│       │   │   ├── t_flag_main_vpi_multi.out
│       │   │   ├── t_flag_main_vpi_multi.py
│       │   │   ├── t_flag_main_vpi_noarray.cpp
│       │   │   ├── t_flag_main_vpi_noarray.out
│       │   │   ├── t_flag_main_vpi_noarray.py
│       │   │   ├── t_flag_main_vpi_noexe.py
│       │   │   ├── t_flag_main_vpi_nowarn.out
│       │   │   ├── t_flag_main_vpi_nowarn.py
│       │   │   ├── t_flag_main_vpi.cpp
│       │   │   ├── t_flag_main_vpi.out
│       │   │   ├── t_flag_main_vpi.py
│       │   │   ├── t_flag_main_vpi.v
│       │   │   ├── t_flag_main.py
│       │   │   ├── t_flag_main.v
│       │   │   ├── t_flag_make_bad.out
│       │   │   ├── t_flag_make_bad.py
│       │   │   ├── t_flag_make_cmake_sc.py
│       │   │   ├── t_flag_make_cmake_sc.v
│       │   │   ├── t_flag_make_cmake.py
│       │   │   ├── t_flag_make_cmake.v
│       │   │   ├── t_flag_make_gmake.py
│       │   │   ├── t_flag_make_json.py
│       │   │   ├── t_flag_mmd.py
│       │   │   ├── t_flag_mmd.v
│       │   │   ├── t_flag_modprefix_bad.out
│       │   │   ├── t_flag_modprefix_bad.py
│       │   │   ├── t_flag_names.py
│       │   │   ├── t_flag_names.v
│       │   │   ├── t_flag_no_unlimited_stack.py
│       │   │   ├── t_flag_no_unlimited_stack.v
│       │   │   ├── t_flag_nofile_bad.out
│       │   │   ├── t_flag_nofile_bad.py
│       │   │   ├── t_flag_nomod_bad.out
│       │   │   ├── t_flag_nomod_bad.py
│       │   │   ├── t_flag_nomod_bad.v
│       │   │   ├── t_flag_noop_bad.out
│       │   │   ├── t_flag_noop_bad.py
│       │   │   ├── t_flag_noop_bad.v
│       │   │   ├── t_flag_only_bad.out
│       │   │   ├── t_flag_only_bad.py
│       │   │   ├── t_flag_only_bad2.out
│       │   │   ├── t_flag_only_bad2.py
│       │   │   ├── t_flag_only_bad3.out
│       │   │   ├── t_flag_only_bad3.py
│       │   │   ├── t_flag_output_groups_bad.out
│       │   │   ├── t_flag_output_groups_bad.py
│       │   │   ├── t_flag_output_groups.py
│       │   │   ├── t_flag_output_groups.v
│       │   │   ├── t_flag_parameter_bad.out
│       │   │   ├── t_flag_parameter_bad.py
│       │   │   ├── t_flag_parameter_hier.py
│       │   │   ├── t_flag_parameter_hier.v
│       │   │   ├── t_flag_parameter_pkg.py
│       │   │   ├── t_flag_parameter_pkg.v
│       │   │   ├── t_flag_parameter.py
│       │   │   ├── t_flag_parameter.v
│       │   │   ├── t_flag_parameter.vc
│       │   │   ├── t_flag_prefix_bad.out
│       │   │   ├── t_flag_prefix_bad.py
│       │   │   ├── t_flag_prefix.py
│       │   │   ├── t_flag_prefix.v
│       │   │   ├── t_flag_quiet_build.py
│       │   │   ├── t_flag_quiet_build.v
│       │   │   ├── t_flag_quiet_exit.py
│       │   │   ├── t_flag_quiet_stats.py
│       │   │   ├── t_flag_quiet_stats.v
│       │   │   ├── t_flag_quiet_stats2.py
│       │   │   ├── t_flag_quiet_stats3.py
│       │   │   ├── t_flag_relinc.py
│       │   │   ├── t_flag_relinc.v
│       │   │   ├── t_flag_runtime_debug.py
│       │   │   ├── t_flag_runtime_timeout_bad.out
│       │   │   ├── t_flag_runtime_timeout_bad.py
│       │   │   ├── t_flag_runtime_timeout_bad.v
│       │   │   ├── t_flag_sched_zero_delay_none_bad.out
│       │   │   ├── t_flag_sched_zero_delay_none_bad.py
│       │   │   ├── t_flag_sched_zero_delay_none_bad.v
│       │   │   ├── t_flag_sched_zero_delay_off_bad.out
│       │   │   ├── t_flag_sched_zero_delay_off_bad.py
│       │   │   ├── t_flag_sched_zero_delay_off_bad.v
│       │   │   ├── t_flag_sched_zero_delay_off_run_bad.out
│       │   │   ├── t_flag_sched_zero_delay_off_run_bad.py
│       │   │   ├── t_flag_sched_zero_delay_off_run.out
│       │   │   ├── t_flag_sched_zero_delay_off_run.py
│       │   │   ├── t_flag_sched_zero_delay_off_run.v
│       │   │   ├── t_flag_sched_zero_delay_on.py
│       │   │   ├── t_flag_sched_zero_delay_on.v
│       │   │   ├── t_flag_skipidentical.py
│       │   │   ├── t_flag_skipidentical.v
│       │   │   ├── t_flag_stats.py
│       │   │   ├── t_flag_stats.v
│       │   │   ├── t_flag_structs_packed_bad.out
│       │   │   ├── t_flag_structs_packed_bad.py
│       │   │   ├── t_flag_structs_packed.out
│       │   │   ├── t_flag_structs_packed.py
│       │   │   ├── t_flag_structs_packed.v
│       │   │   ├── t_flag_suggest.out
│       │   │   ├── t_flag_suggest.py
│       │   │   ├── t_flag_supported_1.out
│       │   │   ├── t_flag_supported_empty.out
│       │   │   ├── t_flag_supported.py
│       │   │   ├── t_flag_threads_bad.out
│       │   │   ├── t_flag_threads_bad.py
│       │   │   ├── t_flag_threads_bad2.out
│       │   │   ├── t_flag_threads_bad2.py
│       │   │   ├── t_flag_threads_dpi_bad.out
│       │   │   ├── t_flag_threads_dpi_bad.py
│       │   │   ├── t_flag_timescale_override.out
│       │   │   ├── t_flag_timescale_override.py
│       │   │   ├── t_flag_timescale_override.v
│       │   │   ├── t_flag_timescale_override2.out
│       │   │   ├── t_flag_timescale_override2.py
│       │   │   ├── t_flag_timescale.out
│       │   │   ├── t_flag_timescale.py
│       │   │   ├── t_flag_timescale.v
│       │   │   ├── t_flag_topmodule_bad.out
│       │   │   ├── t_flag_topmodule_bad.py
│       │   │   ├── t_flag_topmodule_bad2.out
│       │   │   ├── t_flag_topmodule_bad2.py
│       │   │   ├── t_flag_topmodule_bad3.out
│       │   │   ├── t_flag_topmodule_bad3.py
│       │   │   ├── t_flag_topmodule_bad3.v
│       │   │   ├── t_flag_topmodule_inline.py
│       │   │   ├── t_flag_topmodule_inline.v
│       │   │   ├── t_flag_topmodule.py
│       │   │   ├── t_flag_topmodule.v
│       │   │   ├── t_flag_unroll_limit_const.out
│       │   │   ├── t_flag_unroll_limit_const.py
│       │   │   ├── t_flag_unroll_limit_const.v
│       │   │   ├── t_flag_unroll_limit_gen.out
│       │   │   ├── t_flag_unroll_limit_gen.py
│       │   │   ├── t_flag_unroll_limit_gen.v
│       │   │   ├── t_flag_unroll_limit_stmt.out
│       │   │   ├── t_flag_unroll_limit_stmt.py
│       │   │   ├── t_flag_unroll_limit_stmt.v
│       │   │   ├── t_flag_values_bad.out
│       │   │   ├── t_flag_values_bad.py
│       │   │   ├── t_flag_values_deprecated.out
│       │   │   ├── t_flag_values_deprecated.py
│       │   │   ├── t_flag_verilate_threads_bad.out
│       │   │   ├── t_flag_verilate_threads_bad.py
│       │   │   ├── t_flag_verilate.py
│       │   │   ├── t_flag_verilator_running.py
│       │   │   ├── t_flag_version.py
│       │   │   ├── t_flag_werror_bad1.out
│       │   │   ├── t_flag_werror_bad1.py
│       │   │   ├── t_flag_werror_bad2.out
│       │   │   ├── t_flag_werror_bad2.py
│       │   │   ├── t_flag_werror_bad3.out
│       │   │   ├── t_flag_werror_bad3.py
│       │   │   ├── t_flag_werror.v
│       │   │   ├── t_flag_wfatal.out
│       │   │   ├── t_flag_wfatal.py
│       │   │   ├── t_flag_wfatal.v
│       │   │   ├── t_flag_woff_bad.out
│       │   │   ├── t_flag_woff_bad.py
│       │   │   ├── t_flag_woff.py
│       │   │   ├── t_flag_woff.v
│       │   │   ├── t_flag_wpedantic_bad.out
│       │   │   ├── t_flag_wpedantic_bad.py
│       │   │   ├── t_flag_wpedantic_bad.v
│       │   │   ├── t_flag_wwarn_bad.out
│       │   │   ├── t_flag_wwarn_bad.py
│       │   │   ├── t_flag_x_assign_bad.out
│       │   │   ├── t_flag_x_assign_bad.py
│       │   │   ├── t_flag_x_initial_bad.out
│       │   │   ├── t_flag_x_initial_bad.py
│       │   │   ├── t_flag_xinitial_0.py
│       │   │   ├── t_flag_xinitial_0.v
│       │   │   ├── t_flag_xinitial_unique.py
│       │   │   ├── t_flag_xinitial_unique.v
│       │   │   ├── t_for_assign.py
│       │   │   ├── t_for_assign.v
│       │   │   ├── t_for_break.py
│       │   │   ├── t_for_break.v
│       │   │   ├── t_for_comma.py
│       │   │   ├── t_for_comma.v
│       │   │   ├── t_for_count.py
│       │   │   ├── t_for_count.v
│       │   │   ├── t_for_disable_dot.py
│       │   │   ├── t_for_disable_dot.v
│       │   │   ├── t_for_funcbound.py
│       │   │   ├── t_for_funcbound.v
│       │   │   ├── t_for_init_bug.py
│       │   │   ├── t_for_init_bug.v
│       │   │   ├── t_for_local.py
│       │   │   ├── t_for_local.v
│       │   │   ├── t_for_loop.py
│       │   │   ├── t_for_loop.v
│       │   │   ├── t_force_assign_comb.out
│       │   │   ├── t_force_assign_comb.py
│       │   │   ├── t_force_assign_comb.v
│       │   │   ├── t_force_assign.py
│       │   │   ├── t_force_assign.v
│       │   │   ├── t_force_bad_rw.out
│       │   │   ├── t_force_bad_rw.py
│       │   │   ├── t_force_bad_rw.v
│       │   │   ├── t_force_chained.py
│       │   │   ├── t_force_chained.v
│       │   │   ├── t_force_complex_sel_unsup.out
│       │   │   ├── t_force_complex_sel_unsup.py
│       │   │   ├── t_force_complex_sel_unsup.v
│       │   │   ├── t_force_cond.py
│       │   │   ├── t_force_cond.v
│       │   │   ├── t_force_forceable_readwrite_unsup.out
│       │   │   ├── t_force_forceable_readwrite_unsup.py
│       │   │   ├── t_force_forceable_readwrite_unsup.v
│       │   │   ├── t_force_forceable_rhs_ref.py
│       │   │   ├── t_force_forceable_rhs_ref.v
│       │   │   ├── t_force_func.py
│       │   │   ├── t_force_func.v
│       │   │   ├── t_force_immediate_release_port_net_noinline.py
│       │   │   ├── t_force_immediate_release_port_net.py
│       │   │   ├── t_force_immediate_release_port_net.v
│       │   │   ├── t_force_immediate_release.py
│       │   │   ├── t_force_immediate_release.v
│       │   │   ├── t_force_initial.py
│       │   │   ├── t_force_initial.v
│       │   │   ├── t_force_input_assign_bad.out
│       │   │   ├── t_force_input_assign_bad.py
│       │   │   ├── t_force_input_assign_bad.v
│       │   │   ├── t_force_mid.cpp
│       │   │   ├── t_force_mid.py
│       │   │   ├── t_force_mid.v
│       │   │   ├── t_force_multi.py
│       │   │   ├── t_force_multi.v
│       │   │   ├── t_force_nested_struct.py
│       │   │   ├── t_force_nested_struct.v
│       │   │   ├── t_force_nested_struct2.py
│       │   │   ├── t_force_nested_struct2.v
│       │   │   ├── t_force_port_inline.py
│       │   │   ├── t_force_port_inline.v
│       │   │   ├── t_force_readwrite_unsup.out
│       │   │   ├── t_force_readwrite_unsup.py
│       │   │   ├── t_force_readwrite_unsup.v
│       │   │   ├── t_force_readwrite.py
│       │   │   ├── t_force_readwrite.v
│       │   │   ├── t_force_release_net_reverse.py
│       │   │   ├── t_force_release_net_trace.out
│       │   │   ├── t_force_release_net_trace.py
│       │   │   ├── t_force_release_net.py
│       │   │   ├── t_force_release_net.v
│       │   │   ├── t_force_release_var_reverse.py
│       │   │   ├── t_force_release_var_trace.out
│       │   │   ├── t_force_release_var_trace.py
│       │   │   ├── t_force_release_var.py
│       │   │   ├── t_force_release_var.v
│       │   │   ├── t_force_release.py
│       │   │   ├── t_force_release.v
│       │   │   ├── t_force_rhs_ref_multi_lhs.py
│       │   │   ├── t_force_rhs_ref_multi_lhs.v
│       │   │   ├── t_force_rhs_ref_multiple.py
│       │   │   ├── t_force_rhs_ref_multiple.v
│       │   │   ├── t_force_rhs_ref.py
│       │   │   ├── t_force_rhs_ref.v
│       │   │   ├── t_force_scope_assign.py
│       │   │   ├── t_force_scope_assign.v
│       │   │   ├── t_force_scope.py
│       │   │   ├── t_force_scope.v
│       │   │   ├── t_force_select_bad.out
│       │   │   ├── t_force_select_bad.py
│       │   │   ├── t_force_select_bad.v
│       │   │   ├── t_force_struct_partial.py
│       │   │   ├── t_force_struct_partial.v
│       │   │   ├── t_force_struct_trace.py
│       │   │   ├── t_force_struct_trace.v
│       │   │   ├── t_force_subnet.py
│       │   │   ├── t_force_subnet.v
│       │   │   ├── t_force_subvar.py
│       │   │   ├── t_force_subvar.v
│       │   │   ├── t_force_tri.out
│       │   │   ├── t_force_tri.py
│       │   │   ├── t_force_tri.v
│       │   │   ├── t_force_unpacked_bitsel.py
│       │   │   ├── t_force_unpacked_bitsel.v
│       │   │   ├── t_force_unpacked_struct.py
│       │   │   ├── t_force_unpacked_struct.v
│       │   │   ├── t_force_unpacked.py
│       │   │   ├── t_force_unpacked.v
│       │   │   ├── t_force_wide_sel.py
│       │   │   ├── t_force_wide_sel.v
│       │   │   ├── t_force.py
│       │   │   ├── t_force.v
│       │   │   ├── t_forceable_assigncont.py
│       │   │   ├── t_forceable_assigncont.v
│       │   │   ├── t_forceable_net_cmt_trace.py
│       │   │   ├── t_forceable_net_cmt.py
│       │   │   ├── t_forceable_net_trace.vcd.out
│       │   │   ├── t_forceable_net_vlt_trace.py
│       │   │   ├── t_forceable_net_vlt.py
│       │   │   ├── t_forceable_net.cpp
│       │   │   ├── t_forceable_net.v
│       │   │   ├── t_forceable_net.vlt
│       │   │   ├── t_forceable_public_flat.py
│       │   │   ├── t_forceable_public_flat.v
│       │   │   ├── t_forceable_string_bad.out
│       │   │   ├── t_forceable_string_bad.py
│       │   │   ├── t_forceable_string_bad.v
│       │   │   ├── t_forceable_unpacked_bad.out
│       │   │   ├── t_forceable_unpacked_bad.py
│       │   │   ├── t_forceable_unpacked_bad.v
│       │   │   ├── t_forceable_unpacked_cmt.py
│       │   │   ├── t_forceable_unpacked_vlt.py
│       │   │   ├── t_forceable_unpacked.cpp
│       │   │   ├── t_forceable_unpacked.v
│       │   │   ├── t_forceable_unpacked.vlt
│       │   │   ├── t_forceable_var_cmt_trace.py
│       │   │   ├── t_forceable_var_cmt.py
│       │   │   ├── t_forceable_var_trace.vcd.out
│       │   │   ├── t_forceable_var_vlt_trace.py
│       │   │   ├── t_forceable_var_vlt.py
│       │   │   ├── t_forceable_var.cpp
│       │   │   ├── t_forceable_var.v
│       │   │   ├── t_forceable_var.vlt
│       │   │   ├── t_foreach_array.py
│       │   │   ├── t_foreach_array.v
│       │   │   ├── t_foreach_bad.out
│       │   │   ├── t_foreach_bad.py
│       │   │   ├── t_foreach_bad.v
│       │   │   ├── t_foreach_blkname.py
│       │   │   ├── t_foreach_blkname.v
│       │   │   ├── t_foreach_class.py
│       │   │   ├── t_foreach_class.v
│       │   │   ├── t_foreach_const.py
│       │   │   ├── t_foreach_const.v
│       │   │   ├── t_foreach_delete.py
│       │   │   ├── t_foreach_delete.v
│       │   │   ├── t_foreach_iface.py
│       │   │   ├── t_foreach_iface.v
│       │   │   ├── t_foreach_nested.py
│       │   │   ├── t_foreach_nested.v
│       │   │   ├── t_foreach_nindex_bad.out
│       │   │   ├── t_foreach_nindex_bad.py
│       │   │   ├── t_foreach_nindex_bad.v
│       │   │   ├── t_foreach_noivar_bad.out
│       │   │   ├── t_foreach_noivar_bad.py
│       │   │   ├── t_foreach_noivar.py
│       │   │   ├── t_foreach_noivar.v
│       │   │   ├── t_foreach_sideeff_uvm.py
│       │   │   ├── t_foreach_sideeff_uvm.v
│       │   │   ├── t_foreach_type_bad.out
│       │   │   ├── t_foreach_type_bad.py
│       │   │   ├── t_foreach_type_bad.v
│       │   │   ├── t_foreach.py
│       │   │   ├── t_foreach.v
│       │   │   ├── t_fork_bbox.py
│       │   │   ├── t_fork_bbox.v
│       │   │   ├── t_fork_block_item_declaration.py
│       │   │   ├── t_fork_block_item_declaration.v
│       │   │   ├── t_fork_cfunc_finish.py
│       │   │   ├── t_fork_cfunc_finish.v
│       │   │   ├── t_fork_delay_finish.py
│       │   │   ├── t_fork_delay_finish.v
│       │   │   ├── t_fork_delay.py
│       │   │   ├── t_fork_delay.v
│       │   │   ├── t_fork_dynscope_interface.py
│       │   │   ├── t_fork_dynscope_interface.v
│       │   │   ├── t_fork_dynscope_out.py
│       │   │   ├── t_fork_dynscope_out.v
│       │   │   ├── t_fork_dynscope.py
│       │   │   ├── t_fork_dynscope.v
│       │   │   ├── t_fork_finish.py
│       │   │   ├── t_fork_finish.v
│       │   │   ├── t_fork_func_bad.out
│       │   │   ├── t_fork_func_bad.py
│       │   │   ├── t_fork_func_bad.v
│       │   │   ├── t_fork_func2_bad.out
│       │   │   ├── t_fork_func2_bad.py
│       │   │   ├── t_fork_func2_bad.v
│       │   │   ├── t_fork_initial.py
│       │   │   ├── t_fork_initial.v
│       │   │   ├── t_fork_join_none_any_nested.py
│       │   │   ├── t_fork_join_none_any_nested.v
│       │   │   ├── t_fork_join_none_capture.py
│       │   │   ├── t_fork_join_none_capture.v
│       │   │   ├── t_fork_join_none_class_cap.py
│       │   │   ├── t_fork_join_none_class_cap.v
│       │   │   ├── t_fork_join_none_inactive.out
│       │   │   ├── t_fork_join_none_inactive.py
│       │   │   ├── t_fork_join_none_inactive.v
│       │   │   ├── t_fork_join_none_nested_triggered.py
│       │   │   ├── t_fork_join_none_nested_triggered.v
│       │   │   ├── t_fork_join_none_stmt.py
│       │   │   ├── t_fork_join_none_stmt.v
│       │   │   ├── t_fork_join_none_virtual.py
│       │   │   ├── t_fork_join_none_virtual.v
│       │   │   ├── t_fork_join_none_wait_ev.py
│       │   │   ├── t_fork_join_none_wait_ev.v
│       │   │   ├── t_fork_join_none_waiters.py
│       │   │   ├── t_fork_join_none_waiters.v
│       │   │   ├── t_fork_jumpblock.py
│       │   │   ├── t_fork_jumpblock.v
│       │   │   ├── t_fork_label_timing.py
│       │   │   ├── t_fork_label.py
│       │   │   ├── t_fork_label.v
│       │   │   ├── t_fork_none_var.py
│       │   │   ├── t_fork_none_var.v
│       │   │   ├── t_fork_output_arg.py
│       │   │   ├── t_fork_output_arg.v
│       │   │   ├── t_fork_port.py
│       │   │   ├── t_fork_port.v
│       │   │   ├── t_fork_repeat_reset.py
│       │   │   ├── t_fork_repeat_reset.v
│       │   │   ├── t_fork_repeat.py
│       │   │   ├── t_fork_repeat.v
│       │   │   ├── t_fork_split.py
│       │   │   ├── t_fork_timing.py
│       │   │   ├── t_fork_write_after_timing_bad.out
│       │   │   ├── t_fork_write_after_timing_bad.py
│       │   │   ├── t_fork_write_after_timing_bad.v
│       │   │   ├── t_fork_write_after_timing.py
│       │   │   ├── t_fork_write_after_timing.v
│       │   │   ├── t_fork.out
│       │   │   ├── t_fork.py
│       │   │   ├── t_fork.v
│       │   │   ├── t_fourstate_assign_bad.out
│       │   │   ├── t_fourstate_assign_bad.py
│       │   │   ├── t_fourstate_assign_bad.v
│       │   │   ├── t_fourstate_assign.py
│       │   │   ├── t_fourstate_assign.v
│       │   │   ├── t_fourstate_fourstate_hier_unsup.out
│       │   │   ├── t_fourstate_fourstate_hier_unsup.py
│       │   │   ├── t_fourstate_fourstate_unsup.out
│       │   │   ├── t_fourstate_fourstate_unsup.py
│       │   │   ├── t_fourstate_fourstate_unsup.v
│       │   │   ├── t_fourstate_no_fourstate.py
│       │   │   ├── t_fourstate_no_fourstate.v
│       │   │   ├── t_fsm_duplicate.py
│       │   │   ├── t_fsm_duplicate.v
│       │   │   ├── t_fsm_metacmt_dump.py
│       │   │   ├── t_fsm_metacmt_dump.v
│       │   │   ├── t_fsm_register_wrapper_noinline.out
│       │   │   ├── t_fsm_register_wrapper_noinline.py
│       │   │   ├── t_fsm_register_wrapper_noinline.v
│       │   │   ├── t_fsm_register_wrapper_noinline.vlt
│       │   │   ├── t_fsm_register_wrapper_vlt_bad.out
│       │   │   ├── t_fsm_register_wrapper_vlt_bad.py
│       │   │   ├── t_fsm_register_wrapper_vlt_bad.v
│       │   │   ├── t_fsm_register_wrapper_vlt_bad.vlt
│       │   │   ├── t_fsm_register_wrapper_warn_bad.out
│       │   │   ├── t_fsm_register_wrapper_warn_bad.py
│       │   │   ├── t_fsm_register_wrapper_warn_bad.v
│       │   │   ├── t_fsm_register_wrapper_warn_bad.vlt
│       │   │   ├── t_fsm_register_wrapper.out
│       │   │   ├── t_fsm_register_wrapper.py
│       │   │   ├── t_fsm_register_wrapper.v
│       │   │   ├── t_fsm_register_wrapper.vlt
│       │   │   ├── t_fsmmulti_combo_multi_warn_bad.out
│       │   │   ├── t_fsmmulti_combo_multi_warn_bad.py
│       │   │   ├── t_fsmmulti_combo_multi_warn_bad.v
│       │   │   ├── t_fsmmulti_same_bad.out
│       │   │   ├── t_fsmmulti_same_bad.py
│       │   │   ├── t_fsmmulti_same_bad.v
│       │   │   ├── t_fsmmulti_warn_bad.out
│       │   │   ├── t_fsmmulti_warn_bad.py
│       │   │   ├── t_fsmmulti_warn_bad.v
│       │   │   ├── t_fsmmulti_warn_off.py
│       │   │   ├── t_fsmmulti_warn_off.v
│       │   │   ├── t_func_arg_complex.py
│       │   │   ├── t_func_arg_complex.v
│       │   │   ├── t_func_automatic_clear.py
│       │   │   ├── t_func_automatic_clear.v
│       │   │   ├── t_func_bad_width.out
│       │   │   ├── t_func_bad_width.py
│       │   │   ├── t_func_bad_width.v
│       │   │   ├── t_func_bad.out
│       │   │   ├── t_func_bad.py
│       │   │   ├── t_func_bad.v
│       │   │   ├── t_func_begin2.py
│       │   │   ├── t_func_begin2.v
│       │   │   ├── t_func_call_order.py
│       │   │   ├── t_func_call_order.v
│       │   │   ├── t_func_call_super_arg.py
│       │   │   ├── t_func_call_super_arg.v
│       │   │   ├── t_func_check.py
│       │   │   ├── t_func_check.v
│       │   │   ├── t_func_complex_noinl.py
│       │   │   ├── t_func_complex.py
│       │   │   ├── t_func_complex.v
│       │   │   ├── t_func_cond.py
│       │   │   ├── t_func_cond.v
│       │   │   ├── t_func_const_bad.out
│       │   │   ├── t_func_const_bad.py
│       │   │   ├── t_func_const_bad.v
│       │   │   ├── t_func_const_packed_array_bad.out
│       │   │   ├── t_func_const_packed_array_bad.py
│       │   │   ├── t_func_const_packed_array_bad.v
│       │   │   ├── t_func_const_packed_struct_bad.out
│       │   │   ├── t_func_const_packed_struct_bad.py
│       │   │   ├── t_func_const_packed_struct_bad.v
│       │   │   ├── t_func_const_packed_struct_bad2.out
│       │   │   ├── t_func_const_packed_struct_bad2.py
│       │   │   ├── t_func_const_packed_struct_bad2.v
│       │   │   ├── t_func_const_struct_bad.out
│       │   │   ├── t_func_const_struct_bad.py
│       │   │   ├── t_func_const_struct_bad.v
│       │   │   ├── t_func_const.py
│       │   │   ├── t_func_const.v
│       │   │   ├── t_func_const2_bad.out
│       │   │   ├── t_func_const2_bad.py
│       │   │   ├── t_func_const2_bad.v
│       │   │   ├── t_func_const3_bad.out
│       │   │   ├── t_func_const3_bad.py
│       │   │   ├── t_func_const3_bad.v
│       │   │   ├── t_func_crc.py
│       │   │   ├── t_func_crc.v
│       │   │   ├── t_func_default_warn.py
│       │   │   ├── t_func_default_warn.v
│       │   │   ├── t_func_defaults.py
│       │   │   ├── t_func_defaults.v
│       │   │   ├── t_func_dotted_inl0_vlt.py
│       │   │   ├── t_func_dotted_inl0.py
│       │   │   ├── t_func_dotted_inl0.vlt
│       │   │   ├── t_func_dotted_inl1_vlt.py
│       │   │   ├── t_func_dotted_inl1.py
│       │   │   ├── t_func_dotted_inl1.vlt
│       │   │   ├── t_func_dotted_inl2_vlt.py
│       │   │   ├── t_func_dotted_inl2.py
│       │   │   ├── t_func_dotted_inl2.vlt
│       │   │   ├── t_func_dotted.v
│       │   │   ├── t_func_endian.py
│       │   │   ├── t_func_endian.v
│       │   │   ├── t_func_first.py
│       │   │   ├── t_func_first.v
│       │   │   ├── t_func_flip.py
│       │   │   ├── t_func_flip.v
│       │   │   ├── t_func_gen.py
│       │   │   ├── t_func_gen.v
│       │   │   ├── t_func_graphcirc.py
│       │   │   ├── t_func_graphcirc.v
│       │   │   ├── t_func_grey.py
│       │   │   ├── t_func_grey.v
│       │   │   ├── t_func_impure_bad.out
│       │   │   ├── t_func_impure_bad.py
│       │   │   ├── t_func_impure_bad.v
│       │   │   ├── t_func_inconly.py
│       │   │   ├── t_func_inconly.v
│       │   │   ├── t_func_inout_bit_sel.py
│       │   │   ├── t_func_inout_bit_sel.v
│       │   │   ├── t_func_io_order.py
│       │   │   ├── t_func_io_order.v
│       │   │   ├── t_func_lib_sub_timing.py
│       │   │   ├── t_func_lib_sub.py
│       │   │   ├── t_func_lib_sub.v
│       │   │   ├── t_func_lib.py
│       │   │   ├── t_func_lib.v
│       │   │   ├── t_func_link.py
│       │   │   ├── t_func_link.v
│       │   │   ├── t_func_many_return.py
│       │   │   ├── t_func_many_return.v
│       │   │   ├── t_func_mlog2.py
│       │   │   ├── t_func_mlog2.v
│       │   │   ├── t_func_modify_input.py
│       │   │   ├── t_func_modify_input.v
│       │   │   ├── t_func_named.py
│       │   │   ├── t_func_named.v
│       │   │   ├── t_func_nansi_dup_bad.out
│       │   │   ├── t_func_nansi_dup_bad.py
│       │   │   ├── t_func_nansi_dup_bad.v
│       │   │   ├── t_func_nansi_mism_bad.out
│       │   │   ├── t_func_nansi_mism_bad.py
│       │   │   ├── t_func_nansi_mism_bad.v
│       │   │   ├── t_func_no_lifetime_bad.out
│       │   │   ├── t_func_no_lifetime_bad.py
│       │   │   ├── t_func_no_lifetime_bad.v
│       │   │   ├── t_func_no_paren.py
│       │   │   ├── t_func_no_paren.v
│       │   │   ├── t_func_no_parentheses_bad.out
│       │   │   ├── t_func_no_parentheses_bad.py
│       │   │   ├── t_func_no_parentheses_bad.v
│       │   │   ├── t_func_noinl.py
│       │   │   ├── t_func_noinl.v
│       │   │   ├── t_func_numones.py
│       │   │   ├── t_func_numones.v
│       │   │   ├── t_func_outfirst.py
│       │   │   ├── t_func_outfirst.v
│       │   │   ├── t_func_outp.py
│       │   │   ├── t_func_outp.v
│       │   │   ├── t_func_paramed.py
│       │   │   ├── t_func_paramed.v
│       │   │   ├── t_func_plog.py
│       │   │   ├── t_func_plog.v
│       │   │   ├── t_func_public_trace.py
│       │   │   ├── t_func_public.py
│       │   │   ├── t_func_public.v
│       │   │   ├── t_func_purification.py
│       │   │   ├── t_func_purification.v
│       │   │   ├── t_func_rand.cpp
│       │   │   ├── t_func_rand.py
│       │   │   ├── t_func_rand.v
│       │   │   ├── t_func_range.py
│       │   │   ├── t_func_range.v
│       │   │   ├── t_func_real_abs.py
│       │   │   ├── t_func_real_abs.v
│       │   │   ├── t_func_real_exprstmt.py
│       │   │   ├── t_func_real_exprstmt.v
│       │   │   ├── t_func_real_param.py
│       │   │   ├── t_func_real_param.v
│       │   │   ├── t_func_recurse_depth.py
│       │   │   ├── t_func_recurse_depth.v
│       │   │   ├── t_func_recurse_param_bad.out
│       │   │   ├── t_func_recurse_param_bad.py
│       │   │   ├── t_func_recurse_param_bad.v
│       │   │   ├── t_func_recurse_param.py
│       │   │   ├── t_func_recurse_param.v
│       │   │   ├── t_func_recurse.py
│       │   │   ├── t_func_recurse.v
│       │   │   ├── t_func_recurse2.py
│       │   │   ├── t_func_recurse2.v
│       │   │   ├── t_func_redef.py
│       │   │   ├── t_func_redef.v
│       │   │   ├── t_func_ref_arg_default_noinl.py
│       │   │   ├── t_func_ref_arg_default.py
│       │   │   ├── t_func_ref_arg_default.v
│       │   │   ├── t_func_ref_arg.py
│       │   │   ├── t_func_ref_arg.v
│       │   │   ├── t_func_ref_bad.out
│       │   │   ├── t_func_ref_bad.py
│       │   │   ├── t_func_ref_bad.v
│       │   │   ├── t_func_ref_noinline.py
│       │   │   ├── t_func_ref_noparen.py
│       │   │   ├── t_func_ref_noparen.v
│       │   │   ├── t_func_ref.py
│       │   │   ├── t_func_ref.v
│       │   │   ├── t_func_refio_bad.out
│       │   │   ├── t_func_refio_bad.py
│       │   │   ├── t_func_refio_bad.v
│       │   │   ├── t_func_regfirst.py
│       │   │   ├── t_func_regfirst.v
│       │   │   ├── t_func_return_bad.out
│       │   │   ├── t_func_return_bad.py
│       │   │   ├── t_func_return_bad.v
│       │   │   ├── t_func_return_init.py
│       │   │   ├── t_func_return_init.v
│       │   │   ├── t_func_return.py
│       │   │   ├── t_func_return.v
│       │   │   ├── t_func_sel.py
│       │   │   ├── t_func_sel.v
│       │   │   ├── t_func_sum.py
│       │   │   ├── t_func_sum.v
│       │   │   ├── t_func_task_bad.out
│       │   │   ├── t_func_task_bad.py
│       │   │   ├── t_func_task_bad.v
│       │   │   ├── t_func_task_bad2.out
│       │   │   ├── t_func_task_bad2.py
│       │   │   ├── t_func_task_bad2.v
│       │   │   ├── t_func_tie_bad.out
│       │   │   ├── t_func_tie_bad.py
│       │   │   ├── t_func_tie_bad.v
│       │   │   ├── t_func_twocall_noexpand.py
│       │   │   ├── t_func_twocall.py
│       │   │   ├── t_func_twocall.v
│       │   │   ├── t_func_types.py
│       │   │   ├── t_func_types.v
│       │   │   ├── t_func_under.py
│       │   │   ├── t_func_under.v
│       │   │   ├── t_func_under2.py
│       │   │   ├── t_func_under2.v
│       │   │   ├── t_func_uninit.py
│       │   │   ├── t_func_uninit.v
│       │   │   ├── t_func_unit_recursive.py
│       │   │   ├── t_func_unit_recursive.v
│       │   │   ├── t_func_unit.py
│       │   │   ├── t_func_unit.v
│       │   │   ├── t_func_v_noinl.py
│       │   │   ├── t_func_v.py
│       │   │   ├── t_func_v.v
│       │   │   ├── t_func_virt_new_bad.out
│       │   │   ├── t_func_virt_new_bad.py
│       │   │   ├── t_func_virt_new_bad.v
│       │   │   ├── t_func_virt_new.py
│       │   │   ├── t_func_virt_new.v
│       │   │   ├── t_func_void_bad.out
│       │   │   ├── t_func_void_bad.py
│       │   │   ├── t_func_void_bad.v
│       │   │   ├── t_func_void.py
│       │   │   ├── t_func_void.v
│       │   │   ├── t_func_while.py
│       │   │   ├── t_func_while.v
│       │   │   ├── t_func_while2.py
│       │   │   ├── t_func_while2.v
│       │   │   ├── t_func_wide_out_bad.out
│       │   │   ├── t_func_wide_out_bad.py
│       │   │   ├── t_func_wide_out_c.cpp
│       │   │   ├── t_func_wide_out_noinl.py
│       │   │   ├── t_func_wide_out.py
│       │   │   ├── t_func_wide_out.v
│       │   │   ├── t_func_wide.py
│       │   │   ├── t_func_wide.v
│       │   │   ├── t_func.py
│       │   │   ├── t_func.v
│       │   │   ├── t_function_generate.py
│       │   │   ├── t_function_generate.v
│       │   │   ├── t_function_shadow_class.py
│       │   │   ├── t_function_shadow_class.v
│       │   │   ├── t_fuzz_always_bad.out
│       │   │   ├── t_fuzz_always_bad.py
│       │   │   ├── t_fuzz_always_bad.v
│       │   │   ├── t_fuzz_eof_bad.out
│       │   │   ├── t_fuzz_eof_bad.py
│       │   │   ├── t_fuzz_eof_bad.v
│       │   │   ├── t_fuzz_eqne_bad.out
│       │   │   ├── t_fuzz_eqne_bad.py
│       │   │   ├── t_fuzz_eqne_bad.v
│       │   │   ├── t_fuzz_genintf_bad.out
│       │   │   ├── t_fuzz_genintf_bad.py
│       │   │   ├── t_fuzz_genintf_bad.v
│       │   │   ├── t_fuzz_negwidth_bad.out
│       │   │   ├── t_fuzz_negwidth_bad.py
│       │   │   ├── t_fuzz_negwidth_bad.v
│       │   │   ├── t_fuzz_nor_bad.out
│       │   │   ├── t_fuzz_nor_bad.py
│       │   │   ├── t_fuzz_nor_bad.v
│       │   │   ├── t_fuzz_triand_bad.out
│       │   │   ├── t_fuzz_triand_bad.py
│       │   │   ├── t_fuzz_triand_bad.v
│       │   │   ├── t_gantt_c.cpp
│       │   │   ├── t_gantt_hier.py
│       │   │   ├── t_gantt_io_arm.dat
│       │   │   ├── t_gantt_io_arm.out
│       │   │   ├── t_gantt_io_arm.py
│       │   │   ├── t_gantt_io_noproc.dat
│       │   │   ├── t_gantt_io_noproc.out
│       │   │   ├── t_gantt_io_noproc.py
│       │   │   ├── t_gantt_io.dat
│       │   │   ├── t_gantt_io.out
│       │   │   ├── t_gantt_io.py
│       │   │   ├── t_gantt_io.vcd.out
│       │   │   ├── t_gantt_numa_default_threads.cpp
│       │   │   ├── t_gantt_numa_default_threads.py
│       │   │   ├── t_gantt_numa.py
│       │   │   ├── t_gantt_two.cpp
│       │   │   ├── t_gantt_two.py
│       │   │   ├── t_gantt.py
│       │   │   ├── t_gantt.v
│       │   │   ├── t_gate_array_multidim_bad.out
│       │   │   ├── t_gate_array_multidim_bad.py
│       │   │   ├── t_gate_array_multidim_bad.v
│       │   │   ├── t_gate_array.py
│       │   │   ├── t_gate_array.v
│       │   │   ├── t_gate_basic_specify_bad.out
│       │   │   ├── t_gate_basic_specify_bad.py
│       │   │   ├── t_gate_basic_timing.py
│       │   │   ├── t_gate_basic.py
│       │   │   ├── t_gate_basic.v
│       │   │   ├── t_gate_chained.py
│       │   │   ├── t_gate_delay_unsup.out
│       │   │   ├── t_gate_delay_unsup.py
│       │   │   ├── t_gate_delref.py
│       │   │   ├── t_gate_delref.v
│       │   │   ├── t_gate_elim_cycle.py
│       │   │   ├── t_gate_elim_cycle.v
│       │   │   ├── t_gate_elim.py
│       │   │   ├── t_gate_elim.v
│       │   │   ├── t_gate_fdup.py
│       │   │   ├── t_gate_fdup.v
│       │   │   ├── t_gate_implicit.py
│       │   │   ├── t_gate_implicit.v
│       │   │   ├── t_gate_inline_wide_exclude_multiple.py
│       │   │   ├── t_gate_inline_wide_exclude_multiple.v
│       │   │   ├── t_gate_inline_wide_noexclude_arraysel.py
│       │   │   ├── t_gate_inline_wide_noexclude_arraysel.v
│       │   │   ├── t_gate_inline_wide_noexclude_const.py
│       │   │   ├── t_gate_inline_wide_noexclude_const.v
│       │   │   ├── t_gate_inline_wide_noexclude_sel.py
│       │   │   ├── t_gate_inline_wide_noexclude_sel.v
│       │   │   ├── t_gate_inline_wide_noexclude_varref.py
│       │   │   ├── t_gate_inline_wide_noexclude_varref.v
│       │   │   ├── t_gate_loop.py
│       │   │   ├── t_gate_loop.v
│       │   │   ├── t_gate_lvalue_const.py
│       │   │   ├── t_gate_lvalue_const.v
│       │   │   ├── t_gate_opt.py
│       │   │   ├── t_gate_opt.v
│       │   │   ├── t_gate_ormux.py
│       │   │   ├── t_gate_ormux.v
│       │   │   ├── t_gate_primitives_implicit_net.out
│       │   │   ├── t_gate_primitives_implicit_net.py
│       │   │   ├── t_gate_primitives_implicit_net.v
│       │   │   ├── t_gate_strength.py
│       │   │   ├── t_gate_strength.v
│       │   │   ├── t_gate_tree.py
│       │   │   ├── t_gate_unsup.py
│       │   │   ├── t_gate_unsup.v
│       │   │   ├── t_gate_width_bad.out
│       │   │   ├── t_gate_width_bad.py
│       │   │   ├── t_gate_width_bad.v
│       │   │   ├── t_gen_alw.py
│       │   │   ├── t_gen_alw.v
│       │   │   ├── t_gen_assign.py
│       │   │   ├── t_gen_assign.v
│       │   │   ├── t_gen_class.py
│       │   │   ├── t_gen_class.v
│       │   │   ├── t_gen_cond_bitrange_bad.out
│       │   │   ├── t_gen_cond_bitrange_bad.py
│       │   │   ├── t_gen_cond_bitrange_bad.v
│       │   │   ├── t_gen_cond_bitrange.py
│       │   │   ├── t_gen_cond_bitrange.v
│       │   │   ├── t_gen_cond_const.py
│       │   │   ├── t_gen_cond_const.v
│       │   │   ├── t_gen_defparam_bad.out
│       │   │   ├── t_gen_defparam_bad.py
│       │   │   ├── t_gen_defparam_bad.v
│       │   │   ├── t_gen_defparam_multi.out
│       │   │   ├── t_gen_defparam_multi.py
│       │   │   ├── t_gen_defparam_multi.v
│       │   │   ├── t_gen_defparam_nfound_bad.out
│       │   │   ├── t_gen_defparam_nfound_bad.py
│       │   │   ├── t_gen_defparam_nfound_bad.v
│       │   │   ├── t_gen_defparam.py
│       │   │   ├── t_gen_defparam.v
│       │   │   ├── t_gen_div0.py
│       │   │   ├── t_gen_div0.v
│       │   │   ├── t_gen_duplicated_blocks_bad.out
│       │   │   ├── t_gen_duplicated_blocks_bad.py
│       │   │   ├── t_gen_duplicated_blocks_bad.v
│       │   │   ├── t_gen_for_interface.py
│       │   │   ├── t_gen_for_interface.v
│       │   │   ├── t_gen_for_overlap.py
│       │   │   ├── t_gen_for_overlap.v
│       │   │   ├── t_gen_for_shuffle.py
│       │   │   ├── t_gen_for_shuffle.v
│       │   │   ├── t_gen_for.py
│       │   │   ├── t_gen_for.v
│       │   │   ├── t_gen_for0.py
│       │   │   ├── t_gen_for0.v
│       │   │   ├── t_gen_for1.py
│       │   │   ├── t_gen_for1.v
│       │   │   ├── t_gen_forif.py
│       │   │   ├── t_gen_forif.v
│       │   │   ├── t_gen_genblk_noinl.py
│       │   │   ├── t_gen_genblk.out
│       │   │   ├── t_gen_genblk.py
│       │   │   ├── t_gen_genblk.v
│       │   │   ├── t_gen_if.py
│       │   │   ├── t_gen_if.v
│       │   │   ├── t_gen_ifelse.py
│       │   │   ├── t_gen_ifelse.v
│       │   │   ├── t_gen_inc.py
│       │   │   ├── t_gen_inc.v
│       │   │   ├── t_gen_index.py
│       │   │   ├── t_gen_index.v
│       │   │   ├── t_gen_intdot.py
│       │   │   ├── t_gen_intdot.v
│       │   │   ├── t_gen_intdot2.py
│       │   │   ├── t_gen_intdot2.v
│       │   │   ├── t_gen_local.py
│       │   │   ├── t_gen_local.v
│       │   │   ├── t_gen_lsb.py
│       │   │   ├── t_gen_lsb.v
│       │   │   ├── t_gen_mislevel.py
│       │   │   ├── t_gen_mislevel.v
│       │   │   ├── t_gen_missing_bad.out
│       │   │   ├── t_gen_missing_bad.py
│       │   │   ├── t_gen_missing_bad2.out
│       │   │   ├── t_gen_missing_bad2.py
│       │   │   ├── t_gen_missing_bad2.v
│       │   │   ├── t_gen_missing.py
│       │   │   ├── t_gen_missing.v
│       │   │   ├── t_gen_nonconst_bad.out
│       │   │   ├── t_gen_nonconst_bad.py
│       │   │   ├── t_gen_nonconst_bad.v
│       │   │   ├── t_gen_self_return.py
│       │   │   ├── t_gen_self_return.v
│       │   │   ├── t_gen_upscope.out
│       │   │   ├── t_gen_upscope.py
│       │   │   ├── t_gen_upscope.v
│       │   │   ├── t_gen_var_bad.out
│       │   │   ├── t_gen_var_bad.py
│       │   │   ├── t_gen_var_bad.v
│       │   │   ├── t_generate_fatal_bad.out
│       │   │   ├── t_generate_fatal_bad.py
│       │   │   ├── t_generate_fatal_bad.v
│       │   │   ├── t_genfor_hier.py
│       │   │   ├── t_genfor_hier.v
│       │   │   ├── t_genfor_init_o0.py
│       │   │   ├── t_genfor_init_o0.v
│       │   │   ├── t_genfor_signed.out
│       │   │   ├── t_genfor_signed.py
│       │   │   ├── t_genfor_signed.v
│       │   │   ├── t_genvar_for_bad.out
│       │   │   ├── t_genvar_for_bad.py
│       │   │   ├── t_genvar_for_bad.v
│       │   │   ├── t_genvar_misuse_bad.out
│       │   │   ├── t_genvar_misuse_bad.py
│       │   │   ├── t_genvar_misuse_bad.v
│       │   │   ├── t_hier_block_binary.py
│       │   │   ├── t_hier_block_chained.py
│       │   │   ├── t_hier_block_chained.v
│       │   │   ├── t_hier_block_chained.vlt
│       │   │   ├── t_hier_block_cmake.py
│       │   │   ├── t_hier_block_import_cmake.py
│       │   │   ├── t_hier_block_import.py
│       │   │   ├── t_hier_block_import.v
│       │   │   ├── t_hier_block_int.py
│       │   │   ├── t_hier_block_int.v
│       │   │   ├── t_hier_block_libmod.py
│       │   │   ├── t_hier_block_libmod.v
│       │   │   ├── t_hier_block_nohier.py
│       │   │   ├── t_hier_block_perf.py
│       │   │   ├── t_hier_block_perf.v
│       │   │   ├── t_hier_block_perf.vlt
│       │   │   ├── t_hier_block_prot_lib_shared.py
│       │   │   ├── t_hier_block_prot_lib.py
│       │   │   ├── t_hier_block_sc.py
│       │   │   ├── t_hier_block_signed_logic.py
│       │   │   ├── t_hier_block_signed_logic.v
│       │   │   ├── t_hier_block_struct_nohier.py
│       │   │   ├── t_hier_block_struct.py
│       │   │   ├── t_hier_block_struct.v
│       │   │   ├── t_hier_block_threads_bad.out
│       │   │   ├── t_hier_block_threads_bad.py
│       │   │   ├── t_hier_block_threads_bad.v
│       │   │   ├── t_hier_block_threads_bad.vlt
│       │   │   ├── t_hier_block_type_param_multiple_instances.py
│       │   │   ├── t_hier_block_type_param_multiple_instances.v
│       │   │   ├── t_hier_block_type_param_multiple.py
│       │   │   ├── t_hier_block_type_param_multiple.v
│       │   │   ├── t_hier_block_type_param_nested.py
│       │   │   ├── t_hier_block_type_param_nested.v
│       │   │   ├── t_hier_block_type_param_notfound_bad.out
│       │   │   ├── t_hier_block_type_param_notfound_bad.py
│       │   │   ├── t_hier_block_type_param_typedef.v
│       │   │   ├── t_hier_block_type_param.py
│       │   │   ├── t_hier_block_type_param.v
│       │   │   ├── t_hier_block_typedef_param.py
│       │   │   ├── t_hier_block_vlt.py
│       │   │   ├── t_hier_block_vlt.vlt
│       │   │   ├── t_hier_block.cpp
│       │   │   ├── t_hier_block.py
│       │   │   ├── t_hier_block.v
│       │   │   ├── t_hier_block0_bad.out
│       │   │   ├── t_hier_block0_bad.py
│       │   │   ├── t_hier_block0_bad.v
│       │   │   ├── t_hier_block1_bad.out
│       │   │   ├── t_hier_block1_bad.py
│       │   │   ├── t_hier_block1_bad.v
│       │   │   ├── t_hier_bynum.py
│       │   │   ├── t_hier_bynum.v
│       │   │   ├── t_hier_parm_under.py
│       │   │   ├── t_hier_parm_under.v
│       │   │   ├── t_hier_task.py
│       │   │   ├── t_hier_task.v
│       │   │   ├── t_hierarchy_identifier_bad.out
│       │   │   ├── t_hierarchy_identifier_bad.py
│       │   │   ├── t_hierarchy_identifier_bad.v
│       │   │   ├── t_hierarchy_identifier.py
│       │   │   ├── t_hierarchy_identifier.v
│       │   │   ├── t_hierarchy_unnamed.py
│       │   │   ├── t_hierarchy_unnamed.v
│       │   │   ├── t_if_deep.py
│       │   │   ├── t_if_deep.v
│       │   │   ├── t_if_same_bad.py
│       │   │   ├── t_if_same_bad.v
│       │   │   ├── t_if_swap.py
│       │   │   ├── t_if_swap.v
│       │   │   ├── t_iface_array_multidim_3d_port.py
│       │   │   ├── t_iface_array_multidim_3d_port.v
│       │   │   ├── t_iface_array_multidim_3d.py
│       │   │   ├── t_iface_array_multidim_3d.v
│       │   │   ├── t_iface_array_multidim_hier.py
│       │   │   ├── t_iface_array_multidim_hier.v
│       │   │   ├── t_iface_array_multidim_modport.py
│       │   │   ├── t_iface_array_multidim_modport.v
│       │   │   ├── t_iface_array_multidim_multi_inst.py
│       │   │   ├── t_iface_array_multidim_multi_inst.v
│       │   │   ├── t_iface_array_multidim_nested_port.py
│       │   │   ├── t_iface_array_multidim_nested_port.v
│       │   │   ├── t_iface_array_multidim_nested.py
│       │   │   ├── t_iface_array_multidim_nested.v
│       │   │   ├── t_iface_array_multidim_port_write.py
│       │   │   ├── t_iface_array_multidim_port_write.v
│       │   │   ├── t_iface_array_multidim_port.py
│       │   │   ├── t_iface_array_multidim_port.v
│       │   │   ├── t_iface_array_multidim_ranges.py
│       │   │   ├── t_iface_array_multidim_ranges.v
│       │   │   ├── t_iface_array_multidim_xref.py
│       │   │   ├── t_iface_array_multidim_xref.v
│       │   │   ├── t_iface_array_multidim.py
│       │   │   ├── t_iface_array_multidim.v
│       │   │   ├── t_iface_chained_consumer_struct.py
│       │   │   ├── t_iface_chained_consumer_struct.v
│       │   │   ├── t_iface_name_collision.py
│       │   │   ├── t_iface_name_collision.v
│       │   │   ├── t_iface_nested_width2.py
│       │   │   ├── t_iface_nested_width2.v
│       │   │   ├── t_iface_nested_width3.py
│       │   │   ├── t_iface_nested_width3.v
│       │   │   ├── t_iface_param_class_type_noinl.py
│       │   │   ├── t_iface_param_class_type.py
│       │   │   ├── t_iface_param_class_type.v
│       │   │   ├── t_iface_param_class_typedef.py
│       │   │   ├── t_iface_param_class_typedef.v
│       │   │   ├── t_iface_param_type_derived_range.py
│       │   │   ├── t_iface_param_type_derived_range.v
│       │   │   ├── t_iface_self_ref_typedef.py
│       │   │   ├── t_iface_self_ref_typedef.v
│       │   │   ├── t_iface_typedef_scale.py
│       │   │   ├── t_iface_typedef_struct_member.py
│       │   │   ├── t_iface_typedef_struct_member.v
│       │   │   ├── t_iface_typedef_wrong_clone.py
│       │   │   ├── t_iface_typedef_wrong_clone.v
│       │   │   ├── t_iff.py
│       │   │   ├── t_iff.v
│       │   │   ├── t_implements_collision_bad.out
│       │   │   ├── t_implements_collision_bad.py
│       │   │   ├── t_implements_collision_bad.v
│       │   │   ├── t_implements_collision.py
│       │   │   ├── t_implements_collision.v
│       │   │   ├── t_implements_contents_bad.out
│       │   │   ├── t_implements_contents_bad.py
│       │   │   ├── t_implements_contents_bad.v
│       │   │   ├── t_implements_missing_bad.out
│       │   │   ├── t_implements_missing_bad.py
│       │   │   ├── t_implements_missing_bad.v
│       │   │   ├── t_implements_nested_bad.out
│       │   │   ├── t_implements_nested_bad.py
│       │   │   ├── t_implements_nested_bad.v
│       │   │   ├── t_implements_nested.py
│       │   │   ├── t_implements_nested.v
│       │   │   ├── t_implements_new_bad.out
│       │   │   ├── t_implements_new_bad.py
│       │   │   ├── t_implements_new_bad.v
│       │   │   ├── t_implements_noinherit_bad.out
│       │   │   ├── t_implements_noinherit_bad.py
│       │   │   ├── t_implements_noinherit_bad.v
│       │   │   ├── t_implements_noninterface_bad.out
│       │   │   ├── t_implements_noninterface_bad.py
│       │   │   ├── t_implements_noninterface_bad.v
│       │   │   ├── t_implements_not_nested.py
│       │   │   ├── t_implements_not_nested.v
│       │   │   ├── t_implements_notfound_bad.out
│       │   │   ├── t_implements_notfound_bad.py
│       │   │   ├── t_implements_notfound_bad.v
│       │   │   ├── t_implements_typed.py
│       │   │   ├── t_implements_typed.v
│       │   │   ├── t_implements.py
│       │   │   ├── t_implements.v
│       │   │   ├── t_impure_cond_empty_if.py
│       │   │   ├── t_impure_cond_empty_if.v
│       │   │   ├── t_inc_relink.py
│       │   │   ├── t_inc_relink.v
│       │   │   ├── t_incorrect_multi_driven.py
│       │   │   ├── t_incorrect_multi_driven.v
│       │   │   ├── t_incr_void.py
│       │   │   ├── t_incr_void.v
│       │   │   ├── t_increment_bad.out
│       │   │   ├── t_increment_bad.py
│       │   │   ├── t_increment_bad.v
│       │   │   ├── t_infinite_recursion.py
│       │   │   ├── t_infinite_recursion.v
│       │   │   ├── t_init_array_bad.out
│       │   │   ├── t_init_array_bad.py
│       │   │   ├── t_init_array_bad.v
│       │   │   ├── t_init_concat.py
│       │   │   ├── t_init_concat.v
│       │   │   ├── t_initarray_nonarray.py
│       │   │   ├── t_initarray_nonarray.v
│       │   │   ├── t_initial_assign_sformatf_debug.py
│       │   │   ├── t_initial_assign_sformatf.py
│       │   │   ├── t_initial_assign_sformatf.v
│       │   │   ├── t_initial_delay_assign.py
│       │   │   ├── t_initial_delay_assign.v
│       │   │   ├── t_initial_dlyass.py
│       │   │   ├── t_initial_dlyass.v
│       │   │   ├── t_initial_dlyass2.py
│       │   │   ├── t_initial_dlyass2.v
│       │   │   ├── t_initial_edge_bad.py
│       │   │   ├── t_initial_edge.py
│       │   │   ├── t_initial_edge.v
│       │   │   ├── t_initial_inc.vh
│       │   │   ├── t_initial.py
│       │   │   ├── t_initial.v
│       │   │   ├── t_initialstatic_circ.py
│       │   │   ├── t_initialstatic_circ.v
│       │   │   ├── t_inline_varxref_inlineddots.py
│       │   │   ├── t_inline_varxref_inlineddots.v
│       │   │   ├── t_inside_assoc_unsup.out
│       │   │   ├── t_inside_assoc_unsup.py
│       │   │   ├── t_inside_assoc_unsup.v
│       │   │   ├── t_inside_dyn.py
│       │   │   ├── t_inside_dyn.v
│       │   │   ├── t_inside_extend.py
│       │   │   ├── t_inside_extend.v
│       │   │   ├── t_inside_impure_unsized.py
│       │   │   ├── t_inside_impure_unsized.v
│       │   │   ├── t_inside_nonint.py
│       │   │   ├── t_inside_nonint.v
│       │   │   ├── t_inside_queue_elem.py
│       │   │   ├── t_inside_queue_elem.v
│       │   │   ├── t_inside_tolerance_unsup.out
│       │   │   ├── t_inside_tolerance_unsup.py
│       │   │   ├── t_inside_tolerance_unsup.v
│       │   │   ├── t_inside_unbounded_both_bad.out
│       │   │   ├── t_inside_unbounded_both_bad.py
│       │   │   ├── t_inside_unbounded_both.py
│       │   │   ├── t_inside_unbounded_both.v
│       │   │   ├── t_inside_unbounded.py
│       │   │   ├── t_inside_unbounded.v
│       │   │   ├── t_inside_unpacked_param.out
│       │   │   ├── t_inside_unpacked_param.py
│       │   │   ├── t_inside_unpacked_param.v
│       │   │   ├── t_inside_unpacked.py
│       │   │   ├── t_inside_unpacked.v
│       │   │   ├── t_inside_wild.py
│       │   │   ├── t_inside_wild.v
│       │   │   ├── t_inside.py
│       │   │   ├── t_inside.v
│       │   │   ├── t_inside2.py
│       │   │   ├── t_inside2.v
│       │   │   ├── t_inside3.py
│       │   │   ├── t_inside3.v
│       │   │   ├── t_inst_2star_bad.out
│       │   │   ├── t_inst_2star_bad.py
│       │   │   ├── t_inst_2star_bad.v
│       │   │   ├── t_inst_array_bad.out
│       │   │   ├── t_inst_array_bad.py
│       │   │   ├── t_inst_array_bad.v
│       │   │   ├── t_inst_array_connect.py
│       │   │   ├── t_inst_array_connect.v
│       │   │   ├── t_inst_array_inl0.py
│       │   │   ├── t_inst_array_inl1.py
│       │   │   ├── t_inst_array_partial.py
│       │   │   ├── t_inst_array_partial.v
│       │   │   ├── t_inst_array_slice.py
│       │   │   ├── t_inst_array_slice.v
│       │   │   ├── t_inst_array_struct.py
│       │   │   ├── t_inst_array_struct.v
│       │   │   ├── t_inst_array.v
│       │   │   ├── t_inst_ccall.py
│       │   │   ├── t_inst_ccall.v
│       │   │   ├── t_inst_comma_inl0.py
│       │   │   ├── t_inst_comma_inl1.py
│       │   │   ├── t_inst_comma.v
│       │   │   ├── t_inst_darray.py
│       │   │   ├── t_inst_darray.v
│       │   │   ├── t_inst_dearray_slice.py
│       │   │   ├── t_inst_dearray_slice.v
│       │   │   ├── t_inst_dff.py
│       │   │   ├── t_inst_dff.v
│       │   │   ├── t_inst_dtree_inla.py
│       │   │   ├── t_inst_dtree_inlab.py
│       │   │   ├── t_inst_dtree_inlac.py
│       │   │   ├── t_inst_dtree_inlad.py
│       │   │   ├── t_inst_dtree_inlb.py
│       │   │   ├── t_inst_dtree_inlbc.py
│       │   │   ├── t_inst_dtree_inlbd.py
│       │   │   ├── t_inst_dtree_inlc.py
│       │   │   ├── t_inst_dtree_inlcd.py
│       │   │   ├── t_inst_dtree_inld.py
│       │   │   ├── t_inst_dtree.v
│       │   │   ├── t_inst_first_a.v
│       │   │   ├── t_inst_first_b.v
│       │   │   ├── t_inst_first.py
│       │   │   ├── t_inst_first.v
│       │   │   ├── t_inst_implicit.py
│       │   │   ├── t_inst_implicit.v
│       │   │   ├── t_inst_long_bad.out
│       │   │   ├── t_inst_long_bad.py
│       │   │   ├── t_inst_long_bad.v
│       │   │   ├── t_inst_long.py
│       │   │   ├── t_inst_misarray_bad.out
│       │   │   ├── t_inst_misarray_bad.py
│       │   │   ├── t_inst_misarray_bad.v
│       │   │   ├── t_inst_misarray2_bad.out
│       │   │   ├── t_inst_misarray2_bad.py
│       │   │   ├── t_inst_misarray2_bad.v
│       │   │   ├── t_inst_mism.py
│       │   │   ├── t_inst_mism.v
│       │   │   ├── t_inst_missing_bad.out
│       │   │   ├── t_inst_missing_bad.py
│       │   │   ├── t_inst_missing_bad.v
│       │   │   ├── t_inst_missing_dot_bad.out
│       │   │   ├── t_inst_missing_dot_bad.py
│       │   │   ├── t_inst_missing_dot_bad.v
│       │   │   ├── t_inst_missing.py
│       │   │   ├── t_inst_missing.v
│       │   │   ├── t_inst_mnpipe.py
│       │   │   ├── t_inst_mnpipe.v
│       │   │   ├── t_inst_name_long.py
│       │   │   ├── t_inst_name_long.v
│       │   │   ├── t_inst_nansi_dup_bad.out
│       │   │   ├── t_inst_nansi_dup_bad.py
│       │   │   ├── t_inst_nansi_dup_bad.v
│       │   │   ├── t_inst_nansi_mism_bad.out
│       │   │   ├── t_inst_nansi_mism_bad.py
│       │   │   ├── t_inst_nansi_mism_bad.v
│       │   │   ├── t_inst_nansi_param.py
│       │   │   ├── t_inst_nansi_param.v
│       │   │   ├── t_inst_nansi.py
│       │   │   ├── t_inst_nansi.v
│       │   │   ├── t_inst_noname_bad.out
│       │   │   ├── t_inst_noname_bad.py
│       │   │   ├── t_inst_noname_bad.v
│       │   │   ├── t_inst_notunsized.py
│       │   │   ├── t_inst_notunsized.v
│       │   │   ├── t_inst_overwide_bad.out
│       │   │   ├── t_inst_overwide_bad.py
│       │   │   ├── t_inst_overwide.py
│       │   │   ├── t_inst_overwide.v
│       │   │   ├── t_inst_param_comma_bad.out
│       │   │   ├── t_inst_param_comma_bad.py
│       │   │   ├── t_inst_param_comma_bad.v
│       │   │   ├── t_inst_param_override_bad.out
│       │   │   ├── t_inst_param_override_bad.py
│       │   │   ├── t_inst_param_override_bad.v
│       │   │   ├── t_inst_paren_bad.out
│       │   │   ├── t_inst_paren_bad.py
│       │   │   ├── t_inst_paren_bad.v
│       │   │   ├── t_inst_pin_place_bad.out
│       │   │   ├── t_inst_pin_place_bad.py
│       │   │   ├── t_inst_pin_place_bad.v
│       │   │   ├── t_inst_pin_realnreal.out
│       │   │   ├── t_inst_pin_realnreal.py
│       │   │   ├── t_inst_pin_realnreal.v
│       │   │   ├── t_inst_port_array.py
│       │   │   ├── t_inst_port_array.v
│       │   │   ├── t_inst_port_complex_unsup.out
│       │   │   ├── t_inst_port_complex_unsup.py
│       │   │   ├── t_inst_port_complex_unsup.v
│       │   │   ├── t_inst_port_reverse.py
│       │   │   ├── t_inst_port_reverse.v
│       │   │   ├── t_inst_prepost.py
│       │   │   ├── t_inst_prepost.v
│       │   │   ├── t_inst_public.py
│       │   │   ├── t_inst_public.v
│       │   │   ├── t_inst_recurse_bad.out
│       │   │   ├── t_inst_recurse_bad.py
│       │   │   ├── t_inst_recurse_bad.v
│       │   │   ├── t_inst_recurse2_bad.out
│       │   │   ├── t_inst_recurse2_bad.py
│       │   │   ├── t_inst_recurse2_bad.v
│       │   │   ├── t_inst_signed.py
│       │   │   ├── t_inst_signed.v
│       │   │   ├── t_inst_signed1.py
│       │   │   ├── t_inst_signed1.v
│       │   │   ├── t_inst_slice_noinl.py
│       │   │   ├── t_inst_slice_part_select.py
│       │   │   ├── t_inst_slice_part_select.v
│       │   │   ├── t_inst_slice.py
│       │   │   ├── t_inst_slice.v
│       │   │   ├── t_inst_sv.py
│       │   │   ├── t_inst_sv.v
│       │   │   ├── t_inst_tree_inl0_pub0.py
│       │   │   ├── t_inst_tree_inl0_pub0.vlt
│       │   │   ├── t_inst_tree_inl0_pub1.py
│       │   │   ├── t_inst_tree_inl0_pub1.vlt
│       │   │   ├── t_inst_tree_inl1_pub0.py
│       │   │   ├── t_inst_tree_inl1_pub0.vlt
│       │   │   ├── t_inst_tree_inl1_pub1.py
│       │   │   ├── t_inst_tree_inl1_pub1.vlt
│       │   │   ├── t_inst_tree.v
│       │   │   ├── t_inst_v2k__sub.vi
│       │   │   ├── t_inst_v2k.py
│       │   │   ├── t_inst_v2k.v
│       │   │   ├── t_inst_wideconst.py
│       │   │   ├── t_inst_wideconst.v
│       │   │   ├── t_interconnect_bad.out
│       │   │   ├── t_interconnect_bad.py
│       │   │   ├── t_interconnect_bad.v
│       │   │   ├── t_interconnect.out
│       │   │   ├── t_interconnect.py
│       │   │   ├── t_interconnect.v
│       │   │   ├── t_interface_and_struct_pattern.py
│       │   │   ├── t_interface_and_struct_pattern.v
│       │   │   ├── t_interface_ar2a.py
│       │   │   ├── t_interface_ar2a.v
│       │   │   ├── t_interface_ar2b.py
│       │   │   ├── t_interface_ar2b.v
│       │   │   ├── t_interface_ar3.out
│       │   │   ├── t_interface_ar3.py
│       │   │   ├── t_interface_ar3.v
│       │   │   ├── t_interface_array_bad.out
│       │   │   ├── t_interface_array_bad.py
│       │   │   ├── t_interface_array_bad.v
│       │   │   ├── t_interface_array_class_new.py
│       │   │   ├── t_interface_array_class_new.v
│       │   │   ├── t_interface_array_loop_bad.out
│       │   │   ├── t_interface_array_loop_bad.py
│       │   │   ├── t_interface_array_loop_bad.v
│       │   │   ├── t_interface_array_loop_noinl.py
│       │   │   ├── t_interface_array_loop.py
│       │   │   ├── t_interface_array_loop.v
│       │   │   ├── t_interface_array_modport.py
│       │   │   ├── t_interface_array_modport.v
│       │   │   ├── t_interface_array_nocolon_bad.out
│       │   │   ├── t_interface_array_nocolon_bad.py
│       │   │   ├── t_interface_array_nocolon_bad.v
│       │   │   ├── t_interface_array_nocolon.py
│       │   │   ├── t_interface_array_nocolon.v
│       │   │   ├── t_interface_array_noinl.py
│       │   │   ├── t_interface_array_parameter_access.py
│       │   │   ├── t_interface_array_parameter_access.v
│       │   │   ├── t_interface_array_parameter_aggregate.py
│       │   │   ├── t_interface_array_parameter_aggregate.v
│       │   │   ├── t_interface_array.py
│       │   │   ├── t_interface_array.v
│       │   │   ├── t_interface_array2_coverage.py
│       │   │   ├── t_interface_array2_noinl.py
│       │   │   ├── t_interface_array2.py
│       │   │   ├── t_interface_array2.v
│       │   │   ├── t_interface_array3.py
│       │   │   ├── t_interface_array3.v
│       │   │   ├── t_interface_array4.py
│       │   │   ├── t_interface_array4.v
│       │   │   ├── t_interface_arraymux.py
│       │   │   ├── t_interface_arraymux.v
│       │   │   ├── t_interface_asvar_bad.out
│       │   │   ├── t_interface_asvar_bad.py
│       │   │   ├── t_interface_asvar_bad.v
│       │   │   ├── t_interface_bind_public.py
│       │   │   ├── t_interface_bind_public.v
│       │   │   ├── t_interface_colon_bad.out
│       │   │   ├── t_interface_colon_bad.py
│       │   │   ├── t_interface_colon_bad.v
│       │   │   ├── t_interface_dearray_bad.out
│       │   │   ├── t_interface_dearray_bad.py
│       │   │   ├── t_interface_dearray_bad.v
│       │   │   ├── t_interface_dearray.py
│       │   │   ├── t_interface_dearray.v
│       │   │   ├── t_interface_derived_type.py
│       │   │   ├── t_interface_derived_type.v
│       │   │   ├── t_interface_down_inla.py
│       │   │   ├── t_interface_down_inlab.py
│       │   │   ├── t_interface_down_inlac.py
│       │   │   ├── t_interface_down_inlad.py
│       │   │   ├── t_interface_down_inlb.py
│       │   │   ├── t_interface_down_inlbc.py
│       │   │   ├── t_interface_down_inlbd.py
│       │   │   ├── t_interface_down_inlc.py
│       │   │   ├── t_interface_down_inlcd.py
│       │   │   ├── t_interface_down_inld.py
│       │   │   ├── t_interface_down_noinl.py
│       │   │   ├── t_interface_down.py
│       │   │   ├── t_interface_down.v
│       │   │   ├── t_interface_dups.py
│       │   │   ├── t_interface_dups.v
│       │   │   ├── t_interface_find_ifc.v
│       │   │   ├── t_interface_find.py
│       │   │   ├── t_interface_find.v
│       │   │   ├── t_interface_func_impure_bad.out
│       │   │   ├── t_interface_func_impure_bad.py
│       │   │   ├── t_interface_func_impure_bad.v
│       │   │   ├── t_interface_func_no_paren.py
│       │   │   ├── t_interface_func_no_paren.v
│       │   │   ├── t_interface_gen_noinl.py
│       │   │   ├── t_interface_gen.py
│       │   │   ├── t_interface_gen.v
│       │   │   ├── t_interface_gen10_noinl.py
│       │   │   ├── t_interface_gen10.py
│       │   │   ├── t_interface_gen10.v
│       │   │   ├── t_interface_gen11_noinl.py
│       │   │   ├── t_interface_gen11.py
│       │   │   ├── t_interface_gen11.v
│       │   │   ├── t_interface_gen12_noinl.py
│       │   │   ├── t_interface_gen12.py
│       │   │   ├── t_interface_gen12.v
│       │   │   ├── t_interface_gen13.py
│       │   │   ├── t_interface_gen13.v
│       │   │   ├── t_interface_gen14.py
│       │   │   ├── t_interface_gen14.v
│       │   │   ├── t_interface_gen2_collision.py
│       │   │   ├── t_interface_gen2_noinl.py
│       │   │   ├── t_interface_gen2.py
│       │   │   ├── t_interface_gen2.v
│       │   │   ├── t_interface_gen3_collision.py
│       │   │   ├── t_interface_gen3_noinl.py
│       │   │   ├── t_interface_gen3.py
│       │   │   ├── t_interface_gen3.v
│       │   │   ├── t_interface_gen4_noinl.py
│       │   │   ├── t_interface_gen4.py
│       │   │   ├── t_interface_gen4.v
│       │   │   ├── t_interface_gen5_noinl.py
│       │   │   ├── t_interface_gen5.py
│       │   │   ├── t_interface_gen5.v
│       │   │   ├── t_interface_gen6_noinl.py
│       │   │   ├── t_interface_gen6.py
│       │   │   ├── t_interface_gen6.v
│       │   │   ├── t_interface_gen7_noinl.py
│       │   │   ├── t_interface_gen7.py
│       │   │   ├── t_interface_gen7.v
│       │   │   ├── t_interface_gen8_noinl.py
│       │   │   ├── t_interface_gen8.py
│       │   │   ├── t_interface_gen8.v
│       │   │   ├── t_interface_gen9_noinl.py
│       │   │   ├── t_interface_gen9.py
│       │   │   ├── t_interface_gen9.v
│       │   │   ├── t_interface_generic_array.py
│       │   │   ├── t_interface_generic_array.v
│       │   │   ├── t_interface_generic_array2.py
│       │   │   ├── t_interface_generic_array2.v
│       │   │   ├── t_interface_generic_bad.out
│       │   │   ├── t_interface_generic_bad.py
│       │   │   ├── t_interface_generic_bad.v
│       │   │   ├── t_interface_generic_bad2.out
│       │   │   ├── t_interface_generic_bad2.py
│       │   │   ├── t_interface_generic_bad2.v
│       │   │   ├── t_interface_generic_bad3.out
│       │   │   ├── t_interface_generic_bad3.py
│       │   │   ├── t_interface_generic_bad3.v
│       │   │   ├── t_interface_generic_bad4.out
│       │   │   ├── t_interface_generic_bad4.py
│       │   │   ├── t_interface_generic_bad4.v
│       │   │   ├── t_interface_generic_function_bad.out
│       │   │   ├── t_interface_generic_function_bad.py
│       │   │   ├── t_interface_generic_function_bad.v
│       │   │   ├── t_interface_generic_function.py
│       │   │   ├── t_interface_generic_function.v
│       │   │   ├── t_interface_generic_iface_forward.py
│       │   │   ├── t_interface_generic_iface_forward.v
│       │   │   ├── t_interface_generic_iface_param.py
│       │   │   ├── t_interface_generic_iface_param.v
│       │   │   ├── t_interface_generic_mod_param.py
│       │   │   ├── t_interface_generic_mod_param.v
│       │   │   ├── t_interface_generic_modport_bad.out
│       │   │   ├── t_interface_generic_modport_bad.py
│       │   │   ├── t_interface_generic_modport_bad.v
│       │   │   ├── t_interface_generic_modport_bad2.out
│       │   │   ├── t_interface_generic_modport_bad2.py
│       │   │   ├── t_interface_generic_modport_bad2.v
│       │   │   ├── t_interface_generic_modport_bad3.out
│       │   │   ├── t_interface_generic_modport_bad3.py
│       │   │   ├── t_interface_generic_modport_bad3.v
│       │   │   ├── t_interface_generic_modport_function_bad.out
│       │   │   ├── t_interface_generic_modport_function_bad.py
│       │   │   ├── t_interface_generic_modport_function_bad.v
│       │   │   ├── t_interface_generic_modport_function.py
│       │   │   ├── t_interface_generic_modport_function.v
│       │   │   ├── t_interface_generic_modport_function2.py
│       │   │   ├── t_interface_generic_modport_function2.v
│       │   │   ├── t_interface_generic_modport_param.py
│       │   │   ├── t_interface_generic_modport_param.v
│       │   │   ├── t_interface_generic_modport_task_bad.out
│       │   │   ├── t_interface_generic_modport_task_bad.py
│       │   │   ├── t_interface_generic_modport_task_bad.v
│       │   │   ├── t_interface_generic_modport_task.py
│       │   │   ├── t_interface_generic_modport_task.v
│       │   │   ├── t_interface_generic_modport_task2.py
│       │   │   ├── t_interface_generic_modport_task2.v
│       │   │   ├── t_interface_generic_modport.py
│       │   │   ├── t_interface_generic_modport.v
│       │   │   ├── t_interface_generic_modport2.py
│       │   │   ├── t_interface_generic_modport2.v
│       │   │   ├── t_interface_generic_normal.py
│       │   │   ├── t_interface_generic_normal.v
│       │   │   ├── t_interface_generic_positional.py
│       │   │   ├── t_interface_generic_positional.v
│       │   │   ├── t_interface_generic_submod_param.py
│       │   │   ├── t_interface_generic_submod_param.v
│       │   │   ├── t_interface_generic_task_bad.out
│       │   │   ├── t_interface_generic_task_bad.py
│       │   │   ├── t_interface_generic_task_bad.v
│       │   │   ├── t_interface_generic_task.py
│       │   │   ├── t_interface_generic_task.v
│       │   │   ├── t_interface_generic_task2.py
│       │   │   ├── t_interface_generic_task2.v
│       │   │   ├── t_interface_generic.py
│       │   │   ├── t_interface_generic.v
│       │   │   ├── t_interface_generic2.py
│       │   │   ├── t_interface_generic2.v
│       │   │   ├── t_interface_hidden.py
│       │   │   ├── t_interface_hidden.v
│       │   │   ├── t_interface_hierparam_bits.py
│       │   │   ├── t_interface_hierparam_bits.v
│       │   │   ├── t_interface_import_param.py
│       │   │   ├── t_interface_import_param.v
│       │   │   ├── t_interface_initial.py
│       │   │   ├── t_interface_initial.v
│       │   │   ├── t_interface_inl.py
│       │   │   ├── t_interface_inout_tristate.py
│       │   │   ├── t_interface_inout_tristate.v
│       │   │   ├── t_interface_input_port_assign_bad.out
│       │   │   ├── t_interface_input_port_assign_bad.py
│       │   │   ├── t_interface_input_port_assign_bad.v
│       │   │   ├── t_interface_input_port_assign_noinl.py
│       │   │   ├── t_interface_input_port_assign.py
│       │   │   ├── t_interface_input_port_assign.v
│       │   │   ├── t_interface_localparam.py
│       │   │   ├── t_interface_localparam.v
│       │   │   ├── t_interface_mismodport_bad.out
│       │   │   ├── t_interface_mismodport_bad.py
│       │   │   ├── t_interface_mismodport_bad.v
│       │   │   ├── t_interface_missing_bad.out
│       │   │   ├── t_interface_missing_bad.py
│       │   │   ├── t_interface_missing_bad.v
│       │   │   ├── t_interface_modport_bad.out
│       │   │   ├── t_interface_modport_bad.py
│       │   │   ├── t_interface_modport_bad.v
│       │   │   ├── t_interface_modport_coverage.py
│       │   │   ├── t_interface_modport_dir_bad.out
│       │   │   ├── t_interface_modport_dir_bad.py
│       │   │   ├── t_interface_modport_dir_bad.v
│       │   │   ├── t_interface_modport_export.out
│       │   │   ├── t_interface_modport_export.py
│       │   │   ├── t_interface_modport_export.v
│       │   │   ├── t_interface_modport_expr_array.out
│       │   │   ├── t_interface_modport_expr_array.py
│       │   │   ├── t_interface_modport_expr_array.v
│       │   │   ├── t_interface_modport_expr_bad.out
│       │   │   ├── t_interface_modport_expr_bad.py
│       │   │   ├── t_interface_modport_expr_bad.v
│       │   │   ├── t_interface_modport_expr_hier_noinl.py
│       │   │   ├── t_interface_modport_expr_hier.py
│       │   │   ├── t_interface_modport_expr_hier.v
│       │   │   ├── t_interface_modport_expr_nested_noinl.py
│       │   │   ├── t_interface_modport_expr_nested.py
│       │   │   ├── t_interface_modport_expr_nested.v
│       │   │   ├── t_interface_modport_expr_noinl.py
│       │   │   ├── t_interface_modport_expr_partsel.out
│       │   │   ├── t_interface_modport_expr_partsel.py
│       │   │   ├── t_interface_modport_expr_partsel.v
│       │   │   ├── t_interface_modport_expr.py
│       │   │   ├── t_interface_modport_expr.v
│       │   │   ├── t_interface_modport_hier_noinl.py
│       │   │   ├── t_interface_modport_hier.py
│       │   │   ├── t_interface_modport_hier.v
│       │   │   ├── t_interface_modport_import_export_list.py
│       │   │   ├── t_interface_modport_import_export_list.v
│       │   │   ├── t_interface_modport_import_noinl.py
│       │   │   ├── t_interface_modport_import.py
│       │   │   ├── t_interface_modport_import.v
│       │   │   ├── t_interface_modport_inl.py
│       │   │   ├── t_interface_modport_noinl.py
│       │   │   ├── t_interface_modport_param.py
│       │   │   ├── t_interface_modport_param.v
│       │   │   ├── t_interface_modport.py
│       │   │   ├── t_interface_modport.v
│       │   │   ├── t_interface_modportlist.py
│       │   │   ├── t_interface_modportlist.v
│       │   │   ├── t_interface_mp_func_noinl.py
│       │   │   ├── t_interface_mp_func.py
│       │   │   ├── t_interface_mp_func.v
│       │   │   ├── t_interface_nansi.py
│       │   │   ├── t_interface_nansi.v
│       │   │   ├── t_interface_ndup_member.py
│       │   │   ├── t_interface_ndup_member.v
│       │   │   ├── t_interface_nest_noinl.py
│       │   │   ├── t_interface_nest.py
│       │   │   ├── t_interface_nest.v
│       │   │   ├── t_interface_nested_port_array_noinl.out
│       │   │   ├── t_interface_nested_port_array_noinl.py
│       │   │   ├── t_interface_nested_port_array.out
│       │   │   ├── t_interface_nested_port_array.py
│       │   │   ├── t_interface_nested_port_array.v
│       │   │   ├── t_interface_nested_port_noinl.py
│       │   │   ├── t_interface_nested_port_type_noinl.py
│       │   │   ├── t_interface_nested_port_type.py
│       │   │   ├── t_interface_nested_port_type.v
│       │   │   ├── t_interface_nested_port.py
│       │   │   ├── t_interface_nested_port.v
│       │   │   ├── t_interface_nested_struct_param.py
│       │   │   ├── t_interface_nested_struct_param.v
│       │   │   ├── t_interface_noinl.py
│       │   │   ├── t_interface_notpublic.py
│       │   │   ├── t_interface_notpublic.v
│       │   │   ├── t_interface_param_another_bad.out
│       │   │   ├── t_interface_param_another_bad.py
│       │   │   ├── t_interface_param_another_bad.v
│       │   │   ├── t_interface_param_class_bits.py
│       │   │   ├── t_interface_param_class_bits.v
│       │   │   ├── t_interface_param_dependency.py
│       │   │   ├── t_interface_param_dependency.v
│       │   │   ├── t_interface_param_genblk.out
│       │   │   ├── t_interface_param_genblk.py
│       │   │   ├── t_interface_param_genblk.v
│       │   │   ├── t_interface_param_local_access.py
│       │   │   ├── t_interface_param_local_access.v
│       │   │   ├── t_interface_param1.py
│       │   │   ├── t_interface_param1.v
│       │   │   ├── t_interface_param2.py
│       │   │   ├── t_interface_param2.v
│       │   │   ├── t_interface_parameter_access.py
│       │   │   ├── t_interface_parameter_access.v
│       │   │   ├── t_interface_paren_missing_bad.out
│       │   │   ├── t_interface_paren_missing_bad.py
│       │   │   ├── t_interface_paren_missing_bad.v
│       │   │   ├── t_interface_parent_scope.py
│       │   │   ├── t_interface_parent_scope.v
│       │   │   ├── t_interface_size_bad.out
│       │   │   ├── t_interface_size_bad.py
│       │   │   ├── t_interface_size_bad.v
│       │   │   ├── t_interface_star.py
│       │   │   ├── t_interface_star.v
│       │   │   ├── t_interface_top_bad.out
│       │   │   ├── t_interface_top_bad.py
│       │   │   ├── t_interface_top_bad.v
│       │   │   ├── t_interface_tristate_hier.py
│       │   │   ├── t_interface_tristate_hier.v
│       │   │   ├── t_interface_tristate_plain_xhier_noinl.py
│       │   │   ├── t_interface_tristate_plain_xhier.py
│       │   │   ├── t_interface_tristate_plain_xhier.v
│       │   │   ├── t_interface_twod_noinl.py
│       │   │   ├── t_interface_twod.py
│       │   │   ├── t_interface_twod.v
│       │   │   ├── t_interface_twoports.py
│       │   │   ├── t_interface_twoports.v
│       │   │   ├── t_interface_type_ref_internal.py
│       │   │   ├── t_interface_type_ref_internal.v
│       │   │   ├── t_interface_typedef_bad.out
│       │   │   ├── t_interface_typedef_bad.py
│       │   │   ├── t_interface_typedef_bad.v
│       │   │   ├── t_interface_typedef_bad2.out
│       │   │   ├── t_interface_typedef_bad2.py
│       │   │   ├── t_interface_typedef_bad2.v
│       │   │   ├── t_interface_typedef.py
│       │   │   ├── t_interface_typedef.v
│       │   │   ├── t_interface_typedef2.py
│       │   │   ├── t_interface_typedef2.v
│       │   │   ├── t_interface_typedef3.py
│       │   │   ├── t_interface_typedef3.v
│       │   │   ├── t_interface_typo_bad.out
│       │   │   ├── t_interface_typo_bad.py
│       │   │   ├── t_interface_typo_bad.v
│       │   │   ├── t_interface_update.py
│       │   │   ├── t_interface_update.v
│       │   │   ├── t_interface_virtual_bad.out
│       │   │   ├── t_interface_virtual_bad.py
│       │   │   ├── t_interface_virtual_bad.v
│       │   │   ├── t_interface_virtual_cond.py
│       │   │   ├── t_interface_virtual_cond.v
│       │   │   ├── t_interface_virtual_controlflow.out
│       │   │   ├── t_interface_virtual_controlflow.py
│       │   │   ├── t_interface_virtual_controlflow.v
│       │   │   ├── t_interface_virtual_do_while.py
│       │   │   ├── t_interface_virtual_do_while.v
│       │   │   ├── t_interface_virtual_for.py
│       │   │   ├── t_interface_virtual_for.v
│       │   │   ├── t_interface_virtual_func_module_call.py
│       │   │   ├── t_interface_virtual_func_module_call.v
│       │   │   ├── t_interface_virtual_func_runtime_instance.py
│       │   │   ├── t_interface_virtual_func_runtime_instance.v
│       │   │   ├── t_interface_virtual_func_static_direct.py
│       │   │   ├── t_interface_virtual_func_static_direct.v
│       │   │   ├── t_interface_virtual_func_wait.py
│       │   │   ├── t_interface_virtual_func_wait.v
│       │   │   ├── t_interface_virtual_if.py
│       │   │   ├── t_interface_virtual_if.v
│       │   │   ├── t_interface_virtual_inl.py
│       │   │   ├── t_interface_virtual_missing_bad.out
│       │   │   ├── t_interface_virtual_missing_bad.py
│       │   │   ├── t_interface_virtual_missing_bad.v
│       │   │   ├── t_interface_virtual_modport_sel.py
│       │   │   ├── t_interface_virtual_modport_sel.v
│       │   │   ├── t_interface_virtual_nocell.py
│       │   │   ├── t_interface_virtual_nocell.v
│       │   │   ├── t_interface_virtual_opt.py
│       │   │   ├── t_interface_virtual_opt.v
│       │   │   ├── t_interface_virtual_param.py
│       │   │   ├── t_interface_virtual_param.v
│       │   │   ├── t_interface_virtual_sched_act.out
│       │   │   ├── t_interface_virtual_sched_act.py
│       │   │   ├── t_interface_virtual_sched_act.v
│       │   │   ├── t_interface_virtual_sched_ico.out
│       │   │   ├── t_interface_virtual_sched_ico.py
│       │   │   ├── t_interface_virtual_sched_ico.v
│       │   │   ├── t_interface_virtual_sched_nba.out
│       │   │   ├── t_interface_virtual_sched_nba.py
│       │   │   ├── t_interface_virtual_sched_nba.v
│       │   │   ├── t_interface_virtual_sub_iface_method.py
│       │   │   ├── t_interface_virtual_sub_iface_method.v
│       │   │   ├── t_interface_virtual_sub_iface.py
│       │   │   ├── t_interface_virtual_sub_iface.v
│       │   │   ├── t_interface_virtual_timing.out
│       │   │   ├── t_interface_virtual_timing.py
│       │   │   ├── t_interface_virtual_timing.v
│       │   │   ├── t_interface_virtual_unused.py
│       │   │   ├── t_interface_virtual_unused.v
│       │   │   ├── t_interface_virtual_unused2.py
│       │   │   ├── t_interface_virtual_unused2.v
│       │   │   ├── t_interface_virtual_unused3.py
│       │   │   ├── t_interface_virtual_unused3.v
│       │   │   ├── t_interface_virtual_while.py
│       │   │   ├── t_interface_virtual_while.v
│       │   │   ├── t_interface_virtual.out
│       │   │   ├── t_interface_virtual.py
│       │   │   ├── t_interface_virtual.v
│       │   │   ├── t_interface_wire_bad_param.out
│       │   │   ├── t_interface_wire_bad_param.py
│       │   │   ├── t_interface_wire_bad_param.v
│       │   │   ├── t_interface_wire_bad.out
│       │   │   ├── t_interface_wire_bad.py
│       │   │   ├── t_interface_wire_bad.v
│       │   │   ├── t_interface_wrong_bad.out
│       │   │   ├── t_interface_wrong_bad.py
│       │   │   ├── t_interface_wrong_bad.v
│       │   │   ├── t_interface.py
│       │   │   ├── t_interface.v
│       │   │   ├── t_interface1_modport_nansi.py
│       │   │   ├── t_interface1_modport_noinl.py
│       │   │   ├── t_interface1_modport_trace.py
│       │   │   ├── t_interface1_modport.py
│       │   │   ├── t_interface1_modport.v
│       │   │   ├── t_interface1_noinl.py
│       │   │   ├── t_interface1.py
│       │   │   ├── t_interface1.v
│       │   │   ├── t_interface2_noinl.py
│       │   │   ├── t_interface2.py
│       │   │   ├── t_interface2.v
│       │   │   ├── t_json_only_begin_hier.out
│       │   │   ├── t_json_only_begin_hier.py
│       │   │   ├── t_json_only_begin_hier.v
│       │   │   ├── t_json_only_debugcheck.py
│       │   │   ├── t_json_only_first.out
│       │   │   ├── t_json_only_first.py
│       │   │   ├── t_json_only_first.v
│       │   │   ├── t_json_only_flat_no_inline_mod.out
│       │   │   ├── t_json_only_flat_no_inline_mod.py
│       │   │   ├── t_json_only_flat_no_inline_mod.v
│       │   │   ├── t_json_only_flat_pub_mod.out
│       │   │   ├── t_json_only_flat_pub_mod.py
│       │   │   ├── t_json_only_flat_pub_mod.v
│       │   │   ├── t_json_only_flat_vlvbound.out
│       │   │   ├── t_json_only_flat_vlvbound.py
│       │   │   ├── t_json_only_flat_vlvbound.v
│       │   │   ├── t_json_only_flat.out
│       │   │   ├── t_json_only_flat.py
│       │   │   ├── t_json_only_output.out
│       │   │   ├── t_json_only_output.py
│       │   │   ├── t_json_only_output.v
│       │   │   ├── t_json_only_primary_io.out
│       │   │   ├── t_json_only_primary_io.py
│       │   │   ├── t_json_only_primary_io.v
│       │   │   ├── t_json_only_tag.out
│       │   │   ├── t_json_only_tag.py
│       │   │   ├── t_json_only_tag.v
│       │   │   ├── t_jumps_uninit_destructor_call.py
│       │   │   ├── t_jumps_uninit_destructor_call.v
│       │   │   ├── t_langext_1_bad.out
│       │   │   ├── t_langext_1_bad.py
│       │   │   ├── t_langext_1.py
│       │   │   ├── t_langext_1.v
│       │   │   ├── t_langext_1d_bad.out
│       │   │   ├── t_langext_1d_bad.py
│       │   │   ├── t_langext_1d.py
│       │   │   ├── t_langext_2_bad.out
│       │   │   ├── t_langext_2_bad.py
│       │   │   ├── t_langext_2.py
│       │   │   ├── t_langext_2.v
│       │   │   ├── t_langext_2012ext.py
│       │   │   ├── t_langext_2017ext.py
│       │   │   ├── t_langext_2023ext.py
│       │   │   ├── t_langext_3_bad.out
│       │   │   ├── t_langext_3_bad.py
│       │   │   ├── t_langext_3.py
│       │   │   ├── t_langext_3.v
│       │   │   ├── t_langext_4_bad.out
│       │   │   ├── t_langext_4_bad.py
│       │   │   ├── t_langext_4.py
│       │   │   ├── t_langext_order_sub.v
│       │   │   ├── t_langext_order.py
│       │   │   ├── t_langext_order.v
│       │   │   ├── t_leak.cpp
│       │   │   ├── t_leak.py
│       │   │   ├── t_leak.v
│       │   │   ├── t_let_arg_bad.out
│       │   │   ├── t_let_arg_bad.py
│       │   │   ├── t_let_arg_bad.v
│       │   │   ├── t_let_recurse_bad.out
│       │   │   ├── t_let_recurse_bad.py
│       │   │   ├── t_let_recurse_bad.v
│       │   │   ├── t_let_stmt_bad.out
│       │   │   ├── t_let_stmt_bad.py
│       │   │   ├── t_let_stmt_bad.v
│       │   │   ├── t_let_unsup.out
│       │   │   ├── t_let_unsup.py
│       │   │   ├── t_let_unsup.v
│       │   │   ├── t_let.py
│       │   │   ├── t_let.v
│       │   │   ├── t_lib_clk_vec.py
│       │   │   ├── t_lib_clk_vec.v
│       │   │   ├── t_lib_nolib.py
│       │   │   ├── t_lib_prof_exec.py
│       │   │   ├── t_lib_prot_clk_gated.py
│       │   │   ├── t_lib_prot_comb.py
│       │   │   ├── t_lib_prot_comb.v
│       │   │   ├── t_lib_prot_delay_bad.out
│       │   │   ├── t_lib_prot_delay_bad.py
│       │   │   ├── t_lib_prot_delay_bad.v
│       │   │   ├── t_lib_prot_exe_bad.out
│       │   │   ├── t_lib_prot_exe_bad.py
│       │   │   ├── t_lib_prot_inout_bad.out
│       │   │   ├── t_lib_prot_inout_bad.py
│       │   │   ├── t_lib_prot_inout_bad.v
│       │   │   ├── t_lib_prot_secret.py
│       │   │   ├── t_lib_prot_secret.v
│       │   │   ├── t_lib_prot_shared.py
│       │   │   ├── t_lib_prot.py
│       │   │   ├── t_lib_prot.v
│       │   │   ├── t_lib.py
│       │   │   ├── t_lint_always_comb_automatic.py
│       │   │   ├── t_lint_always_comb_automatic.v
│       │   │   ├── t_lint_always_comb_bad.out
│       │   │   ├── t_lint_always_comb_bad.py
│       │   │   ├── t_lint_always_comb_bad.v
│       │   │   ├── t_lint_always_comb_iface.py
│       │   │   ├── t_lint_always_comb_iface.v
│       │   │   ├── t_lint_always_comb_multidriven_bad.out
│       │   │   ├── t_lint_always_comb_multidriven_bad.py
│       │   │   ├── t_lint_always_comb_multidriven_bad.v
│       │   │   ├── t_lint_always_comb_multidriven_public_bad.out
│       │   │   ├── t_lint_always_comb_multidriven_public_bad.py
│       │   │   ├── t_lint_always_comb_order_bad.out
│       │   │   ├── t_lint_always_comb_order_bad.py
│       │   │   ├── t_lint_always_comb_order_bad.v
│       │   │   ├── t_lint_always_ff_multidriven_bad.out
│       │   │   ├── t_lint_always_ff_multidriven_bad.py
│       │   │   ├── t_lint_always_ff_multidriven_bad.v
│       │   │   ├── t_lint_always_ff_multidriven_genif.py
│       │   │   ├── t_lint_always_ff_multidriven_genif.v
│       │   │   ├── t_lint_assigneqexpr_bad.out
│       │   │   ├── t_lint_assigneqexpr_bad.py
│       │   │   ├── t_lint_assigneqexpr.py
│       │   │   ├── t_lint_assigneqexpr.v
│       │   │   ├── t_lint_badvltpragma_bad.out
│       │   │   ├── t_lint_badvltpragma_bad.py
│       │   │   ├── t_lint_badvltpragma_bad.v
│       │   │   ├── t_lint_blkseq_bad.out
│       │   │   ├── t_lint_blkseq_bad.py
│       │   │   ├── t_lint_blkseq_bad.v
│       │   │   ├── t_lint_blkseq_loop.py
│       │   │   ├── t_lint_blkseq_loop.v
│       │   │   ├── t_lint_blkseq_noedge.py
│       │   │   ├── t_lint_blkseq_noedge.v
│       │   │   ├── t_lint_block_redecl_bad.out
│       │   │   ├── t_lint_block_redecl_bad.py
│       │   │   ├── t_lint_block_redecl_bad.v
│       │   │   ├── t_lint_bsspace_bad.out
│       │   │   ├── t_lint_bsspace_bad.py
│       │   │   ├── t_lint_bsspace_bad.v
│       │   │   ├── t_lint_caseincomplete_bad.out
│       │   │   ├── t_lint_caseincomplete_bad.py
│       │   │   ├── t_lint_caseincomplete_bad.v
│       │   │   ├── t_lint_cmpconst_bad.out
│       │   │   ├── t_lint_cmpconst_bad.py
│       │   │   ├── t_lint_cmpconst_bad.v
│       │   │   ├── t_lint_colonplus_bad.out
│       │   │   ├── t_lint_colonplus_bad.py
│       │   │   ├── t_lint_colonplus_bad.v
│       │   │   ├── t_lint_comb_bad.out
│       │   │   ├── t_lint_comb_bad.py
│       │   │   ├── t_lint_comb_bad.v
│       │   │   ├── t_lint_comb_use.py
│       │   │   ├── t_lint_comb_use.v
│       │   │   ├── t_lint_const_func_dpi_bad.out
│       │   │   ├── t_lint_const_func_dpi_bad.py
│       │   │   ├── t_lint_const_func_dpi_bad.v
│       │   │   ├── t_lint_const_func_gen_bad.out
│       │   │   ├── t_lint_const_func_gen_bad.py
│       │   │   ├── t_lint_const_func_gen_bad.v
│       │   │   ├── t_lint_contassinit_bad.out
│       │   │   ├── t_lint_contassinit_bad.py
│       │   │   ├── t_lint_contassinit_bad.v
│       │   │   ├── t_lint_contassreg_bad.out
│       │   │   ├── t_lint_contassreg_bad.py
│       │   │   ├── t_lint_contassreg_bad.v
│       │   │   ├── t_lint_declfilename_bad.out
│       │   │   ├── t_lint_declfilename_bad.py
│       │   │   ├── t_lint_declfilename_bbox.py
│       │   │   ├── t_lint_declfilename_bbox.v
│       │   │   ├── t_lint_declfilename.py
│       │   │   ├── t_lint_declfilename.v
│       │   │   ├── t_lint_defparam_bad.out
│       │   │   ├── t_lint_defparam_bad.py
│       │   │   ├── t_lint_defparam.py
│       │   │   ├── t_lint_defparam.v
│       │   │   ├── t_lint_didnotconverge_bad.out
│       │   │   ├── t_lint_didnotconverge_bad.py
│       │   │   ├── t_lint_didnotconverge_bad.v
│       │   │   ├── t_lint_didnotconverge_nodbg_bad.out
│       │   │   ├── t_lint_didnotconverge_nodbg_bad.py
│       │   │   ├── t_lint_dtype_compare_bad.out
│       │   │   ├── t_lint_dtype_compare_bad.py
│       │   │   ├── t_lint_dtype_compare_bad.v
│       │   │   ├── t_lint_dtype_compare.py
│       │   │   ├── t_lint_dtype_compare.v
│       │   │   ├── t_lint_edge_real_bad.out
│       │   │   ├── t_lint_edge_real_bad.py
│       │   │   ├── t_lint_edge_real_bad.v
│       │   │   ├── t_lint_eofnewline_bad.out
│       │   │   ├── t_lint_eofnewline_bad.py
│       │   │   ├── t_lint_eofnewline_vlt.py
│       │   │   ├── t_lint_eofnewline_vlt.vlt
│       │   │   ├── t_lint_eofnewline.out
│       │   │   ├── t_lint_eofnewline.py
│       │   │   ├── t_lint_ftask_output_assign_bad.out
│       │   │   ├── t_lint_ftask_output_assign_bad.py
│       │   │   ├── t_lint_ftask_output_assign_bad.v
│       │   │   ├── t_lint_functimectl_bad.out
│       │   │   ├── t_lint_functimectl_bad.py
│       │   │   ├── t_lint_functimectl_bad.v
│       │   │   ├── t_lint_genunnamed_bad.out
│       │   │   ├── t_lint_genunnamed_bad.py
│       │   │   ├── t_lint_genunnamed_bad.v
│       │   │   ├── t_lint_historical.py
│       │   │   ├── t_lint_historical.v
│       │   │   ├── t_lint_iface_array_topmodule_bad.out
│       │   │   ├── t_lint_iface_array_topmodule_bad.py
│       │   │   ├── t_lint_iface_array_topmodule_bad.v
│       │   │   ├── t_lint_iface_array_topmodule1.py
│       │   │   ├── t_lint_iface_array_topmodule1.v
│       │   │   ├── t_lint_iface_array_topmodule2.py
│       │   │   ├── t_lint_iface_array_topmodule2.v
│       │   │   ├── t_lint_iface_array_topmodule3.py
│       │   │   ├── t_lint_iface_array_topmodule3.v
│       │   │   ├── t_lint_iface_topmodule_bad.out
│       │   │   ├── t_lint_iface_topmodule_bad.py
│       │   │   ├── t_lint_iface_topmodule_bad.v
│       │   │   ├── t_lint_iface_topmodule1.py
│       │   │   ├── t_lint_iface_topmodule1.v
│       │   │   ├── t_lint_iface_topmodule2.py
│       │   │   ├── t_lint_iface_topmodule2.v
│       │   │   ├── t_lint_iface_topmodule3.py
│       │   │   ├── t_lint_iface_topmodule3.v
│       │   │   ├── t_lint_ifdepth_bad.out
│       │   │   ├── t_lint_ifdepth_bad.py
│       │   │   ├── t_lint_ifdepth_bad.v
│       │   │   ├── t_lint_implicit_bad.out
│       │   │   ├── t_lint_implicit_bad.py
│       │   │   ├── t_lint_implicit_def_bad.out
│       │   │   ├── t_lint_implicit_def_bad.py
│       │   │   ├── t_lint_implicit_def_bad.v
│       │   │   ├── t_lint_implicit_func_bad.out
│       │   │   ├── t_lint_implicit_func_bad.py
│       │   │   ├── t_lint_implicit_func_bad.v
│       │   │   ├── t_lint_implicit_port.py
│       │   │   ├── t_lint_implicit_port.v
│       │   │   ├── t_lint_implicit_type_bad.out
│       │   │   ├── t_lint_implicit_type_bad.py
│       │   │   ├── t_lint_implicit_type_bad.v
│       │   │   ├── t_lint_implicit.py
│       │   │   ├── t_lint_implicit.v
│       │   │   ├── t_lint_implicitstatic_bad.out
│       │   │   ├── t_lint_implicitstatic_bad.py
│       │   │   ├── t_lint_implicitstatic_bad.v
│       │   │   ├── t_lint_import_name_bad.out
│       │   │   ├── t_lint_import_name_bad.py
│       │   │   ├── t_lint_import_name_bad.v
│       │   │   ├── t_lint_import_name2_bad.out
│       │   │   ├── t_lint_import_name2_bad.py
│       │   │   ├── t_lint_import_name2_bad.v
│       │   │   ├── t_lint_importstar_bad.out
│       │   │   ├── t_lint_importstar_bad.py
│       │   │   ├── t_lint_importstar_bad.v
│       │   │   ├── t_lint_in_inc_bad_1.vh
│       │   │   ├── t_lint_in_inc_bad_2.vh
│       │   │   ├── t_lint_in_inc_bad.out
│       │   │   ├── t_lint_in_inc_bad.py
│       │   │   ├── t_lint_in_inc_bad.v
│       │   │   ├── t_lint_incabspath_bad.out
│       │   │   ├── t_lint_incabspath_bad.py
│       │   │   ├── t_lint_incabspath.py
│       │   │   ├── t_lint_incabspath.v
│       │   │   ├── t_lint_infinite_bad.out
│       │   │   ├── t_lint_infinite_bad.py
│       │   │   ├── t_lint_infinite_bad.v
│       │   │   ├── t_lint_infinite.py
│       │   │   ├── t_lint_infinite.v
│       │   │   ├── t_lint_inherit.py
│       │   │   ├── t_lint_inherit.v
│       │   │   ├── t_lint_input_eq_good.py
│       │   │   ├── t_lint_input_eq_good.v
│       │   │   ├── t_lint_latch_1.py
│       │   │   ├── t_lint_latch_1.v
│       │   │   ├── t_lint_latch_2.py
│       │   │   ├── t_lint_latch_2.v
│       │   │   ├── t_lint_latch_3.py
│       │   │   ├── t_lint_latch_3.v
│       │   │   ├── t_lint_latch_4.py
│       │   │   ├── t_lint_latch_4.v
│       │   │   ├── t_lint_latch_5.py
│       │   │   ├── t_lint_latch_5.v
│       │   │   ├── t_lint_latch_6.py
│       │   │   ├── t_lint_latch_6.v
│       │   │   ├── t_lint_latch_7.py
│       │   │   ├── t_lint_latch_7.v
│       │   │   ├── t_lint_latch_8.py
│       │   │   ├── t_lint_latch_8.v
│       │   │   ├── t_lint_latch_bad_2.out
│       │   │   ├── t_lint_latch_bad_2.py
│       │   │   ├── t_lint_latch_bad_2.v
│       │   │   ├── t_lint_latch_bad_3.out
│       │   │   ├── t_lint_latch_bad_3.py
│       │   │   ├── t_lint_latch_bad_3.v
│       │   │   ├── t_lint_latch_bad.out
│       │   │   ├── t_lint_latch_bad.py
│       │   │   ├── t_lint_latch_bad.v
│       │   │   ├── t_lint_latch_casei_bad.out
│       │   │   ├── t_lint_latch_casei_bad.py
│       │   │   ├── t_lint_latch_casei_bad.v
│       │   │   ├── t_lint_lint_bad.out
│       │   │   ├── t_lint_lint_bad.py
│       │   │   ├── t_lint_lint_bad.v
│       │   │   ├── t_lint_lint_no.py
│       │   │   ├── t_lint_literal_bad.out
│       │   │   ├── t_lint_literal_bad.py
│       │   │   ├── t_lint_literal_bad.v
│       │   │   ├── t_lint_misindent_bad.out
│       │   │   ├── t_lint_misindent_bad.py
│       │   │   ├── t_lint_misindent_bad.v
│       │   │   ├── t_lint_mod_paren_bad.out
│       │   │   ├── t_lint_mod_paren_bad.py
│       │   │   ├── t_lint_mod_paren_bad.v
│       │   │   ├── t_lint_modmissing.py
│       │   │   ├── t_lint_modmissing.v
│       │   │   ├── t_lint_modport_dir_bad.out
│       │   │   ├── t_lint_modport_dir_bad.py
│       │   │   ├── t_lint_modport_dir_bad.v
│       │   │   ├── t_lint_multidriven_bad.out
│       │   │   ├── t_lint_multidriven_bad.py
│       │   │   ├── t_lint_multidriven_bad.v
│       │   │   ├── t_lint_multidriven_coverage_bad.out
│       │   │   ├── t_lint_multidriven_coverage_bad.py
│       │   │   ├── t_lint_multidriven_coverage_bad.v
│       │   │   ├── t_lint_multidriven_taskcall_bad.out
│       │   │   ├── t_lint_multidriven_taskcall_bad.py
│       │   │   ├── t_lint_multidriven_taskcall_bad.v
│       │   │   ├── t_lint_multiple_msgs.py
│       │   │   ├── t_lint_multiple_msgs.v
│       │   │   ├── t_lint_nolatch_bad.out
│       │   │   ├── t_lint_nolatch_bad.py
│       │   │   ├── t_lint_nolatch_bad.v
│       │   │   ├── t_lint_noreturn_bad.out
│       │   │   ├── t_lint_noreturn_bad.py
│       │   │   ├── t_lint_noreturn_param_bad.out
│       │   │   ├── t_lint_noreturn_param_bad.py
│       │   │   ├── t_lint_noreturn_param_bad.v
│       │   │   ├── t_lint_noreturn_param.py
│       │   │   ├── t_lint_noreturn_param.v
│       │   │   ├── t_lint_noreturn.py
│       │   │   ├── t_lint_noreturn.v
│       │   │   ├── t_lint_notredop_bad.out
│       │   │   ├── t_lint_notredop_bad.py
│       │   │   ├── t_lint_notredop_bad.v
│       │   │   ├── t_lint_notredop.py
│       │   │   ├── t_lint_nullport_bad.out
│       │   │   ├── t_lint_nullport_bad.py
│       │   │   ├── t_lint_nullport_bad.v
│       │   │   ├── t_lint_numwidth.py
│       │   │   ├── t_lint_numwidth.v
│       │   │   ├── t_lint_once_bad.out
│       │   │   ├── t_lint_once_bad.py
│       │   │   ├── t_lint_once_bad.v
│       │   │   ├── t_lint_only.py
│       │   │   ├── t_lint_only.v
│       │   │   ├── t_lint_paramnodefault_bad.out
│       │   │   ├── t_lint_paramnodefault_bad.py
│       │   │   ├── t_lint_paramnodefault_top_bad.out
│       │   │   ├── t_lint_paramnodefault_top_bad.py
│       │   │   ├── t_lint_paramnodefault_top_bad.v
│       │   │   ├── t_lint_paramnodefault.py
│       │   │   ├── t_lint_paramnodefault.v
│       │   │   ├── t_lint_pindup_bad.out
│       │   │   ├── t_lint_pindup_bad.py
│       │   │   ├── t_lint_pindup_bad.v
│       │   │   ├── t_lint_pinmissing_bad.out
│       │   │   ├── t_lint_pinmissing_bad.py
│       │   │   ├── t_lint_pinmissing_bad.v
│       │   │   ├── t_lint_pinnotfound_bad.out
│       │   │   ├── t_lint_pinnotfound_bad.py
│       │   │   ├── t_lint_pinnotfound_bad.v
│       │   │   ├── t_lint_pinnotfound.py
│       │   │   ├── t_lint_pinnotfound.v
│       │   │   ├── t_lint_pkg_colon_bad.out
│       │   │   ├── t_lint_pkg_colon_bad.py
│       │   │   ├── t_lint_pkg_colon_bad.v
│       │   │   ├── t_lint_pragma_protected_bad.out
│       │   │   ├── t_lint_pragma_protected_bad.py
│       │   │   ├── t_lint_pragma_protected_bad.v
│       │   │   ├── t_lint_pragma_protected.py
│       │   │   ├── t_lint_pragma_protected.v
│       │   │   ├── t_lint_procassinit_bad.out
│       │   │   ├── t_lint_procassinit_bad.py
│       │   │   ├── t_lint_procassinit_bad.v
│       │   │   ├── t_lint_range_negative_bad.out
│       │   │   ├── t_lint_range_negative_bad.py
│       │   │   ├── t_lint_range_negative_bad.v
│       │   │   ├── t_lint_realcvt_bad.out
│       │   │   ├── t_lint_realcvt_bad.py
│       │   │   ├── t_lint_realcvt_bad.v
│       │   │   ├── t_lint_repeat_bad.out
│       │   │   ├── t_lint_repeat_bad.py
│       │   │   ├── t_lint_repeat_bad.v
│       │   │   ├── t_lint_restore_bad.out
│       │   │   ├── t_lint_restore_bad.py
│       │   │   ├── t_lint_restore_bad.v
│       │   │   ├── t_lint_restore_prag_bad.out
│       │   │   ├── t_lint_restore_prag_bad.py
│       │   │   ├── t_lint_restore_prag_bad.v
│       │   │   ├── t_lint_setout_bad_noinl.out
│       │   │   ├── t_lint_setout_bad_noinl.py
│       │   │   ├── t_lint_setout_bad.out
│       │   │   ├── t_lint_setout_bad.py
│       │   │   ├── t_lint_setout_bad.v
│       │   │   ├── t_lint_sideeffect_bad.out
│       │   │   ├── t_lint_sideeffect_bad.py
│       │   │   ├── t_lint_sideeffect_bad.v
│       │   │   ├── t_lint_stmtdly_bad.out
│       │   │   ├── t_lint_stmtdly_bad.py
│       │   │   ├── t_lint_stmtdly_bad.v
│       │   │   ├── t_lint_style_bad.out
│       │   │   ├── t_lint_style_bad.py
│       │   │   ├── t_lint_style_bad.v
│       │   │   ├── t_lint_style_no.py
│       │   │   ├── t_lint_subout_bad.out
│       │   │   ├── t_lint_subout_bad.py
│       │   │   ├── t_lint_subout_bad.v
│       │   │   ├── t_lint_syncasyncnet_bad.out
│       │   │   ├── t_lint_syncasyncnet_bad.py
│       │   │   ├── t_lint_syncasyncnet_bad.v
│       │   │   ├── t_lint_top_bad.out
│       │   │   ├── t_lint_top_bad.py
│       │   │   ├── t_lint_top_bad.v
│       │   │   ├── t_lint_unsigned_bad.out
│       │   │   ├── t_lint_unsigned_bad.py
│       │   │   ├── t_lint_unsigned_bad.v
│       │   │   ├── t_lint_unsup_mixed.py
│       │   │   ├── t_lint_unsup_mixed.v
│       │   │   ├── t_lint_unused_bad.out
│       │   │   ├── t_lint_unused_bad.py
│       │   │   ├── t_lint_unused_bad.v
│       │   │   ├── t_lint_unused_func_bad.out
│       │   │   ├── t_lint_unused_func_bad.py
│       │   │   ├── t_lint_unused_func_bad.v
│       │   │   ├── t_lint_unused_iface_bad.out
│       │   │   ├── t_lint_unused_iface_bad.py
│       │   │   ├── t_lint_unused_iface_bad.v
│       │   │   ├── t_lint_unused_iface.py
│       │   │   ├── t_lint_unused_iface.v
│       │   │   ├── t_lint_unused_tri.py
│       │   │   ├── t_lint_unused_tri.v
│       │   │   ├── t_lint_unused_vlt.py
│       │   │   ├── t_lint_unused_vlt.vlt
│       │   │   ├── t_lint_unused_werror_bad.py
│       │   │   ├── t_lint_unused.py
│       │   │   ├── t_lint_unused.v
│       │   │   ├── t_lint_unusedloop_removed_bad.out
│       │   │   ├── t_lint_unusedloop_removed_bad.py
│       │   │   ├── t_lint_unusedloop_removed_bad.v
│       │   │   ├── t_lint_vcmarker_bad.out
│       │   │   ├── t_lint_vcmarker_bad.py
│       │   │   ├── t_lint_vcmarker_bad.v
│       │   │   ├── t_lint_waitconst_bad.out
│       │   │   ├── t_lint_waitconst_bad.py
│       │   │   ├── t_lint_warn_incfile2_bad_b.vh
│       │   │   ├── t_lint_warn_incfile2_bad.out
│       │   │   ├── t_lint_warn_incfile2_bad.py
│       │   │   ├── t_lint_warn_incfile2_bad.v
│       │   │   ├── t_lint_warn_line_bad.out
│       │   │   ├── t_lint_warn_line_bad.py
│       │   │   ├── t_lint_warn_line_bad.v
│       │   │   ├── t_lint_width_arraydecl.py
│       │   │   ├── t_lint_width_arraydecl.v
│       │   │   ├── t_lint_width_bad.out
│       │   │   ├── t_lint_width_bad.py
│       │   │   ├── t_lint_width_bad.v
│       │   │   ├── t_lint_width_cast.py
│       │   │   ├── t_lint_width_cast.v
│       │   │   ├── t_lint_width_genfor_bad.out
│       │   │   ├── t_lint_width_genfor_bad.py
│       │   │   ├── t_lint_width_genfor_bad.v
│       │   │   ├── t_lint_width_genfor.py
│       │   │   ├── t_lint_width_genfor.v
│       │   │   ├── t_lint_width_shift_bad.out
│       │   │   ├── t_lint_width_shift_bad.py
│       │   │   ├── t_lint_width_shift_bad.v
│       │   │   ├── t_lint_width.py
│       │   │   ├── t_lint_width.v
│       │   │   ├── t_lint_widthexpand_docs_bad.out
│       │   │   ├── t_lint_widthexpand_docs_bad.py
│       │   │   ├── t_lint_widthexpand_docs_bad.v
│       │   │   ├── t_lint_wireloop_bad.out
│       │   │   ├── t_lint_wireloop_bad.py
│       │   │   ├── t_lint_wireloop.py
│       │   │   ├── t_lint_wireloop.v
│       │   │   ├── t_lparam_assign_iface_array_typedef.py
│       │   │   ├── t_lparam_assign_iface_array_typedef.v
│       │   │   ├── t_lparam_assign_iface_array_typedef2.py
│       │   │   ├── t_lparam_assign_iface_array_typedef2.v
│       │   │   ├── t_lparam_assign_iface_const.py
│       │   │   ├── t_lparam_assign_iface_const.v
│       │   │   ├── t_lparam_assign_iface_typedef_bad.out
│       │   │   ├── t_lparam_assign_iface_typedef_bad.py
│       │   │   ├── t_lparam_assign_iface_typedef_bad.v
│       │   │   ├── t_lparam_assign_iface_typedef_nested_mod1.py
│       │   │   ├── t_lparam_assign_iface_typedef_nested_mod1.v
│       │   │   ├── t_lparam_assign_iface_typedef_nested_mod2.py
│       │   │   ├── t_lparam_assign_iface_typedef_nested_mod2.v
│       │   │   ├── t_lparam_assign_iface_typedef_nested_mod3.py
│       │   │   ├── t_lparam_assign_iface_typedef_nested_mod3.v
│       │   │   ├── t_lparam_assign_iface_typedef_nested_mpkg1.py
│       │   │   ├── t_lparam_assign_iface_typedef_nested_mpkg1.v
│       │   │   ├── t_lparam_assign_iface_typedef_nested_mpkg2.py
│       │   │   ├── t_lparam_assign_iface_typedef_nested_mpkg2.v
│       │   │   ├── t_lparam_assign_iface_typedef_nested_mpkg3.py
│       │   │   ├── t_lparam_assign_iface_typedef_nested_mpkg3.v
│       │   │   ├── t_lparam_assign_iface_typedef_nested_mpkg4.py
│       │   │   ├── t_lparam_assign_iface_typedef_nested_mpkg4.v
│       │   │   ├── t_lparam_assign_iface_typedef_nested_mpkg5.py
│       │   │   ├── t_lparam_assign_iface_typedef_nested_mpkg5.v
│       │   │   ├── t_lparam_assign_iface_typedef_nested_pkg.py
│       │   │   ├── t_lparam_assign_iface_typedef_nested_pkg.v
│       │   │   ├── t_lparam_assign_iface_typedef_nested_pkg2.py
│       │   │   ├── t_lparam_assign_iface_typedef_nested_pkg2.v
│       │   │   ├── t_lparam_assign_iface_typedef_nested_pkg3.py
│       │   │   ├── t_lparam_assign_iface_typedef_nested_pkg3.v
│       │   │   ├── t_lparam_assign_iface_typedef_nested.py
│       │   │   ├── t_lparam_assign_iface_typedef_nested.v
│       │   │   ├── t_lparam_assign_iface_typedef_nested2.py
│       │   │   ├── t_lparam_assign_iface_typedef_nested2.v
│       │   │   ├── t_lparam_assign_iface_typedef_nested3.py
│       │   │   ├── t_lparam_assign_iface_typedef_nested3.v
│       │   │   ├── t_lparam_assign_iface_typedef_nested4.py
│       │   │   ├── t_lparam_assign_iface_typedef_nested4.v
│       │   │   ├── t_lparam_assign_iface_typedef_nested5.py
│       │   │   ├── t_lparam_assign_iface_typedef_nested5.v
│       │   │   ├── t_lparam_assign_iface_typedef_nested6.py
│       │   │   ├── t_lparam_assign_iface_typedef_nested6.v
│       │   │   ├── t_lparam_assign_iface_typedef.py
│       │   │   ├── t_lparam_assign_iface_typedef.v
│       │   │   ├── t_lparam_assign_iface_typedef2.py
│       │   │   ├── t_lparam_assign_iface_typedef2.v
│       │   │   ├── t_lparam_assign_iface_typedef3.py
│       │   │   ├── t_lparam_assign_iface_typedef3.v
│       │   │   ├── t_lparam_assign_iface_typedef4.py
│       │   │   ├── t_lparam_assign_iface_typedef4.v
│       │   │   ├── t_lparam_dep_iface0.py
│       │   │   ├── t_lparam_dep_iface0.v
│       │   │   ├── t_lparam_dep_iface1.py
│       │   │   ├── t_lparam_dep_iface1.v
│       │   │   ├── t_lparam_dep_iface10.py
│       │   │   ├── t_lparam_dep_iface10.v
│       │   │   ├── t_lparam_dep_iface11.py
│       │   │   ├── t_lparam_dep_iface11.v
│       │   │   ├── t_lparam_dep_iface12.py
│       │   │   ├── t_lparam_dep_iface12.v
│       │   │   ├── t_lparam_dep_iface13.py
│       │   │   ├── t_lparam_dep_iface13.v
│       │   │   ├── t_lparam_dep_iface14.py
│       │   │   ├── t_lparam_dep_iface14.v
│       │   │   ├── t_lparam_dep_iface15.py
│       │   │   ├── t_lparam_dep_iface15.v
│       │   │   ├── t_lparam_dep_iface16.py
│       │   │   ├── t_lparam_dep_iface16.v
│       │   │   ├── t_lparam_dep_iface2.py
│       │   │   ├── t_lparam_dep_iface2.v
│       │   │   ├── t_lparam_dep_iface3.py
│       │   │   ├── t_lparam_dep_iface3.v
│       │   │   ├── t_lparam_dep_iface4.py
│       │   │   ├── t_lparam_dep_iface4.v
│       │   │   ├── t_lparam_dep_iface5.py
│       │   │   ├── t_lparam_dep_iface5.v
│       │   │   ├── t_lparam_dep_iface6.py
│       │   │   ├── t_lparam_dep_iface6.v
│       │   │   ├── t_lparam_dep_iface7.py
│       │   │   ├── t_lparam_dep_iface7.v
│       │   │   ├── t_lparam_dep_iface8.py
│       │   │   ├── t_lparam_dep_iface8.v
│       │   │   ├── t_lparam_dep_iface9.py
│       │   │   ├── t_lparam_dep_iface9.v
│       │   │   ├── t_lparam_pkg_assign.py
│       │   │   ├── t_lparam_pkg_assign.v
│       │   │   ├── t_lparam_pkg_assign2.py
│       │   │   ├── t_lparam_pkg_assign2.v
│       │   │   ├── t_lparam_pkg_assign3.py
│       │   │   ├── t_lparam_pkg_assign3.v
│       │   │   ├── t_lparam_pkg_assign4.py
│       │   │   ├── t_lparam_pkg_assign4.v
│       │   │   ├── t_lparam_pkg_assign5.py
│       │   │   ├── t_lparam_pkg_assign5.v
│       │   │   ├── t_mailbox_array.py
│       │   │   ├── t_mailbox_array.v
│       │   │   ├── t_mailbox_bad.out
│       │   │   ├── t_mailbox_bad.py
│       │   │   ├── t_mailbox_bad.v
│       │   │   ├── t_mailbox_class.py
│       │   │   ├── t_mailbox_class.v
│       │   │   ├── t_mailbox_concurrent.out
│       │   │   ├── t_mailbox_concurrent.py
│       │   │   ├── t_mailbox_concurrent.v
│       │   │   ├── t_mailbox_notiming.py
│       │   │   ├── t_mailbox_notiming.v
│       │   │   ├── t_mailbox_std.py
│       │   │   ├── t_mailbox_struct_param.py
│       │   │   ├── t_mailbox_struct_param.v
│       │   │   ├── t_mailbox_unbounded.py
│       │   │   ├── t_mailbox_unbounded.v
│       │   │   ├── t_mailbox.py
│       │   │   ├── t_mailbox.v
│       │   │   ├── t_math_arith.py
│       │   │   ├── t_math_arith.v
│       │   │   ├── t_math_clog2.py
│       │   │   ├── t_math_clog2.v
│       │   │   ├── t_math_cmp.py
│       │   │   ├── t_math_cmp.v
│       │   │   ├── t_math_concat.py
│       │   │   ├── t_math_concat.v
│       │   │   ├── t_math_concat0.py
│       │   │   ├── t_math_concat0.v
│       │   │   ├── t_math_concat64.py
│       │   │   ├── t_math_concat64.v
│       │   │   ├── t_math_cond_clean.py
│       │   │   ├── t_math_cond_clean.v
│       │   │   ├── t_math_cond_huge_noexpand.py
│       │   │   ├── t_math_cond_huge.py
│       │   │   ├── t_math_cond_huge.v
│       │   │   ├── t_math_cond_short_circuit.py
│       │   │   ├── t_math_cond_short_circuit.v
│       │   │   ├── t_math_const.py
│       │   │   ├── t_math_const.v
│       │   │   ├── t_math_countbits_bad.out
│       │   │   ├── t_math_countbits_bad.py
│       │   │   ├── t_math_countbits_bad.v
│       │   │   ├── t_math_countbits_tri.py
│       │   │   ├── t_math_countbits_tri.v
│       │   │   ├── t_math_countbits.py
│       │   │   ├── t_math_countbits.v
│       │   │   ├── t_math_countbits2_bad.out
│       │   │   ├── t_math_countbits2_bad.py
│       │   │   ├── t_math_countbits2_bad.v
│       │   │   ├── t_math_cv_bitop.out
│       │   │   ├── t_math_cv_bitop.py
│       │   │   ├── t_math_cv_bitop.v
│       │   │   ├── t_math_cv_concat.py
│       │   │   ├── t_math_cv_concat.v
│       │   │   ├── t_math_cv_format.py
│       │   │   ├── t_math_cv_format.v
│       │   │   ├── t_math_div_noexpand.py
│       │   │   ├── t_math_div.py
│       │   │   ├── t_math_div.v
│       │   │   ├── t_math_div0.py
│       │   │   ├── t_math_div0.v
│       │   │   ├── t_math_divw.py
│       │   │   ├── t_math_divw.v
│       │   │   ├── t_math_eq_bad.out
│       │   │   ├── t_math_eq_bad.py
│       │   │   ├── t_math_eq_bad.v
│       │   │   ├── t_math_eq_noexpand.py
│       │   │   ├── t_math_eq.py
│       │   │   ├── t_math_eq.v
│       │   │   ├── t_math_equal.py
│       │   │   ├── t_math_equal.v
│       │   │   ├── t_math_imm.py
│       │   │   ├── t_math_imm.v
│       │   │   ├── t_math_imm2.cpp
│       │   │   ├── t_math_imm2.py
│       │   │   ├── t_math_imm2.v
│       │   │   ├── t_math_insert_bound.py
│       │   │   ├── t_math_insert_bound.v
│       │   │   ├── t_math_mul.py
│       │   │   ├── t_math_mul.v
│       │   │   ├── t_math_pick.py
│       │   │   ├── t_math_pick.v
│       │   │   ├── t_math_postinc.py
│       │   │   ├── t_math_postinc.v
│       │   │   ├── t_math_pow.out
│       │   │   ├── t_math_pow.py
│       │   │   ├── t_math_pow.v
│       │   │   ├── t_math_pow2.py
│       │   │   ├── t_math_pow2.v
│       │   │   ├── t_math_pow3.py
│       │   │   ├── t_math_pow3.v
│       │   │   ├── t_math_pow4.py
│       │   │   ├── t_math_pow4.v
│       │   │   ├── t_math_pow5.py
│       │   │   ├── t_math_pow5.v
│       │   │   ├── t_math_pow6.py
│       │   │   ├── t_math_pow6.v
│       │   │   ├── t_math_pow7.cpp
│       │   │   ├── t_math_pow7.py
│       │   │   ├── t_math_pow7.v
│       │   │   ├── t_math_precedence.py
│       │   │   ├── t_math_precedence.v
│       │   │   ├── t_math_real_private.py
│       │   │   ├── t_math_real_public.py
│       │   │   ├── t_math_real_public.v
│       │   │   ├── t_math_real_random.py
│       │   │   ├── t_math_real_random.v
│       │   │   ├── t_math_real_round.py
│       │   │   ├── t_math_real_round.v
│       │   │   ├── t_math_real.py
│       │   │   ├── t_math_real.v
│       │   │   ├── t_math_red_noexpand.py
│       │   │   ├── t_math_red.py
│       │   │   ├── t_math_red.v
│       │   │   ├── t_math_repl_bad.out
│       │   │   ├── t_math_repl_bad.py
│       │   │   ├── t_math_repl_bad.v
│       │   │   ├── t_math_repl.py
│       │   │   ├── t_math_repl.v
│       │   │   ├── t_math_repl2_bad.out
│       │   │   ├── t_math_repl2_bad.py
│       │   │   ├── t_math_repl2_bad.v
│       │   │   ├── t_math_repl3_bad.out
│       │   │   ├── t_math_repl3_bad.py
│       │   │   ├── t_math_repl3_bad.v
│       │   │   ├── t_math_reverse.py
│       │   │   ├── t_math_reverse.v
│       │   │   ├── t_math_shift_extend.py
│       │   │   ├── t_math_shift_extend.v
│       │   │   ├── t_math_shift_huge.py
│       │   │   ├── t_math_shift_huge.v
│       │   │   ├── t_math_shift_noexpand.py
│       │   │   ├── t_math_shift_rep.py
│       │   │   ├── t_math_shift_rep.v
│       │   │   ├── t_math_shift_sel.py
│       │   │   ├── t_math_shift_sel.v
│       │   │   ├── t_math_shift_side.py
│       │   │   ├── t_math_shift_side.v
│       │   │   ├── t_math_shift.py
│       │   │   ├── t_math_shift.v
│       │   │   ├── t_math_shiftls.py
│       │   │   ├── t_math_shiftls.v
│       │   │   ├── t_math_shiftrs.py
│       │   │   ├── t_math_shiftrs.v
│       │   │   ├── t_math_shiftrs2.py
│       │   │   ├── t_math_shiftrs2.v
│       │   │   ├── t_math_shortcircuit_assocsel.py
│       │   │   ├── t_math_shortcircuit_assocsel.v
│       │   │   ├── t_math_shortcircuit_dynsel.py
│       │   │   ├── t_math_shortcircuit_dynsel.v
│       │   │   ├── t_math_shortreal_unsup_bad.out
│       │   │   ├── t_math_shortreal_unsup_bad.py
│       │   │   ├── t_math_shortreal_unsup_bad.v
│       │   │   ├── t_math_shortreal.py
│       │   │   ├── t_math_shortreal.v
│       │   │   ├── t_math_sign_extend.py
│       │   │   ├── t_math_sign_extend.v
│       │   │   ├── t_math_signed_calc.py
│       │   │   ├── t_math_signed_calc.v
│       │   │   ├── t_math_signed_noexpand.py
│       │   │   ├── t_math_signed_wire.py
│       │   │   ├── t_math_signed_wire.v
│       │   │   ├── t_math_signed.py
│       │   │   ├── t_math_signed.v
│       │   │   ├── t_math_signed2.py
│       │   │   ├── t_math_signed2.v
│       │   │   ├── t_math_signed3_noopt.py
│       │   │   ├── t_math_signed3.py
│       │   │   ├── t_math_signed3.v
│       │   │   ├── t_math_signed4.py
│       │   │   ├── t_math_signed4.v
│       │   │   ├── t_math_signed5_timing.py
│       │   │   ├── t_math_signed5.py
│       │   │   ├── t_math_signed5.v
│       │   │   ├── t_math_signed6.py
│       │   │   ├── t_math_signed6.v
│       │   │   ├── t_math_signed7.py
│       │   │   ├── t_math_signed7.v
│       │   │   ├── t_math_strwidth.py
│       │   │   ├── t_math_strwidth.v
│       │   │   ├── t_math_svl.py
│       │   │   ├── t_math_svl.v
│       │   │   ├── t_math_svl2.py
│       │   │   ├── t_math_svl2.v
│       │   │   ├── t_math_swap.py
│       │   │   ├── t_math_swap.v
│       │   │   ├── t_math_synmul_mul.v
│       │   │   ├── t_math_synmul.py
│       │   │   ├── t_math_synmul.v
│       │   │   ├── t_math_tri.py
│       │   │   ├── t_math_tri.v
│       │   │   ├── t_math_trig.py
│       │   │   ├── t_math_trig.v
│       │   │   ├── t_math_vgen.py
│       │   │   ├── t_math_vgen.v
│       │   │   ├── t_math_vliw_noexpand.py
│       │   │   ├── t_math_vliw.py
│       │   │   ├── t_math_vliw.v
│       │   │   ├── t_math_wallace_mul.v
│       │   │   ├── t_math_wallace.py
│       │   │   ├── t_math_wallace.v
│       │   │   ├── t_math_wide_bad.out
│       │   │   ├── t_math_wide_bad.py
│       │   │   ├── t_math_wide_bad.v
│       │   │   ├── t_math_wide_inc.py
│       │   │   ├── t_math_wide_inc.v
│       │   │   ├── t_math_width.py
│       │   │   ├── t_math_width.v
│       │   │   ├── t_math_yosys.py
│       │   │   ├── t_math_yosys.v
│       │   │   ├── t_mem_banks.py
│       │   │   ├── t_mem_banks.v
│       │   │   ├── t_mem_big_bad.out
│       │   │   ├── t_mem_big_bad.py
│       │   │   ├── t_mem_big_bad.v
│       │   │   ├── t_mem_bound_bad.py
│       │   │   ├── t_mem_bound_bad.v
│       │   │   ├── t_mem_cond.py
│       │   │   ├── t_mem_cond.v
│       │   │   ├── t_mem_fifo.py
│       │   │   ├── t_mem_fifo.v
│       │   │   ├── t_mem_file.py
│       │   │   ├── t_mem_file.v
│       │   │   ├── t_mem_first.py
│       │   │   ├── t_mem_first.v
│       │   │   ├── t_mem_func.py
│       │   │   ├── t_mem_func.v
│       │   │   ├── t_mem_iforder.py
│       │   │   ├── t_mem_iforder.v
│       │   │   ├── t_mem_multi_io.py
│       │   │   ├── t_mem_multi_io.v
│       │   │   ├── t_mem_multi_io2_cc.py
│       │   │   ├── t_mem_multi_io2_sc.py
│       │   │   ├── t_mem_multi_io2.cpp
│       │   │   ├── t_mem_multi_io2.v
│       │   │   ├── t_mem_multi_io3_cc.py
│       │   │   ├── t_mem_multi_io3_sc.py
│       │   │   ├── t_mem_multi_io3.cpp
│       │   │   ├── t_mem_multi_io3.v
│       │   │   ├── t_mem_multi_ref_bad.out
│       │   │   ├── t_mem_multi_ref_bad.py
│       │   │   ├── t_mem_multi_ref_bad.v
│       │   │   ├── t_mem_multidim_Ox.py
│       │   │   ├── t_mem_multidim_trace.py
│       │   │   ├── t_mem_multidim.py
│       │   │   ├── t_mem_multidim.v
│       │   │   ├── t_mem_multiwire.py
│       │   │   ├── t_mem_multiwire.v
│       │   │   ├── t_mem_packed_assign.py
│       │   │   ├── t_mem_packed_assign.v
│       │   │   ├── t_mem_packed_bad.out
│       │   │   ├── t_mem_packed_bad.py
│       │   │   ├── t_mem_packed_bad.v
│       │   │   ├── t_mem_packed_noexpand.py
│       │   │   ├── t_mem_packed.py
│       │   │   ├── t_mem_packed.v
│       │   │   ├── t_mem_shift.py
│       │   │   ├── t_mem_shift.v
│       │   │   ├── t_mem_slice_bad.out
│       │   │   ├── t_mem_slice_bad.py
│       │   │   ├── t_mem_slice_bad.v
│       │   │   ├── t_mem_slice_conc_bad.out
│       │   │   ├── t_mem_slice_conc_bad.py
│       │   │   ├── t_mem_slice_conc_bad.v
│       │   │   ├── t_mem_slice_dtype_bad.out
│       │   │   ├── t_mem_slice_dtype_bad.py
│       │   │   ├── t_mem_slice_dtype_bad.v
│       │   │   ├── t_mem_slice.py
│       │   │   ├── t_mem_slice.v
│       │   │   ├── t_mem_slot.cpp
│       │   │   ├── t_mem_slot.py
│       │   │   ├── t_mem_slot.v
│       │   │   ├── t_mem_trace_split.py
│       │   │   ├── t_mem_trace_split.v
│       │   │   ├── t_mem_twoedge.py
│       │   │   ├── t_mem_twoedge.v
│       │   │   ├── t_mem.py
│       │   │   ├── t_mem.v
│       │   │   ├── t_metacmt_fargs_bad.out
│       │   │   ├── t_metacmt_fargs_bad.py
│       │   │   ├── t_metacmt_fargs_bad.v
│       │   │   ├── t_metacmt_fargs.py
│       │   │   ├── t_metacmt_fargs.v
│       │   │   ├── t_metacmt_onoff.out
│       │   │   ├── t_metacmt_onoff.py
│       │   │   ├── t_metacmt_onoff.v
│       │   │   ├── t_missing_module_pruned.py
│       │   │   ├── t_missing_module_pruned.v
│       │   │   ├── t_mod_automatic.py
│       │   │   ├── t_mod_automatic.v
│       │   │   ├── t_mod_dollar$.py
│       │   │   ├── t_mod_dollar$.v
│       │   │   ├── t_mod_dot.py
│       │   │   ├── t_mod_dot.v
│       │   │   ├── t_mod_dup_bad_lib.out
│       │   │   ├── t_mod_dup_bad_lib.py
│       │   │   ├── t_mod_dup_bad_lib.v
│       │   │   ├── t_mod_dup_bad.out
│       │   │   ├── t_mod_dup_bad.py
│       │   │   ├── t_mod_dup_bad.v
│       │   │   ├── t_mod_dup_ign.py
│       │   │   ├── t_mod_dup_ign.v
│       │   │   ├── t_mod_empty.py
│       │   │   ├── t_mod_empty.v
│       │   │   ├── t_mod_interface_array0_noinl.py
│       │   │   ├── t_mod_interface_array0.py
│       │   │   ├── t_mod_interface_array0.v
│       │   │   ├── t_mod_interface_array1_noinl.py
│       │   │   ├── t_mod_interface_array1.py
│       │   │   ├── t_mod_interface_array1.v
│       │   │   ├── t_mod_interface_array2_noinl.py
│       │   │   ├── t_mod_interface_array2.py
│       │   │   ├── t_mod_interface_array2.v
│       │   │   ├── t_mod_interface_array3.out
│       │   │   ├── t_mod_interface_array3.py
│       │   │   ├── t_mod_interface_array3.v
│       │   │   ├── t_mod_interface_array4_noinl.py
│       │   │   ├── t_mod_interface_array4.py
│       │   │   ├── t_mod_interface_array4.v
│       │   │   ├── t_mod_interface_array5.py
│       │   │   ├── t_mod_interface_array5.v
│       │   │   ├── t_mod_interface_array6_noinl.py
│       │   │   ├── t_mod_interface_array6.py
│       │   │   ├── t_mod_interface_array6.v
│       │   │   ├── t_mod_interface_clocking_bad.out
│       │   │   ├── t_mod_interface_clocking_bad.py
│       │   │   ├── t_mod_interface_clocking_bad.v
│       │   │   ├── t_mod_interface_clocking.py
│       │   │   ├── t_mod_interface_clocking.v
│       │   │   ├── t_mod_longname.py
│       │   │   ├── t_mod_longname.v
│       │   │   ├── t_mod_macromodule.py
│       │   │   ├── t_mod_macromodule.v
│       │   │   ├── t_mod_mod.out
│       │   │   ├── t_mod_mod.py
│       │   │   ├── t_mod_mod.v
│       │   │   ├── t_mod_nomod.py
│       │   │   ├── t_mod_nomod.v
│       │   │   ├── t_mod_param_class_typedef1.py
│       │   │   ├── t_mod_param_class_typedef1.v
│       │   │   ├── t_mod_param_class_typedef2.py
│       │   │   ├── t_mod_param_class_typedef2.v
│       │   │   ├── t_mod_param_class_typedef3.py
│       │   │   ├── t_mod_param_class_typedef3.v
│       │   │   ├── t_mod_param_class_typedef4.py
│       │   │   ├── t_mod_param_class_typedef4.v
│       │   │   ├── t_mod_param_class_typedef5.py
│       │   │   ├── t_mod_param_class_typedef5.v
│       │   │   ├── t_mod_param_class_typedef6.py
│       │   │   ├── t_mod_param_class_typedef6.v
│       │   │   ├── t_mod_param_class_typedef7.py
│       │   │   ├── t_mod_param_class_typedef7.v
│       │   │   ├── t_mod_recurse.py
│       │   │   ├── t_mod_recurse.v
│       │   │   ├── t_mod_recurse1.py
│       │   │   ├── t_mod_recurse1.v
│       │   │   ├── t_mod_topmodule__underunder.py
│       │   │   ├── t_mod_topmodule__underunder.v
│       │   │   ├── t_mod_topmodule_nest.py
│       │   │   ├── t_mod_topmodule_nest.v
│       │   │   ├── t_mod_topmodule.py
│       │   │   ├── t_mod_topmodule.v
│       │   │   ├── t_mod_uselib.py
│       │   │   ├── t_mod_uselib.v
│       │   │   ├── t_modport_export_bad.out
│       │   │   ├── t_modport_export_bad.py
│       │   │   ├── t_modport_export_bad.v
│       │   │   ├── t_modport_export_task.py
│       │   │   ├── t_modport_export_task.v
│       │   │   ├── t_module_class_static_method.py
│       │   │   ├── t_module_class_static_method.v
│       │   │   ├── t_module_input_default_value_1_bad.out
│       │   │   ├── t_module_input_default_value_1_bad.py
│       │   │   ├── t_module_input_default_value_1_bad.v
│       │   │   ├── t_module_input_default_value_2_bad.out
│       │   │   ├── t_module_input_default_value_2_bad.py
│       │   │   ├── t_module_input_default_value_2_bad.v
│       │   │   ├── t_module_input_default_value_3_bad.out
│       │   │   ├── t_module_input_default_value_3_bad.py
│       │   │   ├── t_module_input_default_value_3_bad.v
│       │   │   ├── t_module_input_default_value_noinl.py
│       │   │   ├── t_module_input_default_value.py
│       │   │   ├── t_module_input_default_value.v
│       │   │   ├── t_module_reserved_keyword.out
│       │   │   ├── t_module_reserved_keyword.py
│       │   │   ├── t_module_reserved_keyword.v
│       │   │   ├── t_multidriven_class.py
│       │   │   ├── t_multidriven_class.v
│       │   │   ├── t_multidriven_funcret0.py
│       │   │   ├── t_multidriven_funcret0.v
│       │   │   ├── t_multidriven_iface.py
│       │   │   ├── t_multidriven_iface.v
│       │   │   ├── t_multidriven_simple.py
│       │   │   ├── t_multidriven_simple.v
│       │   │   ├── t_multitop_sig_bad.out
│       │   │   ├── t_multitop_sig_bad.py
│       │   │   ├── t_multitop_sig.cpp
│       │   │   ├── t_multitop_sig.py
│       │   │   ├── t_multitop_sig.v
│       │   │   ├── t_multitop_xref.py
│       │   │   ├── t_multitop_xref.v
│       │   │   ├── t_multitop1.py
│       │   │   ├── t_multitop1.v
│       │   │   ├── t_multitop1s.v
│       │   │   ├── t_name_collision.py
│       │   │   ├── t_name_collision.v
│       │   │   ├── t_nba_assign_on_rhs.py
│       │   │   ├── t_nba_assign_on_rhs.v
│       │   │   ├── t_nba_commit_queue_suspenable.py
│       │   │   ├── t_nba_commit_queue_suspenable.v
│       │   │   ├── t_nba_commit_queue.py
│       │   │   ├── t_nba_commit_queue.v
│       │   │   ├── t_nba_hier.py
│       │   │   ├── t_nba_hier.v
│       │   │   ├── t_nba_mixed_update_clocked.py
│       │   │   ├── t_nba_mixed_update_clocked.v
│       │   │   ├── t_nba_mixed_update_comb.py
│       │   │   ├── t_nba_mixed_update_comb.v
│       │   │   ├── t_nba_shared_flag_reuse.py
│       │   │   ├── t_nba_shared_flag_reuse.v
│       │   │   ├── t_nba_struct_array.py
│       │   │   ├── t_nba_struct_array.v
│       │   │   ├── t_net_delay_timing_sc.py
│       │   │   ├── t_net_delay_timing.py
│       │   │   ├── t_net_delay.out
│       │   │   ├── t_net_delay.py
│       │   │   ├── t_net_delay.v
│       │   │   ├── t_net_dtype_bad.out
│       │   │   ├── t_net_dtype_bad.py
│       │   │   ├── t_net_dtype_bad.v
│       │   │   ├── t_nettype.out
│       │   │   ├── t_nettype.py
│       │   │   ├── t_nettype.v
│       │   │   ├── t_no_sel_assign_merge_in_cpp.py
│       │   │   ├── t_no_sel_assign_merge_in_cpp.v
│       │   │   ├── t_no_std_bad.out
│       │   │   ├── t_no_std_bad.py
│       │   │   ├── t_no_std_bad.v
│       │   │   ├── t_no_std_pkg_bad.py
│       │   │   ├── t_no_trace_top.cpp
│       │   │   ├── t_no_trace_top.out
│       │   │   ├── t_no_trace_top.py
│       │   │   ├── t_noninl_port_type.py
│       │   │   ├── t_noninl_port_type.v
│       │   │   ├── t_notiming_off.out
│       │   │   ├── t_notiming_off.py
│       │   │   ├── t_notiming.out
│       │   │   ├── t_notiming.py
│       │   │   ├── t_notiming.v
│       │   │   ├── t_oob_2state_array.py
│       │   │   ├── t_oob_2state_array.v
│       │   │   ├── t_opt_0.py
│       │   │   ├── t_opt_0.v
│       │   │   ├── t_opt_assemble_cellarray_off.py
│       │   │   ├── t_opt_assemble_cellarray.py
│       │   │   ├── t_opt_assemble_cellarray.v
│       │   │   ├── t_opt_balance_cats_nofunc.py
│       │   │   ├── t_opt_balance_cats_sc.py
│       │   │   ├── t_opt_balance_cats.py
│       │   │   ├── t_opt_balance_cats.v
│       │   │   ├── t_opt_cond_double.py
│       │   │   ├── t_opt_cond_double.v
│       │   │   ├── t_opt_const_big_or_tree.py
│       │   │   ├── t_opt_const_big_or_tree.v
│       │   │   ├── t_opt_const_cond_redundant.py
│       │   │   ├── t_opt_const_cond_redundant.v
│       │   │   ├── t_opt_const_cov.py
│       │   │   ├── t_opt_const_cov.v
│       │   │   ├── t_opt_const_dfg.py
│       │   │   ├── t_opt_const_no_expand.py
│       │   │   ├── t_opt_const_no_opt.py
│       │   │   ├── t_opt_const_or.py
│       │   │   ├── t_opt_const_or.v
│       │   │   ├── t_opt_const_red.py
│       │   │   ├── t_opt_const_red.v
│       │   │   ├── t_opt_const_shortcut.cpp
│       │   │   ├── t_opt_const_shortcut.py
│       │   │   ├── t_opt_const_shortcut.v
│       │   │   ├── t_opt_const.cpp
│       │   │   ├── t_opt_const.py
│       │   │   ├── t_opt_const.v
│       │   │   ├── t_opt_constpool_recache.py
│       │   │   ├── t_opt_constpool_recache.v
│       │   │   ├── t_opt_dead_enumpkg.py
│       │   │   ├── t_opt_dead_enumpkg.v
│       │   │   ├── t_opt_dead_noassigns.py
│       │   │   ├── t_opt_dead_noassigns.v
│       │   │   ├── t_opt_dead_nocells.py
│       │   │   ├── t_opt_dead_nocells.v
│       │   │   ├── t_opt_dead_task.py
│       │   │   ├── t_opt_dead_task.v
│       │   │   ├── t_opt_dead.cpp
│       │   │   ├── t_opt_dead.py
│       │   │   ├── t_opt_dead.v
│       │   │   ├── t_opt_dedupe_clk_gate_off.py
│       │   │   ├── t_opt_dedupe_clk_gate.py
│       │   │   ├── t_opt_dedupe_clk_gate.v
│       │   │   ├── t_opt_dedupe_seq_logic.py
│       │   │   ├── t_opt_dedupe_seq_logic.v
│       │   │   ├── t_opt_expand_keep_widths.out
│       │   │   ├── t_opt_expand_keep_widths.py
│       │   │   ├── t_opt_expand_keep_widths.v
│       │   │   ├── t_opt_gate_blow_up.py
│       │   │   ├── t_opt_gate_blow_up.v
│       │   │   ├── t_opt_if_array.py
│       │   │   ├── t_opt_if_array.v
│       │   │   ├── t_opt_ifjumpgo.py
│       │   │   ├── t_opt_ifjumpgo.v
│       │   │   ├── t_opt_inline_cfuncs_args.py
│       │   │   ├── t_opt_inline_cfuncs_args.v
│       │   │   ├── t_opt_inline_cfuncs_dup.py
│       │   │   ├── t_opt_inline_cfuncs_dup.v
│       │   │   ├── t_opt_inline_cfuncs_off.py
│       │   │   ├── t_opt_inline_cfuncs_threshold.py
│       │   │   ├── t_opt_inline_cfuncs_threshold.v
│       │   │   ├── t_opt_inline_cfuncs_trace.py
│       │   │   ├── t_opt_inline_cfuncs.py
│       │   │   ├── t_opt_inline_cfuncs.v
│       │   │   ├── t_opt_inline_funcs_no_eager.py
│       │   │   ├── t_opt_inline_funcs_no.py
│       │   │   ├── t_opt_inline_funcs.py
│       │   │   ├── t_opt_inline_funcs.v
│       │   │   ├── t_opt_life_dpi_read.cpp
│       │   │   ├── t_opt_life_dpi_read.py
│       │   │   ├── t_opt_life_dpi_read.v
│       │   │   ├── t_opt_life_dpi_written.cpp
│       │   │   ├── t_opt_life_dpi_written.py
│       │   │   ├── t_opt_life_dpi_written.v
│       │   │   ├── t_opt_life_loop_call.py
│       │   │   ├── t_opt_life_loop_call.v
│       │   │   ├── t_opt_life_off.py
│       │   │   ├── t_opt_life_timing_loop.py
│       │   │   ├── t_opt_life_timing_loop.v
│       │   │   ├── t_opt_life.py
│       │   │   ├── t_opt_life.v
│       │   │   ├── t_opt_lift_expr.py
│       │   │   ├── t_opt_lift_expr.v
│       │   │   ├── t_opt_localize_deep.py
│       │   │   ├── t_opt_localize_deep.v
│       │   │   ├── t_opt_localize_max_size_1.py
│       │   │   ├── t_opt_localize_max_size.py
│       │   │   ├── t_opt_localize_max_size.v
│       │   │   ├── t_opt_merge_cond_blowup.py
│       │   │   ├── t_opt_merge_cond_blowup.v
│       │   │   ├── t_opt_merge_cond_bug_3409.py
│       │   │   ├── t_opt_merge_cond_bug_3409.v
│       │   │   ├── t_opt_merge_cond_motion_branch.py
│       │   │   ├── t_opt_merge_cond_motion_branch.v
│       │   │   ├── t_opt_merge_cond_no_extend.py
│       │   │   ├── t_opt_merge_cond_no_extend.v
│       │   │   ├── t_opt_merge_cond_no_merge.py
│       │   │   ├── t_opt_merge_cond_no_motion.py
│       │   │   ├── t_opt_merge_cond_relaxed.cpp
│       │   │   ├── t_opt_merge_cond_relaxed.out
│       │   │   ├── t_opt_merge_cond_relaxed.py
│       │   │   ├── t_opt_merge_cond_relaxed.v
│       │   │   ├── t_opt_merge_cond.py
│       │   │   ├── t_opt_merge_cond.v
│       │   │   ├── t_opt_redor.py
│       │   │   ├── t_opt_redor.v
│       │   │   ├── t_opt_slice_element_limit_allow_all.py
│       │   │   ├── t_opt_slice_element_limit_bad.out
│       │   │   ├── t_opt_slice_element_limit_bad.py
│       │   │   ├── t_opt_slice_element_limit_default.py
│       │   │   ├── t_opt_slice_element_limit.py
│       │   │   ├── t_opt_slice_element_limit.v
│       │   │   ├── t_opt_slice_no.py
│       │   │   ├── t_opt_slice.py
│       │   │   ├── t_opt_slice.v
│       │   │   ├── t_opt_subst_off.py
│       │   │   ├── t_opt_subst.py
│       │   │   ├── t_opt_subst.v
│       │   │   ├── t_opt_table_display.out
│       │   │   ├── t_opt_table_display.py
│       │   │   ├── t_opt_table_display.v
│       │   │   ├── t_opt_table_enum.out
│       │   │   ├── t_opt_table_enum.py
│       │   │   ├── t_opt_table_enum.v
│       │   │   ├── t_opt_table_fsm.py
│       │   │   ├── t_opt_table_fsm.v
│       │   │   ├── t_opt_table_packed_array.out
│       │   │   ├── t_opt_table_packed_array.py
│       │   │   ├── t_opt_table_packed_array.v
│       │   │   ├── t_opt_table_real_off.py
│       │   │   ├── t_opt_table_real.out
│       │   │   ├── t_opt_table_real.py
│       │   │   ├── t_opt_table_real.v
│       │   │   ├── t_opt_table_same.out
│       │   │   ├── t_opt_table_same.py
│       │   │   ├── t_opt_table_same.v
│       │   │   ├── t_opt_table_signed.out
│       │   │   ├── t_opt_table_signed.py
│       │   │   ├── t_opt_table_signed.v
│       │   │   ├── t_opt_table_sparse_output_split.py
│       │   │   ├── t_opt_table_sparse.out
│       │   │   ├── t_opt_table_sparse.py
│       │   │   ├── t_opt_table_sparse.v
│       │   │   ├── t_opt_table_string.out
│       │   │   ├── t_opt_table_string.py
│       │   │   ├── t_opt_table_string.v
│       │   │   ├── t_opt_table_struct.out
│       │   │   ├── t_opt_table_struct.py
│       │   │   ├── t_opt_table_struct.v
│       │   │   ├── t_order_2d.py
│       │   │   ├── t_order_2d.v
│       │   │   ├── t_order_a.v
│       │   │   ├── t_order_b.v
│       │   │   ├── t_order_blkandnblk_bad.out
│       │   │   ├── t_order_blkandnblk_bad.py
│       │   │   ├── t_order_blkandnblk_bad.v
│       │   │   ├── t_order_blkloopinit_bad.out
│       │   │   ├── t_order_blkloopinit_bad.py
│       │   │   ├── t_order_blkloopinit_bad.v
│       │   │   ├── t_order_clkinst.out
│       │   │   ├── t_order_clkinst.py
│       │   │   ├── t_order_clkinst.v
│       │   │   ├── t_order_comboclkloop.py
│       │   │   ├── t_order_comboclkloop.v
│       │   │   ├── t_order_comboloop.py
│       │   │   ├── t_order_comboloop.v
│       │   │   ├── t_order_doubleloop.py
│       │   │   ├── t_order_doubleloop.v
│       │   │   ├── t_order_dpi_export_1.cpp
│       │   │   ├── t_order_dpi_export_1.py
│       │   │   ├── t_order_dpi_export_1.v
│       │   │   ├── t_order_dpi_export_2.cpp
│       │   │   ├── t_order_dpi_export_2.py
│       │   │   ├── t_order_dpi_export_2.v
│       │   │   ├── t_order_dpi_export_3.cpp
│       │   │   ├── t_order_dpi_export_3.py
│       │   │   ├── t_order_dpi_export_3.v
│       │   │   ├── t_order_dpi_export_4.cpp
│       │   │   ├── t_order_dpi_export_4.py
│       │   │   ├── t_order_dpi_export_4.v
│       │   │   ├── t_order_dpi_export_5.cpp
│       │   │   ├── t_order_dpi_export_5.py
│       │   │   ├── t_order_dpi_export_5.v
│       │   │   ├── t_order_dpi_export_6.cpp
│       │   │   ├── t_order_dpi_export_6.py
│       │   │   ├── t_order_dpi_export_6.v
│       │   │   ├── t_order_dpi_export_7.cpp
│       │   │   ├── t_order_dpi_export_7.py
│       │   │   ├── t_order_dpi_export_7.v
│       │   │   ├── t_order_dpi_export_8.cpp
│       │   │   ├── t_order_dpi_export_8.py
│       │   │   ├── t_order_dpi_export_8.v
│       │   │   ├── t_order_first.py
│       │   │   ├── t_order_first.v
│       │   │   ├── t_order_loop_bad.py
│       │   │   ├── t_order_loop_bad.v
│       │   │   ├── t_order_multialways.py
│       │   │   ├── t_order_multialways.v
│       │   │   ├── t_order_multidriven.cpp
│       │   │   ├── t_order_multidriven.py
│       │   │   ├── t_order_multidriven.v
│       │   │   ├── t_order_quad.cpp
│       │   │   ├── t_order_quad.py
│       │   │   ├── t_order_quad.v
│       │   │   ├── t_order_timing.py
│       │   │   ├── t_order_wireloop.py
│       │   │   ├── t_order_wireloop.v
│       │   │   ├── t_order.py
│       │   │   ├── t_order.v
│       │   │   ├── t_package_abs.py
│       │   │   ├── t_package_abs.v
│       │   │   ├── t_package_alone_bad.out
│       │   │   ├── t_package_alone_bad.py
│       │   │   ├── t_package_alone_bad.v
│       │   │   ├── t_package_ddecl_timing.py
│       │   │   ├── t_package_ddecl.py
│       │   │   ├── t_package_ddecl.v
│       │   │   ├── t_package_dimport.py
│       │   │   ├── t_package_dimport.v
│       │   │   ├── t_package_dot.py
│       │   │   ├── t_package_dot.v
│       │   │   ├── t_package_dup_bad.out
│       │   │   ├── t_package_dup_bad.py
│       │   │   ├── t_package_dup_bad.v
│       │   │   ├── t_package_dup_bad2.out
│       │   │   ├── t_package_dup_bad2.py
│       │   │   ├── t_package_dup_bad2.v
│       │   │   ├── t_package_enum.py
│       │   │   ├── t_package_enum.v
│       │   │   ├── t_package_export_bad.out
│       │   │   ├── t_package_export_bad.py
│       │   │   ├── t_package_export_bad2.out
│       │   │   ├── t_package_export_bad2.py
│       │   │   ├── t_package_export_bad2.v
│       │   │   ├── t_package_export.py
│       │   │   ├── t_package_export.v
│       │   │   ├── t_package_identifier_bad.out
│       │   │   ├── t_package_identifier_bad.py
│       │   │   ├── t_package_identifier_bad.v
│       │   │   ├── t_package_import_bad2.out
│       │   │   ├── t_package_import_bad2.py
│       │   │   ├── t_package_import_bad2.v
│       │   │   ├── t_package_import_override.py
│       │   │   ├── t_package_import_override.v
│       │   │   ├── t_package_import_param.py
│       │   │   ├── t_package_import_param.v
│       │   │   ├── t_package_local_bad.out
│       │   │   ├── t_package_local_bad.py
│       │   │   ├── t_package_local_bad.v
│       │   │   ├── t_package_param.py
│       │   │   ├── t_package_param.v
│       │   │   ├── t_package_struct.out
│       │   │   ├── t_package_struct.py
│       │   │   ├── t_package_struct.v
│       │   │   ├── t_package_twodeep.py
│       │   │   ├── t_package_twodeep.v
│       │   │   ├── t_package_using_dollar_unit.py
│       │   │   ├── t_package_using_dollar_unit.v
│       │   │   ├── t_package_verb.py
│       │   │   ├── t_package_verb.v
│       │   │   ├── t_package.py
│       │   │   ├── t_package.v
│       │   │   ├── t_packed_concat_bad.out
│       │   │   ├── t_packed_concat_bad.py
│       │   │   ├── t_packed_concat_bad.v
│       │   │   ├── t_packed_concat.v
│       │   │   ├── t_param_array.py
│       │   │   ├── t_param_array.v
│       │   │   ├── t_param_array2.py
│       │   │   ├── t_param_array2.v
│       │   │   ├── t_param_array3.py
│       │   │   ├── t_param_array3.v
│       │   │   ├── t_param_array4.py
│       │   │   ├── t_param_array4.v
│       │   │   ├── t_param_array5.py
│       │   │   ├── t_param_array5.v
│       │   │   ├── t_param_array6_noslice.py
│       │   │   ├── t_param_array6.py
│       │   │   ├── t_param_array6.v
│       │   │   ├── t_param_array7.py
│       │   │   ├── t_param_array7.v
│       │   │   ├── t_param_array8.py
│       │   │   ├── t_param_array8.v
│       │   │   ├── t_param_array9.py
│       │   │   ├── t_param_array9.v
│       │   │   ├── t_param_avec.py
│       │   │   ├── t_param_avec.v
│       │   │   ├── t_param_bit_sel.py
│       │   │   ├── t_param_bit_sel.v
│       │   │   ├── t_param_bracket.py
│       │   │   ├── t_param_bracket.v
│       │   │   ├── t_param_cast_default.py
│       │   │   ├── t_param_cast_default.v
│       │   │   ├── t_param_ceil.py
│       │   │   ├── t_param_ceil.v
│       │   │   ├── t_param_chain.py
│       │   │   ├── t_param_chain.v
│       │   │   ├── t_param_circ_bad.out
│       │   │   ├── t_param_circ_bad.py
│       │   │   ├── t_param_circ_bad.v
│       │   │   ├── t_param_concat_bad.out
│       │   │   ├── t_param_concat_bad.py
│       │   │   ├── t_param_concat.py
│       │   │   ├── t_param_concat.v
│       │   │   ├── t_param_const_part.py
│       │   │   ├── t_param_const_part.v
│       │   │   ├── t_param_ddeep_width.py
│       │   │   ├── t_param_ddeep_width.v
│       │   │   ├── t_param_default_2.py
│       │   │   ├── t_param_default_2.v
│       │   │   ├── t_param_default_bad.out
│       │   │   ├── t_param_default_bad.py
│       │   │   ├── t_param_default_bad.v
│       │   │   ├── t_param_default_override.py
│       │   │   ├── t_param_default_override.v
│       │   │   ├── t_param_default_presv_bad.out
│       │   │   ├── t_param_default_presv_bad.py
│       │   │   ├── t_param_default.py
│       │   │   ├── t_param_default.v
│       │   │   ├── t_param_first_a.v
│       │   │   ├── t_param_first_b.v
│       │   │   ├── t_param_first.py
│       │   │   ├── t_param_first.v
│       │   │   ├── t_param_func.py
│       │   │   ├── t_param_func.v
│       │   │   ├── t_param_func2.py
│       │   │   ├── t_param_func2.v
│       │   │   ├── t_param_hier_bad.out
│       │   │   ├── t_param_hier_bad.py
│       │   │   ├── t_param_hier_bad.v
│       │   │   ├── t_param_if_blk.py
│       │   │   ├── t_param_if_blk.v
│       │   │   ├── t_param_implicit_bad.out
│       │   │   ├── t_param_implicit_bad.py
│       │   │   ├── t_param_implicit_bad.v
│       │   │   ├── t_param_implicit_local_bad.out
│       │   │   ├── t_param_implicit_local_bad.py
│       │   │   ├── t_param_implicit_local_bad.v
│       │   │   ├── t_param_implicit_string.py
│       │   │   ├── t_param_implicit_string.v
│       │   │   ├── t_param_in_func_noinline.py
│       │   │   ├── t_param_in_func.py
│       │   │   ├── t_param_in_func.v
│       │   │   ├── t_param_local.py
│       │   │   ├── t_param_local.v
│       │   │   ├── t_param_localparam_recompute.py
│       │   │   ├── t_param_localparam_recompute.v
│       │   │   ├── t_param_long.py
│       │   │   ├── t_param_long.v
│       │   │   ├── t_param_mem_attr.py
│       │   │   ├── t_param_mem_attr.v
│       │   │   ├── t_param_mintypmax.py
│       │   │   ├── t_param_mintypmax.v
│       │   │   ├── t_param_module.py
│       │   │   ├── t_param_module.v
│       │   │   ├── t_param_named_2.py
│       │   │   ├── t_param_named_2.v
│       │   │   ├── t_param_named.py
│       │   │   ├── t_param_named.v
│       │   │   ├── t_param_no_parentheses.py
│       │   │   ├── t_param_no_parentheses.v
│       │   │   ├── t_param_noval_bad.out
│       │   │   ├── t_param_noval_bad.py
│       │   │   ├── t_param_noval_bad.v
│       │   │   ├── t_param_order.py
│       │   │   ├── t_param_order.v
│       │   │   ├── t_param_package.py
│       │   │   ├── t_param_package.v
│       │   │   ├── t_param_passed_to_port.py
│       │   │   ├── t_param_passed_to_port.v
│       │   │   ├── t_param_pattern_init_scope.py
│       │   │   ├── t_param_pattern_init_scope.v
│       │   │   ├── t_param_pattern_init.py
│       │   │   ├── t_param_pattern_init.v
│       │   │   ├── t_param_pattern.py
│       │   │   ├── t_param_pattern.v
│       │   │   ├── t_param_pattern2.py
│       │   │   ├── t_param_pattern2.v
│       │   │   ├── t_param_pattern3.py
│       │   │   ├── t_param_pattern3.v
│       │   │   ├── t_param_public.cpp
│       │   │   ├── t_param_public.py
│       │   │   ├── t_param_public.v
│       │   │   ├── t_param_real.py
│       │   │   ├── t_param_real.v
│       │   │   ├── t_param_real2_collision.py
│       │   │   ├── t_param_real2.py
│       │   │   ├── t_param_real2.v
│       │   │   ├── t_param_repl.py
│       │   │   ├── t_param_repl.v
│       │   │   ├── t_param_resolve_args.py
│       │   │   ├── t_param_resolve_args.v
│       │   │   ├── t_param_scope_bad.out
│       │   │   ├── t_param_scope_bad.py
│       │   │   ├── t_param_scope_bad.v
│       │   │   ├── t_param_seg.py
│       │   │   ├── t_param_seg.v
│       │   │   ├── t_param_sel_range1_bad.out
│       │   │   ├── t_param_sel_range1_bad.py
│       │   │   ├── t_param_sel_range1.py
│       │   │   ├── t_param_sel_range1.v
│       │   │   ├── t_param_sel.py
│       │   │   ├── t_param_sel.v
│       │   │   ├── t_param_shift.py
│       │   │   ├── t_param_shift.v
│       │   │   ├── t_param_slice.py
│       │   │   ├── t_param_slice.v
│       │   │   ├── t_param_store_bad.out
│       │   │   ├── t_param_store_bad.py
│       │   │   ├── t_param_store_bad.v
│       │   │   ├── t_param_type_bad.out
│       │   │   ├── t_param_type_bad.py
│       │   │   ├── t_param_type_bad.v
│       │   │   ├── t_param_type_bad2.out
│       │   │   ├── t_param_type_bad2.py
│       │   │   ├── t_param_type_bad2.v
│       │   │   ├── t_param_type_bad3.out
│       │   │   ├── t_param_type_bad3.py
│       │   │   ├── t_param_type_bad3.v
│       │   │   ├── t_param_type_bit.py
│       │   │   ├── t_param_type_bit.v
│       │   │   ├── t_param_type_chain.py
│       │   │   ├── t_param_type_chain.v
│       │   │   ├── t_param_type_cmp.py
│       │   │   ├── t_param_type_cmp.v
│       │   │   ├── t_param_type_collision.py
│       │   │   ├── t_param_type_dep_chain.py
│       │   │   ├── t_param_type_dep_chain.v
│       │   │   ├── t_param_type_dep_cross_inst.py
│       │   │   ├── t_param_type_dep_cross_inst.v
│       │   │   ├── t_param_type_dep_deep.py
│       │   │   ├── t_param_type_dep_deep.v
│       │   │   ├── t_param_type_dep_hash_norm.py
│       │   │   ├── t_param_type_dep_hash_norm.v
│       │   │   ├── t_param_type_dep_hier.py
│       │   │   ├── t_param_type_dep_hier.v
│       │   │   ├── t_param_type_dep_recompute.py
│       │   │   ├── t_param_type_dep_recompute.v
│       │   │   ├── t_param_type_dep_struct.py
│       │   │   ├── t_param_type_dep_struct.v
│       │   │   ├── t_param_type_dot_bad.out
│       │   │   ├── t_param_type_dot_bad.py
│       │   │   ├── t_param_type_dot_bad.v
│       │   │   ├── t_param_type_dot.py
│       │   │   ├── t_param_type_dot.v
│       │   │   ├── t_param_type_from_iface_struct.py
│       │   │   ├── t_param_type_from_iface_struct.v
│       │   │   ├── t_param_type_fwd_bad.out
│       │   │   ├── t_param_type_fwd_bad.py
│       │   │   ├── t_param_type_fwd_bad.v
│       │   │   ├── t_param_type_fwd.py
│       │   │   ├── t_param_type_fwd.v
│       │   │   ├── t_param_type_id_bad.out
│       │   │   ├── t_param_type_id_bad.py
│       │   │   ├── t_param_type_id_bad.v
│       │   │   ├── t_param_type_struct_member.py
│       │   │   ├── t_param_type_struct_member.v
│       │   │   ├── t_param_type_struct_member2.py
│       │   │   ├── t_param_type_struct_member2.v
│       │   │   ├── t_param_type.py
│       │   │   ├── t_param_type.v
│       │   │   ├── t_param_type2.py
│       │   │   ├── t_param_type2.v
│       │   │   ├── t_param_type3.py
│       │   │   ├── t_param_type3.v
│       │   │   ├── t_param_type4_collision.py
│       │   │   ├── t_param_type4.py
│       │   │   ├── t_param_type4.v
│       │   │   ├── t_param_type5.py
│       │   │   ├── t_param_type5.v
│       │   │   ├── t_param_type6.py
│       │   │   ├── t_param_type6.v
│       │   │   ├── t_param_typedef.py
│       │   │   ├── t_param_typedef.v
│       │   │   ├── t_param_typedef2.py
│       │   │   ├── t_param_typedef2.v
│       │   │   ├── t_param_unreachable.py
│       │   │   ├── t_param_unreachable.v
│       │   │   ├── t_param_up_bad.out
│       │   │   ├── t_param_up_bad.py
│       │   │   ├── t_param_up_bad.v
│       │   │   ├── t_param_value.py
│       │   │   ├── t_param_value.v
│       │   │   ├── t_param_while.py
│       │   │   ├── t_param_while.v
│       │   │   ├── t_param_wide_io.py
│       │   │   ├── t_param_wide_io.v
│       │   │   ├── t_param_width_loc_bad.out
│       │   │   ├── t_param_width_loc_bad.py
│       │   │   ├── t_param_width_loc_bad.v
│       │   │   ├── t_param_width.py
│       │   │   ├── t_param_width.v
│       │   │   ├── t_param_x_unique.py
│       │   │   ├── t_param_x_unique.v
│       │   │   ├── t_param.py
│       │   │   ├── t_param.v
│       │   │   ├── t_paramgraph_ascrange_prelim_cfg.py
│       │   │   ├── t_paramgraph_ascrange_prelim_cfg.v
│       │   │   ├── t_paramgraph_bisect1.py
│       │   │   ├── t_paramgraph_bisect1.v
│       │   │   ├── t_paramgraph_bits_corruption.py
│       │   │   ├── t_paramgraph_bits_corruption.v
│       │   │   ├── t_paramgraph_bits_iface_typedef.py
│       │   │   ├── t_paramgraph_bits_iface_typedef.v
│       │   │   ├── t_paramgraph_cloned_refdtype.py
│       │   │   ├── t_paramgraph_cloned_refdtype.v
│       │   │   ├── t_paramgraph_comined_iface_stats.py
│       │   │   ├── t_paramgraph_comined_iface.py
│       │   │   ├── t_paramgraph_comined_iface.v
│       │   │   ├── t_paramgraph_iface_array_ports.py
│       │   │   ├── t_paramgraph_iface_array_ports.v
│       │   │   ├── t_paramgraph_iface_cfg_zero.py
│       │   │   ├── t_paramgraph_iface_cfg_zero.v
│       │   │   ├── t_paramgraph_iface_deadmod.py
│       │   │   ├── t_paramgraph_iface_deadmod.v
│       │   │   ├── t_paramgraph_iface_dependency1.py
│       │   │   ├── t_paramgraph_iface_dependency1.v
│       │   │   ├── t_paramgraph_iface_dependency2.py
│       │   │   ├── t_paramgraph_iface_dependency2.v
│       │   │   ├── t_paramgraph_iface_dependency3.py
│       │   │   ├── t_paramgraph_iface_dependency3.v
│       │   │   ├── t_paramgraph_iface_param_from_port.py
│       │   │   ├── t_paramgraph_iface_param_from_port.v
│       │   │   ├── t_paramgraph_iface_pin.py
│       │   │   ├── t_paramgraph_iface_pin.v
│       │   │   ├── t_paramgraph_iface_port_typedef.py
│       │   │   ├── t_paramgraph_iface_port_typedef.v
│       │   │   ├── t_paramgraph_iface_template_mismatch.py
│       │   │   ├── t_paramgraph_iface_template_mismatch.v
│       │   │   ├── t_paramgraph_iface_template_mismatch2.py
│       │   │   ├── t_paramgraph_iface_template_mismatch2.v
│       │   │   ├── t_paramgraph_iface_template_mismatch3.py
│       │   │   ├── t_paramgraph_iface_template_mismatch3.v
│       │   │   ├── t_paramgraph_iface_template_nested_stats.py
│       │   │   ├── t_paramgraph_iface_template_nested.py
│       │   │   ├── t_paramgraph_iface_template_nested.v
│       │   │   ├── t_paramgraph_member_refdtype_iface_chain.py
│       │   │   ├── t_paramgraph_member_refdtype_iface_chain.v
│       │   │   ├── t_paramgraph_member_refdtype_iface_struct.py
│       │   │   ├── t_paramgraph_member_refdtype_iface_struct.v
│       │   │   ├── t_paramgraph_member_refdtype_iface_typedef.py
│       │   │   ├── t_paramgraph_member_refdtype_iface_typedef.v
│       │   │   ├── t_paramgraph_member_refdtype_pkg_iface.py
│       │   │   ├── t_paramgraph_member_refdtype_pkg_iface.v
│       │   │   ├── t_paramgraph_member_refdtype.py
│       │   │   ├── t_paramgraph_member_refdtype.v
│       │   │   ├── t_paramgraph_minimal_sibling.py
│       │   │   ├── t_paramgraph_minimal_sibling.v
│       │   │   ├── t_paramgraph_nested_iface_typedef_stats.py
│       │   │   ├── t_paramgraph_nested_iface_typedef.py
│       │   │   ├── t_paramgraph_nested_iface_typedef.v
│       │   │   ├── t_paramgraph_param_not_const.py
│       │   │   ├── t_paramgraph_param_not_const.v
│       │   │   ├── t_paramgraph_paramtype_cast.py
│       │   │   ├── t_paramgraph_paramtype_cast.v
│       │   │   ├── t_paramgraph_paramtype_default.py
│       │   │   ├── t_paramgraph_paramtype_default.v
│       │   │   ├── t_paramgraph_paramtype_range.py
│       │   │   ├── t_paramgraph_paramtype_range.v
│       │   │   ├── t_paramgraph_refdtype_iface.py
│       │   │   ├── t_paramgraph_refdtype_iface.v
│       │   │   ├── t_paramgraph_refdtype_unlinked.py
│       │   │   ├── t_paramgraph_refdtype_unlinked.v
│       │   │   ├── t_paramgraph_selbit_dtype.py
│       │   │   ├── t_paramgraph_selbit_dtype.v
│       │   │   ├── t_paramgraph_simple_cache_localparam_cfg.py
│       │   │   ├── t_paramgraph_simple_cache_localparam_cfg.v
│       │   │   ├── t_paramgraph_simple_cache_types_if.py
│       │   │   ├── t_paramgraph_simple_cache_types_if.v
│       │   │   ├── t_parse_delay_timing.py
│       │   │   ├── t_parse_delay.py
│       │   │   ├── t_parse_delay.v
│       │   │   ├── t_parse_eof_attr_bad.out
│       │   │   ├── t_parse_eof_attr_bad.py
│       │   │   ├── t_parse_eof_attr_bad.v
│       │   │   ├── t_parse_eof_qqq_bad.out
│       │   │   ├── t_parse_eof_qqq_bad.py
│       │   │   ├── t_parse_eof_qqq_bad.v
│       │   │   ├── t_parse_eof_str_bad.out
│       │   │   ├── t_parse_eof_str_bad.py
│       │   │   ├── t_parse_eof_str_bad.v
│       │   │   ├── t_parse_sync_bad.out
│       │   │   ├── t_parse_sync_bad.py
│       │   │   ├── t_parse_sync_bad.v
│       │   │   ├── t_parse_sync_bad2.out
│       │   │   ├── t_parse_sync_bad2.py
│       │   │   ├── t_parse_sync_bad2.v
│       │   │   ├── t_past_bad.out
│       │   │   ├── t_past_bad.py
│       │   │   ├── t_past_bad.v
│       │   │   ├── t_past_funcs.py
│       │   │   ├── t_past_funcs.v
│       │   │   ├── t_past_strobe.out
│       │   │   ├── t_past_strobe.py
│       │   │   ├── t_past_strobe.v
│       │   │   ├── t_past_unsup.out
│       │   │   ├── t_past_unsup.py
│       │   │   ├── t_past_unsup.v
│       │   │   ├── t_past.py
│       │   │   ├── t_past.v
│       │   │   ├── t_pattern_unsup_xor.out
│       │   │   ├── t_pattern_unsup_xor.py
│       │   │   ├── t_pattern_unsup_xor.v
│       │   │   ├── t_pgo_profoutofdate_bad.out
│       │   │   ├── t_pgo_profoutofdate_bad.py
│       │   │   ├── t_pgo_profoutofdate_bad.v
│       │   │   ├── t_pgo_threads_hier.py
│       │   │   ├── t_pgo_threads_hier.vlt
│       │   │   ├── t_pgo_threads.py
│       │   │   ├── t_pipe_exit_bad_pf.pf
│       │   │   ├── t_pipe_exit_bad.py
│       │   │   ├── t_pipe_filter_inc.vh
│       │   │   ├── t_pipe_filter_pf.pf
│       │   │   ├── t_pipe_filter.out
│       │   │   ├── t_pipe_filter.py
│       │   │   ├── t_pipe_filter.v
│       │   │   ├── t_pli_bad.out
│       │   │   ├── t_pli_bad.py
│       │   │   ├── t_pli_bad.v
│       │   │   ├── t_pli_bbox.py
│       │   │   ├── t_pp_circ_subst_bad.out
│       │   │   ├── t_pp_circ_subst_bad.py
│       │   │   ├── t_pp_circ_subst_bad.v
│       │   │   ├── t_pp_circ_subst_bad2.out
│       │   │   ├── t_pp_circ_subst_bad2.py
│       │   │   ├── t_pp_circdef_bad.py
│       │   │   ├── t_pp_circdef_bad.v
│       │   │   ├── t_pp_defkwd_bad.out
│       │   │   ├── t_pp_defkwd_bad.py
│       │   │   ├── t_pp_defkwd_bad.v
│       │   │   ├── t_pp_defnettype_bad.out
│       │   │   ├── t_pp_defnettype_bad.py
│       │   │   ├── t_pp_defnettype_bad.v
│       │   │   ├── t_pp_defparen_bad.out
│       │   │   ├── t_pp_defparen_bad.py
│       │   │   ├── t_pp_defparen_bad.v
│       │   │   ├── t_pp_display.out
│       │   │   ├── t_pp_display.py
│       │   │   ├── t_pp_display.v
│       │   │   ├── t_pp_dupdef_bad.out
│       │   │   ├── t_pp_dupdef_bad.py
│       │   │   ├── t_pp_dupdef_pragma_bad.out
│       │   │   ├── t_pp_dupdef_pragma_bad.py
│       │   │   ├── t_pp_dupdef_pragma_bad.v
│       │   │   ├── t_pp_dupdef.py
│       │   │   ├── t_pp_dupdef.v
│       │   │   ├── t_pp_lib_inc.vh
│       │   │   ├── t_pp_lib_library.v
│       │   │   ├── t_pp_lib.py
│       │   │   ├── t_pp_lib.v
│       │   │   ├── t_pp_line_bad.out
│       │   │   ├── t_pp_line_bad.py
│       │   │   ├── t_pp_line_bad.v
│       │   │   ├── t_pp_line.out
│       │   │   ├── t_pp_line.py
│       │   │   ├── t_pp_line.v
│       │   │   ├── t_pp_misdef_bad.out
│       │   │   ├── t_pp_misdef_bad.py
│       │   │   ├── t_pp_misdef_bad.v
│       │   │   ├── t_pp_pragma_bad.out
│       │   │   ├── t_pp_pragma_bad.py
│       │   │   ├── t_pp_pragma_bad.v
│       │   │   ├── t_pp_pragmas.py
│       │   │   ├── t_pp_pragmas.v
│       │   │   ├── t_pp_recursedef_bad.out
│       │   │   ├── t_pp_recursedef_bad.py
│       │   │   ├── t_pp_recursedef_bad.v
│       │   │   ├── t_pp_resetall_bad.out
│       │   │   ├── t_pp_resetall_bad.py
│       │   │   ├── t_pp_resetall_bad.v
│       │   │   ├── t_pp_underline_bad_vlt.out
│       │   │   ├── t_pp_underline_bad_vlt.py
│       │   │   ├── t_pp_underline_bad_vlt.vlt
│       │   │   ├── t_pp_underline_bad.out
│       │   │   ├── t_pp_underline_bad.py
│       │   │   ├── t_pp_underline_bad.v
│       │   │   ├── t_pp_underline.py
│       │   │   ├── t_premit_rw.py
│       │   │   ├── t_premit_rw.v
│       │   │   ├── t_preproc_cmtend_bad.out
│       │   │   ├── t_preproc_cmtend_bad.py
│       │   │   ├── t_preproc_cmtend_bad.v
│       │   │   ├── t_preproc_comments.out
│       │   │   ├── t_preproc_comments.py
│       │   │   ├── t_preproc_debugi.py
│       │   │   ├── t_preproc_debugi.v
│       │   │   ├── t_preproc_def09.out
│       │   │   ├── t_preproc_def09.py
│       │   │   ├── t_preproc_def09.v
│       │   │   ├── t_preproc_defarg_bad.out
│       │   │   ├── t_preproc_defarg_bad.py
│       │   │   ├── t_preproc_defarg_bad.v
│       │   │   ├── t_preproc_defines.out
│       │   │   ├── t_preproc_defines.py
│       │   │   ├── t_preproc_dos.py
│       │   │   ├── t_preproc_dump_defines.out
│       │   │   ├── t_preproc_dump_defines.py
│       │   │   ├── t_preproc_elsif_bad.out
│       │   │   ├── t_preproc_elsif_bad.py
│       │   │   ├── t_preproc_elsif_bad.v
│       │   │   ├── t_preproc_eof_qqq_bad.out
│       │   │   ├── t_preproc_eof_qqq_bad.py
│       │   │   ├── t_preproc_eof_qqq_bad.v
│       │   │   ├── t_preproc_eof1_bad.out
│       │   │   ├── t_preproc_eof1_bad.py
│       │   │   ├── t_preproc_eof1_bad.v
│       │   │   ├── t_preproc_eof2_bad.out
│       │   │   ├── t_preproc_eof2_bad.py
│       │   │   ├── t_preproc_eof2_bad.v
│       │   │   ├── t_preproc_eof3_bad.out
│       │   │   ├── t_preproc_eof3_bad.py
│       │   │   ├── t_preproc_eof3_bad.v
│       │   │   ├── t_preproc_eof4_bad.out
│       │   │   ├── t_preproc_eof4_bad.py
│       │   │   ├── t_preproc_eof4_bad.v
│       │   │   ├── t_preproc_ifdef.py
│       │   │   ├── t_preproc_ifdef.v
│       │   │   ├── t_preproc_ifdefend_bad.out
│       │   │   ├── t_preproc_ifdefend_bad.py
│       │   │   ├── t_preproc_ifdefend_bad.v
│       │   │   ├── t_preproc_ifexpr_bad.out
│       │   │   ├── t_preproc_ifexpr_bad.py
│       │   │   ├── t_preproc_ifexpr_bad.v
│       │   │   ├── t_preproc_ifexpr.out
│       │   │   ├── t_preproc_ifexpr.py
│       │   │   ├── t_preproc_ifexpr.v
│       │   │   ├── t_preproc_inc_bad.out
│       │   │   ├── t_preproc_inc_bad.py
│       │   │   ├── t_preproc_inc_bad.v
│       │   │   ├── t_preproc_inc_fn_bad.out
│       │   │   ├── t_preproc_inc_fn_bad.py
│       │   │   ├── t_preproc_inc_fn_bad.v
│       │   │   ├── t_preproc_inc_inc_bad.vh
│       │   │   ├── t_preproc_inc_notfound_bad.out
│       │   │   ├── t_preproc_inc_notfound_bad.py
│       │   │   ├── t_preproc_inc_notfound_bad.v
│       │   │   ├── t_preproc_inc_recurse_bad.out
│       │   │   ├── t_preproc_inc_recurse_bad.py
│       │   │   ├── t_preproc_inc_recurse_bad.v
│       │   │   ├── t_preproc_inc2.vh
│       │   │   ├── t_preproc_inc3.vh
│       │   │   ├── t_preproc_inc4.vh
│       │   │   ├── t_preproc_kwd_bad.out
│       │   │   ├── t_preproc_kwd_bad.py
│       │   │   ├── t_preproc_kwd_bad.v
│       │   │   ├── t_preproc_kwd.py
│       │   │   ├── t_preproc_kwd.v
│       │   │   ├── t_preproc_nodef_bad.out
│       │   │   ├── t_preproc_nodef_bad.py
│       │   │   ├── t_preproc_nodef_bad.v
│       │   │   ├── t_preproc_noline.out
│       │   │   ├── t_preproc_noline.py
│       │   │   ├── t_preproc_noline.v
│       │   │   ├── t_preproc_persist_inc.v
│       │   │   ├── t_preproc_persist.out
│       │   │   ├── t_preproc_persist.py
│       │   │   ├── t_preproc_persist.v
│       │   │   ├── t_preproc_persist2.v
│       │   │   ├── t_preproc_preproczero_bad.out
│       │   │   ├── t_preproc_preproczero_bad.py
│       │   │   ├── t_preproc_preproczero_bad.v
│       │   │   ├── t_preproc_resolve_config.vlt
│       │   │   ├── t_preproc_resolve.out
│       │   │   ├── t_preproc_resolve.py
│       │   │   ├── t_preproc_resolve.v
│       │   │   ├── t_preproc_str_undef.out
│       │   │   ├── t_preproc_str_undef.py
│       │   │   ├── t_preproc_str_undef.v
│       │   │   ├── t_preproc_strify_join.out
│       │   │   ├── t_preproc_strify_join.py
│       │   │   ├── t_preproc_strify_join.v
│       │   │   ├── t_preproc_stringend_bad.out
│       │   │   ├── t_preproc_stringend_bad.py
│       │   │   ├── t_preproc_stringend_bad.v
│       │   │   ├── t_preproc_ttempty.out
│       │   │   ├── t_preproc_ttempty.py
│       │   │   ├── t_preproc_ttempty.v
│       │   │   ├── t_preproc_undefineall.py
│       │   │   ├── t_preproc_undefineall.v
│       │   │   ├── t_preproc.out
│       │   │   ├── t_preproc.py
│       │   │   ├── t_preproc.v
│       │   │   ├── t_priority_case.out
│       │   │   ├── t_priority_case.py
│       │   │   ├── t_priority_case.v
│       │   │   ├── t_probdist_bad.py
│       │   │   ├── t_probdist_bad.v
│       │   │   ├── t_probdist_cmake.py
│       │   │   ├── t_probdist.py
│       │   │   ├── t_probdist.v
│       │   │   ├── t_procedure_always_nba.py
│       │   │   ├── t_procedure_initial_nba.py
│       │   │   ├── t_procedure_nba.v
│       │   │   ├── t_process_always.py
│       │   │   ├── t_process_always.v
│       │   │   ├── t_process_bad.out
│       │   │   ├── t_process_bad.py
│       │   │   ├── t_process_bad.v
│       │   │   ├── t_process_compare_flat.py
│       │   │   ├── t_process_compare.py
│       │   │   ├── t_process_compare.v
│       │   │   ├── t_process_copy_constr.py
│       │   │   ├── t_process_copy_constr.v
│       │   │   ├── t_process_finished.py
│       │   │   ├── t_process_finished.v
│       │   │   ├── t_process_fork_block.out
│       │   │   ├── t_process_fork_block.py
│       │   │   ├── t_process_fork_block.v
│       │   │   ├── t_process_fork.out
│       │   │   ├── t_process_fork.py
│       │   │   ├── t_process_fork.v
│       │   │   ├── t_process_kill.py
│       │   │   ├── t_process_kill.v
│       │   │   ├── t_process_notiming.out
│       │   │   ├── t_process_notiming.py
│       │   │   ├── t_process_propagation.py
│       │   │   ├── t_process_propagation.v
│       │   │   ├── t_process_rand_state_fork.py
│       │   │   ├── t_process_rand_state_fork.v
│       │   │   ├── t_process_rand_state_public.py
│       │   │   ├── t_process_rand_state.py
│       │   │   ├── t_process_rand_state.v
│       │   │   ├── t_process_rand.py
│       │   │   ├── t_process_rand.v
│       │   │   ├── t_process_redecl.py
│       │   │   ├── t_process_redecl.v
│       │   │   ├── t_process_self_srand.py
│       │   │   ├── t_process_self_srand.v
│       │   │   ├── t_process_std.py
│       │   │   ├── t_process_task.py
│       │   │   ├── t_process_task.v
│       │   │   ├── t_process.out
│       │   │   ├── t_process.py
│       │   │   ├── t_process.v
│       │   │   ├── t_prof_timing.py
│       │   │   ├── t_prof.py
│       │   │   ├── t_prof.v
│       │   │   ├── t_profc.py
│       │   │   ├── t_profcfunc.gprof
│       │   │   ├── t_profcfunc.out
│       │   │   ├── t_profcfunc.py
│       │   │   ├── t_program_anonymous.out
│       │   │   ├── t_program_anonymous.py
│       │   │   ├── t_program_anonymous.v
│       │   │   ├── t_program_extern.py
│       │   │   ├── t_program_extern.v
│       │   │   ├── t_program.py
│       │   │   ├── t_program.v
│       │   │   ├── t_prop_always_bad.out
│       │   │   ├── t_prop_always_bad.py
│       │   │   ├── t_prop_always_bad.v
│       │   │   ├── t_prop_always_unsup.out
│       │   │   ├── t_prop_always_unsup.py
│       │   │   ├── t_prop_always_unsup.v
│       │   │   ├── t_prop_always_wide.py
│       │   │   ├── t_prop_always_wide.v
│       │   │   ├── t_prop_always.py
│       │   │   ├── t_prop_always.v
│       │   │   ├── t_prop_followed_by_bad.out
│       │   │   ├── t_prop_followed_by_bad.py
│       │   │   ├── t_prop_followed_by_bad.v
│       │   │   ├── t_prop_followed_by.py
│       │   │   ├── t_prop_followed_by.v
│       │   │   ├── t_prop_s_always_eos_count.out
│       │   │   ├── t_prop_s_always_eos_count.py
│       │   │   ├── t_prop_s_always_eos_count.v
│       │   │   ├── t_prop_s_always_liveness.out
│       │   │   ├── t_prop_s_always_liveness.py
│       │   │   ├── t_prop_s_always_liveness.v
│       │   │   ├── t_property_accept_reject_on.py
│       │   │   ├── t_property_accept_reject_on.v
│       │   │   ├── t_property_arg_type.py
│       │   │   ├── t_property_arg_type.v
│       │   │   ├── t_property_case_bad.out
│       │   │   ├── t_property_case_bad.py
│       │   │   ├── t_property_case_bad.v
│       │   │   ├── t_property_case.py
│       │   │   ├── t_property_case.v
│       │   │   ├── t_property_clock_collision_unsup.out
│       │   │   ├── t_property_clock_collision_unsup.py
│       │   │   ├── t_property_clock_collision_unsup.v
│       │   │   ├── t_property_default_clocking_sexpr.py
│       │   │   ├── t_property_default_clocking_sexpr.v
│       │   │   ├── t_property_delay_large.py
│       │   │   ├── t_property_delay_large.v
│       │   │   ├── t_property_disable_iff_counter.py
│       │   │   ├── t_property_disable_iff_counter.v
│       │   │   ├── t_property_disable_iff_held.py
│       │   │   ├── t_property_disable_iff_held.v
│       │   │   ├── t_property_disable_iff_midpulse.py
│       │   │   ├── t_property_disable_iff_midpulse.v
│       │   │   ├── t_property_disable_iff_midreset.py
│       │   │   ├── t_property_disable_iff_midreset.v
│       │   │   ├── t_property_disable_iff_unsup.out
│       │   │   ├── t_property_disable_iff_unsup.py
│       │   │   ├── t_property_disable_iff_unsup.v
│       │   │   ├── t_property_fail_1.py
│       │   │   ├── t_property_fail_2_bad.py
│       │   │   ├── t_property_if_else.py
│       │   │   ├── t_property_if_else.v
│       │   │   ├── t_property_imply_delay.py
│       │   │   ├── t_property_imply_delay.v
│       │   │   ├── t_property_local_var_delay.py
│       │   │   ├── t_property_local_var_delay.v
│       │   │   ├── t_property_local_var_range_unsup.out
│       │   │   ├── t_property_local_var_range_unsup.py
│       │   │   ├── t_property_local_var_range_unsup.v
│       │   │   ├── t_property_named.py
│       │   │   ├── t_property_named.v
│       │   │   ├── t_property_negated.py
│       │   │   ├── t_property_negated.v
│       │   │   ├── t_property_nfa_composites.py
│       │   │   ├── t_property_nfa_composites.v
│       │   │   ├── t_property_nfa_counts.py
│       │   │   ├── t_property_nfa_counts.v
│       │   │   ├── t_property_nfa_edge_shapes.out
│       │   │   ├── t_property_nfa_edge_shapes.py
│       │   │   ├── t_property_nfa_edge_shapes.v
│       │   │   ├── t_property_nfa_error_limit.out
│       │   │   ├── t_property_nfa_error_limit.py
│       │   │   ├── t_property_nfa_error_limit.v
│       │   │   ├── t_property_nfa_final_past.py
│       │   │   ├── t_property_nfa_final_past.v
│       │   │   ├── t_property_nfa_past_sched.py
│       │   │   ├── t_property_nfa_past_sched.v
│       │   │   ├── t_property_nfa_stop_error_limit_crossing.out
│       │   │   ├── t_property_nfa_stop_error_limit_crossing.py
│       │   │   ├── t_property_nfa_stop_error_limit_crossing.v
│       │   │   ├── t_property_nfa_stop_error_limit.out
│       │   │   ├── t_property_nfa_stop_error_limit.py
│       │   │   ├── t_property_nfa_stop_error_limit.v
│       │   │   ├── t_property_nfa_throughout_count.py
│       │   │   ├── t_property_nfa_throughout_count.v
│       │   │   ├── t_property_pexpr_parse_unsup.out
│       │   │   ├── t_property_pexpr_parse_unsup.py
│       │   │   ├── t_property_pexpr_unsup.v
│       │   │   ├── t_property_pexpr.py
│       │   │   ├── t_property_pexpr.v
│       │   │   ├── t_property_recursive_unsup.out
│       │   │   ├── t_property_recursive_unsup.py
│       │   │   ├── t_property_recursive_unsup.v
│       │   │   ├── t_property_s_eventually_iface_param.py
│       │   │   ├── t_property_s_eventually_iface_param.v
│       │   │   ├── t_property_s_eventually_iface.py
│       │   │   ├── t_property_s_eventually_iface.v
│       │   │   ├── t_property_s_eventually_unsup.out
│       │   │   ├── t_property_s_eventually_unsup.py
│       │   │   ├── t_property_s_eventually_unsup.v
│       │   │   ├── t_property_s_eventually.out
│       │   │   ├── t_property_s_eventually.py
│       │   │   ├── t_property_s_eventually.v
│       │   │   ├── t_property_s_eventually2.py
│       │   │   ├── t_property_s_eventually2.v
│       │   │   ├── t_property_sexpr_bad.out
│       │   │   ├── t_property_sexpr_bad.py
│       │   │   ├── t_property_sexpr_bad.v
│       │   │   ├── t_property_sexpr_cov.dat.out
│       │   │   ├── t_property_sexpr_cov.out
│       │   │   ├── t_property_sexpr_cov.py
│       │   │   ├── t_property_sexpr_cov.v
│       │   │   ├── t_property_sexpr_disable_sampled.py
│       │   │   ├── t_property_sexpr_disable_sampled.v
│       │   │   ├── t_property_sexpr_disable.py
│       │   │   ├── t_property_sexpr_disable.v
│       │   │   ├── t_property_sexpr_multi.py
│       │   │   ├── t_property_sexpr_multi.v
│       │   │   ├── t_property_sexpr_parse_unsup.out
│       │   │   ├── t_property_sexpr_parse_unsup.py
│       │   │   ├── t_property_sexpr_range_delay_bad.out
│       │   │   ├── t_property_sexpr_range_delay_bad.py
│       │   │   ├── t_property_sexpr_range_delay_bad.v
│       │   │   ├── t_property_sexpr_range_delay.py
│       │   │   ├── t_property_sexpr_range_delay.v
│       │   │   ├── t_property_sexpr_unsup.out
│       │   │   ├── t_property_sexpr_unsup.py
│       │   │   ├── t_property_sexpr_unsup.v
│       │   │   ├── t_property_sexpr.out
│       │   │   ├── t_property_sexpr.py
│       │   │   ├── t_property_sexpr.v
│       │   │   ├── t_property_sexpr2_bad.out
│       │   │   ├── t_property_sexpr2_bad.py
│       │   │   ├── t_property_sexpr2_bad.v
│       │   │   ├── t_property_unsup.out
│       │   │   ├── t_property_unsup.py
│       │   │   ├── t_property_unsup.v
│       │   │   ├── t_property_until_implication.py
│       │   │   ├── t_property_until_implication.v
│       │   │   ├── t_property_until.py
│       │   │   ├── t_property_until.v
│       │   │   ├── t_property_untyped_unsup.out
│       │   │   ├── t_property_untyped_unsup.py
│       │   │   ├── t_property_untyped_unsup.v
│       │   │   ├── t_property_untyped.py
│       │   │   ├── t_property_untyped.v
│       │   │   ├── t_property_var_unsup.out
│       │   │   ├── t_property_var_unsup.py
│       │   │   ├── t_property_var_unsup.v
│       │   │   ├── t_property.py
│       │   │   ├── t_property.v
│       │   │   ├── t_protect_ids_bad.out
│       │   │   ├── t_protect_ids_bad.py
│       │   │   ├── t_protect_ids_bad.v
│       │   │   ├── t_protect_ids_c.cpp
│       │   │   ├── t_protect_ids_debug.py
│       │   │   ├── t_protect_ids_key.out
│       │   │   ├── t_protect_ids_key.py
│       │   │   ├── t_protect_ids.py
│       │   │   ├── t_protect_ids.v
│       │   │   ├── t_public_clk.cpp
│       │   │   ├── t_public_clk.py
│       │   │   ├── t_public_clk.v
│       │   │   ├── t_public_seq.cpp
│       │   │   ├── t_public_seq.py
│       │   │   ├── t_public_seq.v
│       │   │   ├── t_public_unpacked_port.py
│       │   │   ├── t_public_unpacked_port.v
│       │   │   ├── t_pull_bitsel_conflict_bad.out
│       │   │   ├── t_pull_bitsel_conflict_bad.py
│       │   │   ├── t_pull_bitsel_conflict_bad.v
│       │   │   ├── t_pull_bitsel_whole.py
│       │   │   ├── t_pull_bitsel_whole.v
│       │   │   ├── t_pull_bitsel.py
│       │   │   ├── t_pull_bitsel.v
│       │   │   ├── t_queue_arg.py
│       │   │   ├── t_queue_arg.v
│       │   │   ├── t_queue_array.py
│       │   │   ├── t_queue_array.v
│       │   │   ├── t_queue_assignment.py
│       │   │   ├── t_queue_assignment.v
│       │   │   ├── t_queue_back.py
│       │   │   ├── t_queue_back.v
│       │   │   ├── t_queue_bounded.py
│       │   │   ├── t_queue_bounded.v
│       │   │   ├── t_queue_class.py
│       │   │   ├── t_queue_class.v
│       │   │   ├── t_queue_compare.py
│       │   │   ├── t_queue_compare.v
│       │   │   ├── t_queue_concat_assign.py
│       │   │   ├── t_queue_concat_assign.v
│       │   │   ├── t_queue_empty_bad.out
│       │   │   ├── t_queue_empty_bad.py
│       │   │   ├── t_queue_empty_bad.v
│       │   │   ├── t_queue_empty_pin.py
│       │   │   ├── t_queue_empty_pin.v
│       │   │   ├── t_queue_inherit_call.py
│       │   │   ├── t_queue_inherit_call.v
│       │   │   ├── t_queue_init.py
│       │   │   ├── t_queue_init.v
│       │   │   ├── t_queue_insert_at_end.py
│       │   │   ├── t_queue_insert_at_end.v
│       │   │   ├── t_queue_method_bad.out
│       │   │   ├── t_queue_method_bad.py
│       │   │   ├── t_queue_method_bad.v
│       │   │   ├── t_queue_method.py
│       │   │   ├── t_queue_method.v
│       │   │   ├── t_queue_method2_bad.out
│       │   │   ├── t_queue_method2_bad.py
│       │   │   ├── t_queue_method2_bad.v
│       │   │   ├── t_queue_method3_bad.out
│       │   │   ├── t_queue_method3_bad.py
│       │   │   ├── t_queue_method3_bad.v
│       │   │   ├── t_queue_output_func.py
│       │   │   ├── t_queue_output_func.v
│       │   │   ├── t_queue_persistence_inl.py
│       │   │   ├── t_queue_persistence_noinl.py
│       │   │   ├── t_queue_persistence.v
│       │   │   ├── t_queue_pushpop.py
│       │   │   ├── t_queue_pushpop.v
│       │   │   ├── t_queue_slice_assign.py
│       │   │   ├── t_queue_slice_assign.v
│       │   │   ├── t_queue_slice.py
│       │   │   ├── t_queue_slice.v
│       │   │   ├── t_queue_struct.py
│       │   │   ├── t_queue_struct.v
│       │   │   ├── t_queue_unknown_sel.py
│       │   │   ├── t_queue_unknown_sel.v
│       │   │   ├── t_queue_unpacked.py
│       │   │   ├── t_queue_unpacked.v
│       │   │   ├── t_queue_var_slice.py
│       │   │   ├── t_queue_var_slice.v
│       │   │   ├── t_queue_void_ops.py
│       │   │   ├── t_queue_void_ops.v
│       │   │   ├── t_queue.py
│       │   │   ├── t_queue.v
│       │   │   ├── t_rand_member_mode_deriv.py
│       │   │   ├── t_rand_member_mode_deriv.v
│       │   │   ├── t_rand_stability_class.py
│       │   │   ├── t_rand_stability_class.v
│       │   │   ├── t_rand_stability_process.py
│       │   │   ├── t_rand_stability_process.v
│       │   │   ├── t_randc_constraint.py
│       │   │   ├── t_randc_constraint.v
│       │   │   ├── t_randc_enum_constraint.py
│       │   │   ├── t_randc_enum_constraint.v
│       │   │   ├── t_randc_extends.py
│       │   │   ├── t_randc_extends.v
│       │   │   ├── t_randc_oversize_bad.out
│       │   │   ├── t_randc_oversize_bad.py
│       │   │   ├── t_randc_oversize_bad.v
│       │   │   ├── t_randc_wide_constraint.py
│       │   │   ├── t_randc_wide_constraint.v
│       │   │   ├── t_randc.py
│       │   │   ├── t_randc.v
│       │   │   ├── t_randcase_bad.out
│       │   │   ├── t_randcase_bad.py
│       │   │   ├── t_randcase_bad.v
│       │   │   ├── t_randcase_fork.py
│       │   │   ├── t_randcase_fork.v
│       │   │   ├── t_randcase.py
│       │   │   ├── t_randcase.v
│       │   │   ├── t_randomize_array_elem_with.py
│       │   │   ├── t_randomize_array_elem_with.v
│       │   │   ├── t_randomize_array.py
│       │   │   ├── t_randomize_array.v
│       │   │   ├── t_randomize_arraysel_membersel.py
│       │   │   ├── t_randomize_arraysel_membersel.v
│       │   │   ├── t_randomize_assoc_size.py
│       │   │   ├── t_randomize_assoc_size.v
│       │   │   ├── t_randomize_bbox.py
│       │   │   ├── t_randomize_class_inherit_size_foreach.py
│       │   │   ├── t_randomize_class_inherit_size_foreach.v
│       │   │   ├── t_randomize_complex_arrays.py
│       │   │   ├── t_randomize_complex_arrays.v
│       │   │   ├── t_randomize_complex_associative_arrays.py
│       │   │   ├── t_randomize_complex_associative_arrays.v
│       │   │   ├── t_randomize_complex_dynamic_arrays.py
│       │   │   ├── t_randomize_complex_dynamic_arrays.v
│       │   │   ├── t_randomize_complex_member_bad.out
│       │   │   ├── t_randomize_complex_member_bad.py
│       │   │   ├── t_randomize_complex_member_bad.v
│       │   │   ├── t_randomize_complex_queue.py
│       │   │   ├── t_randomize_complex_queue.v
│       │   │   ├── t_randomize_complex_typedef.py
│       │   │   ├── t_randomize_complex_typedef.v
│       │   │   ├── t_randomize_complex.py
│       │   │   ├── t_randomize_complex.v
│       │   │   ├── t_randomize_derived_this.py
│       │   │   ├── t_randomize_derived_this.v
│       │   │   ├── t_randomize_dist_conditional.py
│       │   │   ├── t_randomize_dist_conditional.v
│       │   │   ├── t_randomize_dist_foreach.py
│       │   │   ├── t_randomize_dist_foreach.v
│       │   │   ├── t_randomize_dist_implication.py
│       │   │   ├── t_randomize_dist_implication.v
│       │   │   ├── t_randomize_from_randomized_class.py
│       │   │   ├── t_randomize_from_randomized_class.v
│       │   │   ├── t_randomize_inline_funclocal.py
│       │   │   ├── t_randomize_inline_funclocal.v
│       │   │   ├── t_randomize_inline_var_ctl_bad.out
│       │   │   ├── t_randomize_inline_var_ctl_bad.py
│       │   │   ├── t_randomize_inline_var_ctl_bad.v
│       │   │   ├── t_randomize_inline_var_ctl_unsup_1.out
│       │   │   ├── t_randomize_inline_var_ctl_unsup_1.py
│       │   │   ├── t_randomize_inline_var_ctl_unsup_1.v
│       │   │   ├── t_randomize_inline_var_ctl_unsup_2.out
│       │   │   ├── t_randomize_inline_var_ctl_unsup_2.py
│       │   │   ├── t_randomize_inline_var_ctl_unsup_2.v
│       │   │   ├── t_randomize_inline_var_ctl.py
│       │   │   ├── t_randomize_inline_var_ctl.v
│       │   │   ├── t_randomize_inside_cond.py
│       │   │   ├── t_randomize_inside_cond.v
│       │   │   ├── t_randomize_local_param.py
│       │   │   ├── t_randomize_local_param.v
│       │   │   ├── t_randomize_local_paramed.py
│       │   │   ├── t_randomize_local_paramed.v
│       │   │   ├── t_randomize_member_select.py
│       │   │   ├── t_randomize_member_select.v
│       │   │   ├── t_randomize_method_bad.out
│       │   │   ├── t_randomize_method_bad.py
│       │   │   ├── t_randomize_method_bad.v
│       │   │   ├── t_randomize_method_complex_bad.out
│       │   │   ├── t_randomize_method_complex_bad.py
│       │   │   ├── t_randomize_method_complex_bad.v
│       │   │   ├── t_randomize_method_constraints.py
│       │   │   ├── t_randomize_method_constraints.v
│       │   │   ├── t_randomize_method_nclass_bad.out
│       │   │   ├── t_randomize_method_nclass_bad.py
│       │   │   ├── t_randomize_method_nclass_bad.v
│       │   │   ├── t_randomize_method_param.py
│       │   │   ├── t_randomize_method_param.v
│       │   │   ├── t_randomize_method_std.py
│       │   │   ├── t_randomize_method_std.v
│       │   │   ├── t_randomize_method_types_unsup.out
│       │   │   ├── t_randomize_method_types_unsup.py
│       │   │   ├── t_randomize_method_types_unsup.v
│       │   │   ├── t_randomize_method_with_bad.out
│       │   │   ├── t_randomize_method_with_bad.py
│       │   │   ├── t_randomize_method_with_bad.v
│       │   │   ├── t_randomize_method_with_scoping.py
│       │   │   ├── t_randomize_method_with_scoping.v
│       │   │   ├── t_randomize_method_with.py
│       │   │   ├── t_randomize_method_with.v
│       │   │   ├── t_randomize_method.py
│       │   │   ├── t_randomize_method.v
│       │   │   ├── t_randomize_module_var.py
│       │   │   ├── t_randomize_module_var.v
│       │   │   ├── t_randomize_nested_unsup.out
│       │   │   ├── t_randomize_nested_unsup.py
│       │   │   ├── t_randomize_nested_unsup.v
│       │   │   ├── t_randomize_null_object.py
│       │   │   ├── t_randomize_null_object.v
│       │   │   ├── t_randomize_null_unsup.out
│       │   │   ├── t_randomize_null_unsup.py
│       │   │   ├── t_randomize_null_unsup.v
│       │   │   ├── t_randomize_null.py
│       │   │   ├── t_randomize_null.v
│       │   │   ├── t_randomize_param_with.py
│       │   │   ├── t_randomize_param_with.v
│       │   │   ├── t_randomize_pow2.py
│       │   │   ├── t_randomize_pow2.v
│       │   │   ├── t_randomize_prepost_alone.py
│       │   │   ├── t_randomize_prepost_alone.v
│       │   │   ├── t_randomize_prepost_nested.py
│       │   │   ├── t_randomize_prepost_nested.v
│       │   │   ├── t_randomize_prepost_super.py
│       │   │   ├── t_randomize_prepost_super.v
│       │   │   ├── t_randomize_prepost_with_baseref.py
│       │   │   ├── t_randomize_prepost_with_baseref.v
│       │   │   ├── t_randomize_prepost.py
│       │   │   ├── t_randomize_prepost.v
│       │   │   ├── t_randomize_queue_constraints.py
│       │   │   ├── t_randomize_queue_constraints.v
│       │   │   ├── t_randomize_queue_size_element.py
│       │   │   ├── t_randomize_queue_size_element.v
│       │   │   ├── t_randomize_queue_size.py
│       │   │   ├── t_randomize_queue_size.v
│       │   │   ├── t_randomize_queue_wide.py
│       │   │   ├── t_randomize_queue_wide.v
│       │   │   ├── t_randomize_rand_mode_bad.out
│       │   │   ├── t_randomize_rand_mode_bad.py
│       │   │   ├── t_randomize_rand_mode_bad.v
│       │   │   ├── t_randomize_rand_mode_constr.py
│       │   │   ├── t_randomize_rand_mode_constr.v
│       │   │   ├── t_randomize_rand_mode_funcarg.py
│       │   │   ├── t_randomize_rand_mode_funcarg.v
│       │   │   ├── t_randomize_rand_mode_static.py
│       │   │   ├── t_randomize_rand_mode_static.v
│       │   │   ├── t_randomize_rand_mode_unsup.out
│       │   │   ├── t_randomize_rand_mode_unsup.py
│       │   │   ├── t_randomize_rand_mode_unsup.v
│       │   │   ├── t_randomize_rand_mode.py
│       │   │   ├── t_randomize_rand_mode.v
│       │   │   ├── t_randomize_randmode_subobj.py
│       │   │   ├── t_randomize_randmode_subobj.v
│       │   │   ├── t_randomize_real.py
│       │   │   ├── t_randomize_real.v
│       │   │   ├── t_randomize_scoped_arg_array_randmode.py
│       │   │   ├── t_randomize_scoped_arg_array_randmode.v
│       │   │   ├── t_randomize_shift_distribution.py
│       │   │   ├── t_randomize_shift_distribution.v
│       │   │   ├── t_randomize_soft_cross_object.py
│       │   │   ├── t_randomize_soft_cross_object.v
│       │   │   ├── t_randomize_soft_relaxation.py
│       │   │   ├── t_randomize_soft_relaxation.v
│       │   │   ├── t_randomize_soft_solve_before.py
│       │   │   ├── t_randomize_soft_solve_before.v
│       │   │   ├── t_randomize_soft.py
│       │   │   ├── t_randomize_soft.v
│       │   │   ├── t_randomize_solve_before_foreach.py
│       │   │   ├── t_randomize_solve_before_foreach.v
│       │   │   ├── t_randomize_srandom.py
│       │   │   ├── t_randomize_srandom.v
│       │   │   ├── t_randomize_std_inside_queue.py
│       │   │   ├── t_randomize_std_inside_queue.v
│       │   │   ├── t_randomize_std_param_extends.py
│       │   │   ├── t_randomize_std_param_extends.v
│       │   │   ├── t_randomize_std_static.py
│       │   │   ├── t_randomize_std_static.v
│       │   │   ├── t_randomize_struct_sel.py
│       │   │   ├── t_randomize_struct_sel.v
│       │   │   ├── t_randomize_subobj_enum.py
│       │   │   ├── t_randomize_subobj_enum.v
│       │   │   ├── t_randomize_this_inline.py
│       │   │   ├── t_randomize_this_inline.v
│       │   │   ├── t_randomize_this_with.py
│       │   │   ├── t_randomize_this_with.v
│       │   │   ├── t_randomize_this.py
│       │   │   ├── t_randomize_this.v
│       │   │   ├── t_randomize_union_bad.out
│       │   │   ├── t_randomize_union_bad.py
│       │   │   ├── t_randomize_union_bad.v
│       │   │   ├── t_randomize_union.py
│       │   │   ├── t_randomize_union.v
│       │   │   ├── t_randomize_unique_elem.py
│       │   │   ├── t_randomize_unique_elem.v
│       │   │   ├── t_randomize_unpacked_bad.out
│       │   │   ├── t_randomize_unpacked_bad.py
│       │   │   ├── t_randomize_unpacked_bad.v
│       │   │   ├── t_randomize_unpacked_wide.py
│       │   │   ├── t_randomize_unpacked_wide.v
│       │   │   ├── t_randomize_with_constraint.py
│       │   │   ├── t_randomize_with_constraint.v
│       │   │   ├── t_randomize_with_idlist_bad.out
│       │   │   ├── t_randomize_with_idlist_bad.py
│       │   │   ├── t_randomize_with_idlist_bad.v
│       │   │   ├── t_randomize_with_idlist_method_bad.out
│       │   │   ├── t_randomize_with_idlist_method_bad.py
│       │   │   ├── t_randomize_with_idlist_method_bad.v
│       │   │   ├── t_randomize_within_func.py
│       │   │   ├── t_randomize_within_func.v
│       │   │   ├── t_randomize.py
│       │   │   ├── t_randomize.v
│       │   │   ├── t_randsequence_bad.out
│       │   │   ├── t_randsequence_bad.py
│       │   │   ├── t_randsequence_bad.v
│       │   │   ├── t_randsequence_func_bad.out
│       │   │   ├── t_randsequence_func_bad.py
│       │   │   ├── t_randsequence_func_bad.v
│       │   │   ├── t_randsequence_func.py
│       │   │   ├── t_randsequence_func.v
│       │   │   ├── t_randsequence_randjoin.py
│       │   │   ├── t_randsequence_randjoin.v
│       │   │   ├── t_randsequence_recurse.py
│       │   │   ├── t_randsequence_recurse.v
│       │   │   ├── t_randsequence_rs_bad.out
│       │   │   ├── t_randsequence_rs_bad.py
│       │   │   ├── t_randsequence_rs_bad.v
│       │   │   ├── t_randsequence_svtests.py
│       │   │   ├── t_randsequence_svtests.v
│       │   │   ├── t_randsequence.py
│       │   │   ├── t_randsequence.v
│       │   │   ├── t_randstate_func.py
│       │   │   ├── t_randstate_func.v
│       │   │   ├── t_randstate_obj.py
│       │   │   ├── t_randstate_obj.v
│       │   │   ├── t_randstate_seed_bad.out
│       │   │   ├── t_randstate_seed_bad.py
│       │   │   ├── t_randstate_seed_bad.v
│       │   │   ├── t_real_cast.py
│       │   │   ├── t_real_cast.v
│       │   │   ├── t_real_out_of_bounds.py
│       │   │   ├── t_real_out_of_bounds.v
│       │   │   ├── t_real_param.py
│       │   │   ├── t_real_param.v
│       │   │   ├── t_recursive_definition.py
│       │   │   ├── t_recursive_definition.v
│       │   │   ├── t_recursive_method.py
│       │   │   ├── t_recursive_method.v
│       │   │   ├── t_recursive_module_bug_2.py
│       │   │   ├── t_recursive_module_bug_2.v
│       │   │   ├── t_recursive_module_bug.py
│       │   │   ├── t_recursive_module_bug.v
│       │   │   ├── t_recursive_typedef_bad.out
│       │   │   ├── t_recursive_typedef_bad.py
│       │   │   ├── t_recursive_typedef_bad.v
│       │   │   ├── t_ref_arg_array_range_dir_bad.out
│       │   │   ├── t_ref_arg_array_range_dir_bad.py
│       │   │   ├── t_ref_arg_array_range_dir_bad.v
│       │   │   ├── t_ref_arg_array_range_dir_noinline.py
│       │   │   ├── t_ref_arg_array_range_dir.py
│       │   │   ├── t_ref_arg_array_range_dir.v
│       │   │   ├── t_reloop_cam_off.py
│       │   │   ├── t_reloop_cam.py
│       │   │   ├── t_reloop_cam.v
│       │   │   ├── t_reloop_inlined.py
│       │   │   ├── t_reloop_inlined.v
│       │   │   ├── t_reloop_local.py
│       │   │   ├── t_reloop_local.v
│       │   │   ├── t_reloop_offset_lim_63.py
│       │   │   ├── t_reloop_offset.out
│       │   │   ├── t_reloop_offset.py
│       │   │   ├── t_reloop_offset.v
│       │   │   ├── t_repeat.py
│       │   │   ├── t_repeat.v
│       │   │   ├── t_resize_lvalue.py
│       │   │   ├── t_resize_lvalue.v
│       │   │   ├── t_risefall_delay.py
│       │   │   ├── t_risefall_delay.v
│       │   │   ├── t_rnd.py
│       │   │   ├── t_rnd.v
│       │   │   ├── t_runflag_bad__a.out
│       │   │   ├── t_runflag_bad__b.out
│       │   │   ├── t_runflag_bad__c.out
│       │   │   ├── t_runflag_bad__d.out
│       │   │   ├── t_runflag_bad__e.out
│       │   │   ├── t_runflag_bad.py
│       │   │   ├── t_runflag_bad.v
│       │   │   ├── t_runflag_errorlimit_bad.out
│       │   │   ├── t_runflag_errorlimit_bad.py
│       │   │   ├── t_runflag_errorlimit_bad.v
│       │   │   ├── t_runflag_errorlimit_fatal_bad.out
│       │   │   ├── t_runflag_errorlimit_fatal_bad.py
│       │   │   ├── t_runflag_errorlimit_fatal_bad.v
│       │   │   ├── t_runflag_logfile_debugger.py
│       │   │   ├── t_runflag_logfile_debugger.v
│       │   │   ├── t_runflag_logfile_error.out
│       │   │   ├── t_runflag_logfile_error.py
│       │   │   ├── t_runflag_logfile_error.v
│       │   │   ├── t_runflag_logfile_open_bad.out
│       │   │   ├── t_runflag_logfile_open_bad.py
│       │   │   ├── t_runflag_logfile_open_bad.v
│       │   │   ├── t_runflag_logfile.out
│       │   │   ├── t_runflag_logfile.py
│       │   │   ├── t_runflag_logfile.v
│       │   │   ├── t_runflag_quiet.py
│       │   │   ├── t_runflag_quiet.v
│       │   │   ├── t_runflag_seed_zero.py
│       │   │   ├── t_runflag_seed_zero.v
│       │   │   ├── t_runflag_seed.py
│       │   │   ├── t_runflag_seed.v
│       │   │   ├── t_runflag_uninit_bad.cpp
│       │   │   ├── t_runflag_uninit_bad.out
│       │   │   ├── t_runflag_uninit_bad.py
│       │   │   ├── t_runflag_uninit_bad.v
│       │   │   ├── t_runflag.py
│       │   │   ├── t_runflag.v
│       │   │   ├── t_sampled_expr_unsup.out
│       │   │   ├── t_sampled_expr_unsup.py
│       │   │   ├── t_sampled_expr_unsup.v
│       │   │   ├── t_sampled_expr.py
│       │   │   ├── t_sampled_expr.v
│       │   │   ├── t_sampled_sensitivity.out
│       │   │   ├── t_sampled_sensitivity.py
│       │   │   ├── t_sampled_sensitivity.v
│       │   │   ├── t_sarif_output.py
│       │   │   ├── t_sarif.out
│       │   │   ├── t_sarif.py
│       │   │   ├── t_sarif.sarif.out
│       │   │   ├── t_sarif.v
│       │   │   ├── t_savable_class_bad.out
│       │   │   ├── t_savable_class_bad.py
│       │   │   ├── t_savable_class_bad.v
│       │   │   ├── t_savable_coverage_bad.out
│       │   │   ├── t_savable_coverage_bad.py
│       │   │   ├── t_savable_coverage_bad.v
│       │   │   ├── t_savable_format1_bad.out
│       │   │   ├── t_savable_format1_bad.py
│       │   │   ├── t_savable_format2_bad.out
│       │   │   ├── t_savable_format2_bad.py
│       │   │   ├── t_savable_format3_bad.out
│       │   │   ├── t_savable_format3_bad.py
│       │   │   ├── t_savable_open_bad.out
│       │   │   ├── t_savable_open_bad.py
│       │   │   ├── t_savable_open_bad2.cpp
│       │   │   ├── t_savable_open_bad2.py
│       │   │   ├── t_savable_open_bad2.v
│       │   │   ├── t_savable_timing_bad.out
│       │   │   ├── t_savable_timing_bad.py
│       │   │   ├── t_savable.py
│       │   │   ├── t_savable.v
│       │   │   ├── t_sc_names.cpp
│       │   │   ├── t_sc_names.py
│       │   │   ├── t_sc_names.v
│       │   │   ├── t_sc_vl_assign_sbw.cpp
│       │   │   ├── t_sc_vl_assign_sbw.py
│       │   │   ├── t_sc_vl_assign_sbw.v
│       │   │   ├── t_sched_hybrid_hazard.py
│       │   │   ├── t_sched_hybrid_hazard.v
│       │   │   ├── t_sched_ico_change_detect_input_assigned_off.py
│       │   │   ├── t_sched_ico_change_detect_input_assigned_vpi_on.py
│       │   │   ├── t_sched_ico_change_detect_input_assigned_vpi.py
│       │   │   ├── t_sched_ico_change_detect_input_assigned.cpp
│       │   │   ├── t_sched_ico_change_detect_input_assigned.py
│       │   │   ├── t_sched_ico_change_detect_input_assigned.v
│       │   │   ├── t_scheduling_0.py
│       │   │   ├── t_scheduling_0.v
│       │   │   ├── t_scheduling_1.py
│       │   │   ├── t_scheduling_1.v
│       │   │   ├── t_scheduling_2.py
│       │   │   ├── t_scheduling_2.v
│       │   │   ├── t_scheduling_3.py
│       │   │   ├── t_scheduling_3.v
│       │   │   ├── t_scheduling_4.py
│       │   │   ├── t_scheduling_4.v
│       │   │   ├── t_scheduling_5.py
│       │   │   ├── t_scheduling_5.v
│       │   │   ├── t_scheduling_6.v
│       │   │   ├── t_scheduling_7.py
│       │   │   ├── t_scheduling_7.v
│       │   │   ├── t_scheduling_beforeTrig_life_opt.py
│       │   │   ├── t_scheduling_beforeTrig_life_opt.v
│       │   │   ├── t_scheduling_different_edges.py
│       │   │   ├── t_scheduling_different_edges.v
│       │   │   ├── t_scheduling_initial_event.py
│       │   │   ├── t_scheduling_initial_event.v
│       │   │   ├── t_scheduling_many_clocks.py
│       │   │   ├── t_scheduling_many_clocks.v
│       │   │   ├── t_scheduling_virt_iface_array.py
│       │   │   ├── t_scheduling_virt_iface_array.v
│       │   │   ├── t_scheduling_virt_iface_class.py
│       │   │   ├── t_scheduling_virt_iface_class.v
│       │   │   ├── t_scheduling_virt_iface_converge_simple.py
│       │   │   ├── t_scheduling_virt_iface_converge_simple.v
│       │   │   ├── t_scheduling_virt_iface_dual_vif.py
│       │   │   ├── t_scheduling_virt_iface_dual_vif.v
│       │   │   ├── t_scheduling_virt_iface_nonvirt_write.py
│       │   │   ├── t_scheduling_virt_iface_nonvirt_write.v
│       │   │   ├── t_scheduling_zero_delay.out
│       │   │   ├── t_scheduling_zero_delay.py
│       │   │   ├── t_scheduling_zero_delay.v
│       │   │   ├── t_scope_cxx_equal_to.py
│       │   │   ├── t_scope_cxx_equal_to.v
│       │   │   ├── t_scope_map.cpp
│       │   │   ├── t_scope_map.py
│       │   │   ├── t_scope_map.v
│       │   │   ├── t_sdf_annotate_unsup.out
│       │   │   ├── t_sdf_annotate_unsup.py
│       │   │   ├── t_sdf_annotate_unsup.v
│       │   │   ├── t_select_2d.py
│       │   │   ├── t_select_2d.v
│       │   │   ├── t_select_ascending.py
│       │   │   ├── t_select_ascending.v
│       │   │   ├── t_select_bad_msb.out
│       │   │   ├── t_select_bad_msb.py
│       │   │   ├── t_select_bad_msb.v
│       │   │   ├── t_select_bad_range.out
│       │   │   ├── t_select_bad_range.py
│       │   │   ├── t_select_bad_range.v
│       │   │   ├── t_select_bad_range2.out
│       │   │   ├── t_select_bad_range2.py
│       │   │   ├── t_select_bad_range2.v
│       │   │   ├── t_select_bad_range3.out
│       │   │   ├── t_select_bad_range3.py
│       │   │   ├── t_select_bad_range3.v
│       │   │   ├── t_select_bad_range4.out
│       │   │   ├── t_select_bad_range4.py
│       │   │   ├── t_select_bad_range4.v
│       │   │   ├── t_select_bad_range5.out
│       │   │   ├── t_select_bad_range5.py
│       │   │   ├── t_select_bad_range5.v
│       │   │   ├── t_select_bad_range6.out
│       │   │   ├── t_select_bad_range6.py
│       │   │   ├── t_select_bad_range6.v
│       │   │   ├── t_select_bad_tri.out
│       │   │   ├── t_select_bad_tri.py
│       │   │   ├── t_select_bad_tri.v
│       │   │   ├── t_select_bad_width0.out
│       │   │   ├── t_select_bad_width0.py
│       │   │   ├── t_select_bad_width0.v
│       │   │   ├── t_select_bound_side_effect.py
│       │   │   ├── t_select_bound_side_effect.v
│       │   │   ├── t_select_bound_timing_intra.py
│       │   │   ├── t_select_bound_timing_intra.v
│       │   │   ├── t_select_bound1.py
│       │   │   ├── t_select_bound1.v
│       │   │   ├── t_select_bound2.py
│       │   │   ├── t_select_bound2.v
│       │   │   ├── t_select_bound3.py
│       │   │   ├── t_select_bound3.v
│       │   │   ├── t_select_bound4.py
│       │   │   ├── t_select_bound4.v
│       │   │   ├── t_select_c.py
│       │   │   ├── t_select_c.v
│       │   │   ├── t_select_crazy.py
│       │   │   ├── t_select_crazy.v
│       │   │   ├── t_select_index.py
│       │   │   ├── t_select_index.v
│       │   │   ├── t_select_index2.py
│       │   │   ├── t_select_index2.v
│       │   │   ├── t_select_lhs_oob.py
│       │   │   ├── t_select_lhs_oob.v
│       │   │   ├── t_select_lhs_oob2.py
│       │   │   ├── t_select_lhs_oob2.v
│       │   │   ├── t_select_little_pack.py
│       │   │   ├── t_select_little_pack.v
│       │   │   ├── t_select_little.py
│       │   │   ├── t_select_little.v
│       │   │   ├── t_select_loop.py
│       │   │   ├── t_select_loop.v
│       │   │   ├── t_select_mul_extend.py
│       │   │   ├── t_select_mul_extend.v
│       │   │   ├── t_select_negative.py
│       │   │   ├── t_select_negative.v
│       │   │   ├── t_select_out_of_range.py
│       │   │   ├── t_select_out_of_range.v
│       │   │   ├── t_select_param.py
│       │   │   ├── t_select_param.v
│       │   │   ├── t_select_plus_mul_pow2.py
│       │   │   ├── t_select_plus_mul_pow2.v
│       │   │   ├── t_select_plus.py
│       │   │   ├── t_select_plus.v
│       │   │   ├── t_select_plusloop.py
│       │   │   ├── t_select_plusloop.v
│       │   │   ├── t_select_runtime_range.py
│       │   │   ├── t_select_runtime_range.v
│       │   │   ├── t_select_set.py
│       │   │   ├── t_select_set.v
│       │   │   ├── t_select_sideeffect.py
│       │   │   ├── t_select_sideeffect.v
│       │   │   ├── t_select_width.py
│       │   │   ├── t_select_width.v
│       │   │   ├── t_selextract_in_paramextends.py
│       │   │   ├── t_selextract_in_paramextends.v
│       │   │   ├── t_selrange_iface_type_param.py
│       │   │   ├── t_selrange_iface_type_param.v
│       │   │   ├── t_semaphore_always.py
│       │   │   ├── t_semaphore_always.v
│       │   │   ├── t_semaphore_bad.out
│       │   │   ├── t_semaphore_bad.py
│       │   │   ├── t_semaphore_bad.v
│       │   │   ├── t_semaphore_class_nested.py
│       │   │   ├── t_semaphore_class_nested.v
│       │   │   ├── t_semaphore_class.py
│       │   │   ├── t_semaphore_class.v
│       │   │   ├── t_semaphore_concurrent.out
│       │   │   ├── t_semaphore_concurrent.py
│       │   │   ├── t_semaphore_concurrent.v
│       │   │   ├── t_semaphore_fair.out
│       │   │   ├── t_semaphore_fair.py
│       │   │   ├── t_semaphore_fair.v
│       │   │   ├── t_semaphore_fifo_block.out
│       │   │   ├── t_semaphore_fifo_block.py
│       │   │   ├── t_semaphore_fifo_block.v
│       │   │   ├── t_semaphore_std.py
│       │   │   ├── t_semaphore.py
│       │   │   ├── t_semaphore.v
│       │   │   ├── t_sequence_bool_ops.py
│       │   │   ├── t_sequence_bool_ops.v
│       │   │   ├── t_sequence_first_match.py
│       │   │   ├── t_sequence_first_match.v
│       │   │   ├── t_sequence_intersect_nevermatch.py
│       │   │   ├── t_sequence_intersect_nevermatch.v
│       │   │   ├── t_sequence_intersect_range_unsup.out
│       │   │   ├── t_sequence_intersect_range_unsup.py
│       │   │   ├── t_sequence_intersect_range_unsup.v
│       │   │   ├── t_sequence_intersect_varlen.py
│       │   │   ├── t_sequence_intersect_varlen.v
│       │   │   ├── t_sequence_intersect.py
│       │   │   ├── t_sequence_intersect.v
│       │   │   ├── t_sequence_local_var.py
│       │   │   ├── t_sequence_local_var.v
│       │   │   ├── t_sequence_nonconst_delay_unsup.out
│       │   │   ├── t_sequence_nonconst_delay_unsup.py
│       │   │   ├── t_sequence_nonconst_delay_unsup.v
│       │   │   ├── t_sequence_ref_bad.out
│       │   │   ├── t_sequence_ref_bad.py
│       │   │   ├── t_sequence_ref_bad.v
│       │   │   ├── t_sequence_ref.py
│       │   │   ├── t_sequence_ref.v
│       │   │   ├── t_sequence_sexpr_throughout.py
│       │   │   ├── t_sequence_sexpr_throughout.v
│       │   │   ├── t_sequence_sexpr_unsup.out
│       │   │   ├── t_sequence_sexpr_unsup.py
│       │   │   ├── t_sequence_sexpr_unsup.v
│       │   │   ├── t_sequence_unused.py
│       │   │   ├── t_sequence_unused.v
│       │   │   ├── t_sequence_within_bad.out
│       │   │   ├── t_sequence_within_bad.py
│       │   │   ├── t_sequence_within_bad.v
│       │   │   ├── t_sequence_within_range_unsup.out
│       │   │   ├── t_sequence_within_range_unsup.py
│       │   │   ├── t_sequence_within_range_unsup.v
│       │   │   ├── t_sequence_within.py
│       │   │   ├── t_sequence_within.v
│       │   │   ├── t_setuphold.py
│       │   │   ├── t_setuphold.v
│       │   │   ├── t_simulate_array.py
│       │   │   ├── t_simulate_array.v
│       │   │   ├── t_slice_cmp.py
│       │   │   ├── t_slice_cmp.v
│       │   │   ├── t_slice_cond_2d_side_effect.py
│       │   │   ├── t_slice_cond_2d_side_effect.v
│       │   │   ├── t_slice_cond_side_effect.py
│       │   │   ├── t_slice_cond_side_effect.v
│       │   │   ├── t_slice_cond.py
│       │   │   ├── t_slice_cond.v
│       │   │   ├── t_slice_init.py
│       │   │   ├── t_slice_init.v
│       │   │   ├── t_slice_struct_array_modport.py
│       │   │   ├── t_slice_struct_array_modport.v
│       │   │   ├── t_specparam.py
│       │   │   ├── t_specparam.v
│       │   │   ├── t_split_var_0.py
│       │   │   ├── t_split_var_0.v
│       │   │   ├── t_split_var_0.vlt
│       │   │   ├── t_split_var_1_bad.out
│       │   │   ├── t_split_var_1_bad.py
│       │   │   ├── t_split_var_1_bad.v
│       │   │   ├── t_split_var_2_trace.out
│       │   │   ├── t_split_var_2_trace.py
│       │   │   ├── t_split_var_3_wreal.py
│       │   │   ├── t_split_var_3_wreal.v
│       │   │   ├── t_split_var_4.py
│       │   │   ├── t_split_var_4.v
│       │   │   ├── t_split_var_5.py
│       │   │   ├── t_split_var_auto.py
│       │   │   ├── t_split_var_auto.v
│       │   │   ├── t_split_var_issue.py
│       │   │   ├── t_split_var_issue.v
│       │   │   ├── t_split_var_types.py
│       │   │   ├── t_split_var_types.v
│       │   │   ├── t_split_var_xref.py
│       │   │   ├── t_split_var_xref.v
│       │   │   ├── t_srandom_class_dep.py
│       │   │   ├── t_srandom_class_dep.v
│       │   │   ├── t_stack_check_fail.py
│       │   │   ├── t_stack_check.py
│       │   │   ├── t_stack_check.v
│       │   │   ├── t_stacktrace.py
│       │   │   ├── t_stacktrace.v
│       │   │   ├── t_static_dup_name.py
│       │   │   ├── t_static_dup_name.v
│       │   │   ├── t_static_elab.py
│       │   │   ├── t_static_elab.v
│       │   │   ├── t_static_function_in_class_noparen.py
│       │   │   ├── t_static_function_in_class_noparen.v
│       │   │   ├── t_static_function_in_class.py
│       │   │   ├── t_static_function_in_class.v
│       │   │   ├── t_static_in_loop.py
│       │   │   ├── t_static_in_loop.v
│       │   │   ├── t_static_init_pkg_order.py
│       │   │   ├── t_static_init_pkg_order.v
│       │   │   ├── t_static_task_args_bad.out
│       │   │   ├── t_static_task_args_bad.py
│       │   │   ├── t_static_task_args_bad.v
│       │   │   ├── t_static_task_args.py
│       │   │   ├── t_static_task_args.v
│       │   │   ├── t_static_var_xref.py
│       │   │   ├── t_static_var_xref.v
│       │   │   ├── t_std_identifier_bad.out
│       │   │   ├── t_std_identifier_bad.py
│       │   │   ├── t_std_identifier.py
│       │   │   ├── t_std_identifier.v
│       │   │   ├── t_std_pkg_bad.out
│       │   │   ├── t_std_pkg_bad.py
│       │   │   ├── t_std_pkg_bad.v
│       │   │   ├── t_std_process_self_std.py
│       │   │   ├── t_std_process_self.py
│       │   │   ├── t_std_process_self.v
│       │   │   ├── t_std_randomize_assoc.py
│       │   │   ├── t_std_randomize_assoc.v
│       │   │   ├── t_std_randomize_bad1.out
│       │   │   ├── t_std_randomize_bad1.py
│       │   │   ├── t_std_randomize_bad1.v
│       │   │   ├── t_std_randomize_mod.py
│       │   │   ├── t_std_randomize_mod.v
│       │   │   ├── t_std_randomize_no_args.py
│       │   │   ├── t_std_randomize_no_args.v
│       │   │   ├── t_std_randomize_queue.py
│       │   │   ├── t_std_randomize_queue.v
│       │   │   ├── t_std_randomize_static_member.py
│       │   │   ├── t_std_randomize_static_member.v
│       │   │   ├── t_std_randomize_unsup_unq_arr.out
│       │   │   ├── t_std_randomize_unsup_unq_arr.py
│       │   │   ├── t_std_randomize_unsup_unq_arr.v
│       │   │   ├── t_std_randomize_with.py
│       │   │   ├── t_std_randomize_with.v
│       │   │   ├── t_std_randomize.py
│       │   │   ├── t_std_randomize.v
│       │   │   ├── t_std_waiver_no.py
│       │   │   ├── t_std_waiver_no.v
│       │   │   ├── t_std_waiver.py
│       │   │   ├── t_std_waiver.v
│       │   │   ├── t_stmt_incr_unsup.out
│       │   │   ├── t_stmt_incr_unsup.py
│       │   │   ├── t_stmt_incr_unsup.v
│       │   │   ├── t_stop_bad.out
│       │   │   ├── t_stop_bad.py
│       │   │   ├── t_stop_bad.v
│       │   │   ├── t_stop_winos_bad.out
│       │   │   ├── t_stop_winos_bad.py
│       │   │   ├── t_stop_winos_bad.v
│       │   │   ├── t_stream_bad.out
│       │   │   ├── t_stream_bad.py
│       │   │   ├── t_stream_bad.v
│       │   │   ├── t_stream_bitqueue.py
│       │   │   ├── t_stream_bitqueue.v
│       │   │   ├── t_stream_crc_example.py
│       │   │   ├── t_stream_crc_example.v
│       │   │   ├── t_stream_dynamic.py
│       │   │   ├── t_stream_dynamic.v
│       │   │   ├── t_stream_integer_type.py
│       │   │   ├── t_stream_integer_type.v
│       │   │   ├── t_stream_queue_interface.py
│       │   │   ├── t_stream_queue_interface.sv
│       │   │   ├── t_stream_queue.py
│       │   │   ├── t_stream_queue.v
│       │   │   ├── t_stream_string_array.py
│       │   │   ├── t_stream_string_array.v
│       │   │   ├── t_stream_struct.py
│       │   │   ├── t_stream_struct.v
│       │   │   ├── t_stream_trace.out
│       │   │   ├── t_stream_trace.py
│       │   │   ├── t_stream_trace.v
│       │   │   ├── t_stream_type.py
│       │   │   ├── t_stream_type.v
│       │   │   ├── t_stream_unpack_lhs.py
│       │   │   ├── t_stream_unpack_lhs.v
│       │   │   ├── t_stream_unpack_narrower.out
│       │   │   ├── t_stream_unpack_narrower.py
│       │   │   ├── t_stream_unpack_narrower.v
│       │   │   ├── t_stream_unpack_wider.py
│       │   │   ├── t_stream_unpack_wider.v
│       │   │   ├── t_stream_unpack.py
│       │   │   ├── t_stream_unpack.v
│       │   │   ├── t_stream_unpacked_array_struct.py
│       │   │   ├── t_stream_unpacked_array_struct.v
│       │   │   ├── t_stream_unpacked_struct_bad.out
│       │   │   ├── t_stream_unpacked_struct_bad.py
│       │   │   ├── t_stream_unpacked_struct_bad.v
│       │   │   ├── t_stream_unpacked_struct_port.py
│       │   │   ├── t_stream_unpacked_struct_port.v
│       │   │   ├── t_stream_unpacked_struct.py
│       │   │   ├── t_stream_unpacked_struct.v
│       │   │   ├── t_stream.py
│       │   │   ├── t_stream.v
│       │   │   ├── t_stream2.py
│       │   │   ├── t_stream2.v
│       │   │   ├── t_stream3.py
│       │   │   ├── t_stream3.v
│       │   │   ├── t_stream4.py
│       │   │   ├── t_stream4.v
│       │   │   ├── t_stream5.py
│       │   │   ├── t_stream5.v
│       │   │   ├── t_strength_2_uneq_assign.out
│       │   │   ├── t_strength_2_uneq_assign.py
│       │   │   ├── t_strength_2_uneq_assign.v
│       │   │   ├── t_strength_assignments_constants.py
│       │   │   ├── t_strength_assignments_constants.v
│       │   │   ├── t_strength_buf_not.py
│       │   │   ├── t_strength_buf_not.v
│       │   │   ├── t_strength_equal_strength.py
│       │   │   ├── t_strength_equal_strength.v
│       │   │   ├── t_strength_highz.out
│       │   │   ├── t_strength_highz.py
│       │   │   ├── t_strength_highz.v
│       │   │   ├── t_strength_strong1_strong1_bad.out
│       │   │   ├── t_strength_strong1_strong1_bad.py
│       │   │   ├── t_strength_strong1_strong1_bad.v
│       │   │   ├── t_strength_strongest_constant.py
│       │   │   ├── t_strength_strongest_constant.v
│       │   │   ├── t_strength_strongest_non_tristate.py
│       │   │   ├── t_strength_strongest_non_tristate.v
│       │   │   ├── t_string_add_bad.out
│       │   │   ├── t_string_add_bad.py
│       │   │   ├── t_string_add_bad.v
│       │   │   ├── t_string_byte.py
│       │   │   ├── t_string_byte.v
│       │   │   ├── t_string_convert2.py
│       │   │   ├── t_string_convert2.v
│       │   │   ├── t_string_dyn_num.out
│       │   │   ├── t_string_dyn_num.py
│       │   │   ├── t_string_dyn_num.v
│       │   │   ├── t_string_octal.py
│       │   │   ├── t_string_octal.v
│       │   │   ├── t_string_repl.py
│       │   │   ├── t_string_repl.v
│       │   │   ├── t_string_sel.py
│       │   │   ├── t_string_sel.v
│       │   │   ├── t_string_size.out
│       │   │   ├── t_string_size.py
│       │   │   ├── t_string_size.v
│       │   │   ├── t_string_to_bit.py
│       │   │   ├── t_string_to_bit.v
│       │   │   ├── t_string_type_methods_bad.out
│       │   │   ├── t_string_type_methods_bad.py
│       │   │   ├── t_string_type_methods_bad.v
│       │   │   ├── t_string_type_methods.py
│       │   │   ├── t_string_type_methods.v
│       │   │   ├── t_string.py
│       │   │   ├── t_string.v
│       │   │   ├── t_struct_anon.py
│       │   │   ├── t_struct_anon.v
│       │   │   ├── t_struct_array_assignment_delayed.py
│       │   │   ├── t_struct_array_assignment_delayed.v
│       │   │   ├── t_struct_array_assignment.py
│       │   │   ├── t_struct_array_assignment.v
│       │   │   ├── t_struct_array.py
│       │   │   ├── t_struct_array.v
│       │   │   ├── t_struct_assign.out
│       │   │   ├── t_struct_assign.py
│       │   │   ├── t_struct_assign.v
│       │   │   ├── t_struct_circ_bad.out
│       │   │   ├── t_struct_circ_bad.py
│       │   │   ├── t_struct_circ_bad.v
│       │   │   ├── t_struct_clk.py
│       │   │   ├── t_struct_clk.v
│       │   │   ├── t_struct_cons_cast.py
│       │   │   ├── t_struct_cons_cast.v
│       │   │   ├── t_struct_contents_bad.out
│       │   │   ├── t_struct_contents_bad.py
│       │   │   ├── t_struct_contents_bad.v
│       │   │   ├── t_struct_contents.py
│       │   │   ├── t_struct_contents.v
│       │   │   ├── t_struct_genfor.py
│       │   │   ├── t_struct_genfor.v
│       │   │   ├── t_struct_init_bad.out
│       │   │   ├── t_struct_init_bad.py
│       │   │   ├── t_struct_init_trace.py
│       │   │   ├── t_struct_init.py
│       │   │   ├── t_struct_init.v
│       │   │   ├── t_struct_initial_assign_public.py
│       │   │   ├── t_struct_initial_assign.py
│       │   │   ├── t_struct_initial_assign.v
│       │   │   ├── t_struct_literal_param.py
│       │   │   ├── t_struct_literal_param.v
│       │   │   ├── t_struct_negate.py
│       │   │   ├── t_struct_negate.v
│       │   │   ├── t_struct_nest_uarray.py
│       │   │   ├── t_struct_nest_uarray.v
│       │   │   ├── t_struct_nest.py
│       │   │   ├── t_struct_nest.v
│       │   │   ├── t_struct_notfound_bad.out
│       │   │   ├── t_struct_notfound_bad.py
│       │   │   ├── t_struct_notfound_bad.v
│       │   │   ├── t_struct_packed_init_bad.out
│       │   │   ├── t_struct_packed_init_bad.py
│       │   │   ├── t_struct_packed_init_bad.v
│       │   │   ├── t_struct_packed_sysfunct.py
│       │   │   ├── t_struct_packed_sysfunct.v
│       │   │   ├── t_struct_packed_value_list.py
│       │   │   ├── t_struct_packed_value_list.v
│       │   │   ├── t_struct_packed_write_read.py
│       │   │   ├── t_struct_packed_write_read.v
│       │   │   ├── t_struct_param_overflow.py
│       │   │   ├── t_struct_param_overflow.v
│       │   │   ├── t_struct_param.py
│       │   │   ├── t_struct_param.v
│       │   │   ├── t_struct_pat_toomany_bad.out
│       │   │   ├── t_struct_pat_toomany_bad.py
│       │   │   ├── t_struct_pat_toomany_bad.v
│       │   │   ├── t_struct_pat_width.py
│       │   │   ├── t_struct_pat_width.v
│       │   │   ├── t_struct_pat.py
│       │   │   ├── t_struct_pat.v
│       │   │   ├── t_struct_port.py
│       │   │   ├── t_struct_port.v
│       │   │   ├── t_struct_portsel.py
│       │   │   ├── t_struct_portsel.v
│       │   │   ├── t_struct_type_bad.out
│       │   │   ├── t_struct_type_bad.py
│       │   │   ├── t_struct_type_bad.v
│       │   │   ├── t_struct_unaligned.py
│       │   │   ├── t_struct_unaligned.v
│       │   │   ├── t_struct_unpacked_array.py
│       │   │   ├── t_struct_unpacked_array.v
│       │   │   ├── t_struct_unpacked_clean.py
│       │   │   ├── t_struct_unpacked_clean.v
│       │   │   ├── t_struct_unpacked_init_param.py
│       │   │   ├── t_struct_unpacked_init_param.v
│       │   │   ├── t_struct_unpacked_init.py
│       │   │   ├── t_struct_unpacked_init.v
│       │   │   ├── t_struct_unpacked_param.py
│       │   │   ├── t_struct_unpacked_param.v
│       │   │   ├── t_struct_unpacked.py
│       │   │   ├── t_struct_unpacked.v
│       │   │   ├── t_struct_unused.py
│       │   │   ├── t_struct_unused.v
│       │   │   ├── t_struct_with_param_class.py
│       │   │   ├── t_struct_with_param_class.v
│       │   │   ├── t_structu_dataType_assignment_bad.out
│       │   │   ├── t_structu_dataType_assignment_bad.py
│       │   │   ├── t_structu_dataType_assignment_bad.v
│       │   │   ├── t_structu_dataType_assignment.py
│       │   │   ├── t_structu_dataType_assignment.v
│       │   │   ├── t_structu_wide.py
│       │   │   ├── t_structu_wide.v
│       │   │   ├── t_sv_bus_mux_demux.py
│       │   │   ├── t_sv_bus_mux_demux.v
│       │   │   ├── t_sv_conditional.py
│       │   │   ├── t_sv_conditional.v
│       │   │   ├── t_sv_cpu.py
│       │   │   ├── t_sv_cpu.v
│       │   │   ├── t_sys_delta_monitor.out
│       │   │   ├── t_sys_delta_monitor.py
│       │   │   ├── t_sys_delta_monitor.v
│       │   │   ├── t_sys_file_autoflush.py
│       │   │   ├── t_sys_file_basic_cover_expr.out
│       │   │   ├── t_sys_file_basic_cover_expr.py
│       │   │   ├── t_sys_file_basic_input.dat
│       │   │   ├── t_sys_file_basic_mcd_test2_0.dat
│       │   │   ├── t_sys_file_basic_mcd_test2_1.dat
│       │   │   ├── t_sys_file_basic_mcd_test2_2.dat
│       │   │   ├── t_sys_file_basic_mcd_test5.dat
│       │   │   ├── t_sys_file_basic_mcd.out
│       │   │   ├── t_sys_file_basic_mcd.py
│       │   │   ├── t_sys_file_basic_mcd.v
│       │   │   ├── t_sys_file_basic_uz.dat
│       │   │   ├── t_sys_file_basic_uz.out
│       │   │   ├── t_sys_file_basic_uz.py
│       │   │   ├── t_sys_file_basic_uz.v
│       │   │   ├── t_sys_file_basic.out
│       │   │   ├── t_sys_file_basic.py
│       │   │   ├── t_sys_file_basic.v
│       │   │   ├── t_sys_file_eof.py
│       │   │   ├── t_sys_file_eof.v
│       │   │   ├── t_sys_file_null.py
│       │   │   ├── t_sys_file_null.v
│       │   │   ├── t_sys_file_scan_delay.dat
│       │   │   ├── t_sys_file_scan_delay.py
│       │   │   ├── t_sys_file_scan_delay.v
│       │   │   ├── t_sys_file_scan.dat
│       │   │   ├── t_sys_file_scan.out
│       │   │   ├── t_sys_file_scan.py
│       │   │   ├── t_sys_file_scan.v
│       │   │   ├── t_sys_file_scan2.dat
│       │   │   ├── t_sys_file_scan2.py
│       │   │   ├── t_sys_file_scan2.v
│       │   │   ├── t_sys_file_zero.py
│       │   │   ├── t_sys_file_zero.v
│       │   │   ├── t_sys_fmonitor.out
│       │   │   ├── t_sys_fmonitor.py
│       │   │   ├── t_sys_fmonitor.v
│       │   │   ├── t_sys_fread.out
│       │   │   ├── t_sys_fread.py
│       │   │   ├── t_sys_fread.v
│       │   │   ├── t_sys_fscanf_bad.out
│       │   │   ├── t_sys_fscanf_bad.py
│       │   │   ├── t_sys_fscanf_bad.v
│       │   │   ├── t_sys_fstrobe.out
│       │   │   ├── t_sys_fstrobe.py
│       │   │   ├── t_sys_fstrobe.v
│       │   │   ├── t_sys_get_init_seed.py
│       │   │   ├── t_sys_get_init_seed.v
│       │   │   ├── t_sys_monitor_changes.out
│       │   │   ├── t_sys_monitor_changes.py
│       │   │   ├── t_sys_monitor_changes.v
│       │   │   ├── t_sys_monitor_dotted.py
│       │   │   ├── t_sys_monitor_dotted.v
│       │   │   ├── t_sys_monitor.out
│       │   │   ├── t_sys_monitor.py
│       │   │   ├── t_sys_monitor.v
│       │   │   ├── t_sys_plusargs_bad.py
│       │   │   ├── t_sys_plusargs_bad.v
│       │   │   ├── t_sys_plusargs.py
│       │   │   ├── t_sys_plusargs.v
│       │   │   ├── t_sys_psprintf_warn_bad.out
│       │   │   ├── t_sys_psprintf_warn_bad.py
│       │   │   ├── t_sys_psprintf.py
│       │   │   ├── t_sys_psprintf.v
│       │   │   ├── t_sys_queue_unsup.out
│       │   │   ├── t_sys_queue_unsup.py
│       │   │   ├── t_sys_queue_unsup.v
│       │   │   ├── t_sys_random_concat.py
│       │   │   ├── t_sys_random_concat.v
│       │   │   ├── t_sys_random_seed.py
│       │   │   ├── t_sys_random_seed.v
│       │   │   ├── t_sys_random.py
│       │   │   ├── t_sys_random.v
│       │   │   ├── t_sys_readmem_4state__b.mem.out
│       │   │   ├── t_sys_readmem_4state__h.mem.out
│       │   │   ├── t_sys_readmem_4state.mem
│       │   │   ├── t_sys_readmem_4state.py
│       │   │   ├── t_sys_readmem_4state.v
│       │   │   ├── t_sys_readmem_align_h.mem
│       │   │   ├── t_sys_readmem_assoc__c_b.mem.out
│       │   │   ├── t_sys_readmem_assoc__w_h.mem.out
│       │   │   ├── t_sys_readmem_assoc_bad.out
│       │   │   ├── t_sys_readmem_assoc_bad.py
│       │   │   ├── t_sys_readmem_assoc_bad.v
│       │   │   ├── t_sys_readmem_assoc.py
│       │   │   ├── t_sys_readmem_assoc.v
│       │   │   ├── t_sys_readmem_b_8.mem
│       │   │   ├── t_sys_readmem_b.mem
│       │   │   ├── t_sys_readmem_bad_addr.mem
│       │   │   ├── t_sys_readmem_bad_addr.out
│       │   │   ├── t_sys_readmem_bad_addr.py
│       │   │   ├── t_sys_readmem_bad_addr.v
│       │   │   ├── t_sys_readmem_bad_addr2.mem
│       │   │   ├── t_sys_readmem_bad_addr2.out
│       │   │   ├── t_sys_readmem_bad_addr2.py
│       │   │   ├── t_sys_readmem_bad_addr2.v
│       │   │   ├── t_sys_readmem_bad_digit.mem
│       │   │   ├── t_sys_readmem_bad_digit.out
│       │   │   ├── t_sys_readmem_bad_digit.py
│       │   │   ├── t_sys_readmem_bad_digit.v
│       │   │   ├── t_sys_readmem_bad_end.mem
│       │   │   ├── t_sys_readmem_bad_end.out
│       │   │   ├── t_sys_readmem_bad_end.py
│       │   │   ├── t_sys_readmem_bad_end.v
│       │   │   ├── t_sys_readmem_bad_end2.mem
│       │   │   ├── t_sys_readmem_bad_notfound.out
│       │   │   ├── t_sys_readmem_bad_notfound.py
│       │   │   ├── t_sys_readmem_bad_notfound.v
│       │   │   ├── t_sys_readmem_c.mem
│       │   │   ├── t_sys_readmem_eof.py
│       │   │   ├── t_sys_readmem_eof.v
│       │   │   ├── t_sys_readmem_h.mem
│       │   │   ├── t_sys_readmem_i.mem
│       │   │   ├── t_sys_readmem_q.mem
│       │   │   ├── t_sys_readmem_s.mem
│       │   │   ├── t_sys_readmem.py
│       │   │   ├── t_sys_readmem.v
│       │   │   ├── t_sys_sformat_noopt.py
│       │   │   ├── t_sys_sformat.py
│       │   │   ├── t_sys_sformat.v
│       │   │   ├── t_sys_sscanf.py
│       │   │   ├── t_sys_sscanf.v
│       │   │   ├── t_sys_strobe.out
│       │   │   ├── t_sys_strobe.py
│       │   │   ├── t_sys_strobe.v
│       │   │   ├── t_sys_system.py
│       │   │   ├── t_sys_system.v
│       │   │   ├── t_sys_time.py
│       │   │   ├── t_sys_time.v
│       │   │   ├── t_sys_writemem_b.gold1.mem
│       │   │   ├── t_sys_writemem_b.gold2.mem
│       │   │   ├── t_sys_writemem_b.gold3.mem
│       │   │   ├── t_sys_writemem_b.gold4.mem
│       │   │   ├── t_sys_writemem_b.gold5.mem
│       │   │   ├── t_sys_writemem_b.gold6.mem
│       │   │   ├── t_sys_writemem_b.gold7.mem
│       │   │   ├── t_sys_writemem_b.gold8.mem
│       │   │   ├── t_sys_writemem_b.py
│       │   │   ├── t_sys_writemem.gold1.mem
│       │   │   ├── t_sys_writemem.gold2.mem
│       │   │   ├── t_sys_writemem.gold3.mem
│       │   │   ├── t_sys_writemem.gold4.mem
│       │   │   ├── t_sys_writemem.gold5.mem
│       │   │   ├── t_sys_writemem.gold6.mem
│       │   │   ├── t_sys_writemem.gold7.mem
│       │   │   ├── t_sys_writemem.gold8.mem
│       │   │   ├── t_sys_writemem.py
│       │   │   ├── t_tagged_case.out
│       │   │   ├── t_tagged_case.py
│       │   │   ├── t_tagged_case.v
│       │   │   ├── t_tagged_if.out
│       │   │   ├── t_tagged_if.py
│       │   │   ├── t_tagged_if.v
│       │   │   ├── t_tagged_union.out
│       │   │   ├── t_tagged_union.py
│       │   │   ├── t_tagged_union.v
│       │   │   ├── t_tagged.out
│       │   │   ├── t_tagged.py
│       │   │   ├── t_tagged.v
│       │   │   ├── t_threads_counter_0.py
│       │   │   ├── t_threads_counter_1.py
│       │   │   ├── t_threads_counter_2.py
│       │   │   ├── t_threads_counter_4.py
│       │   │   ├── t_threads_counter.v
│       │   │   ├── t_threads_crazy_context.py
│       │   │   ├── t_threads_crazy.py
│       │   │   ├── t_threads_crazy.v
│       │   │   ├── t_threads_nondeterminism.py
│       │   │   ├── t_time_literals.py
│       │   │   ├── t_time_literals.v
│       │   │   ├── t_time_param.py
│       │   │   ├── t_time_param.v
│       │   │   ├── t_time_passed.out
│       │   │   ├── t_time_passed.py
│       │   │   ├── t_time_passed.v
│       │   │   ├── t_time_print.out
│       │   │   ├── t_time_print.py
│       │   │   ├── t_time_print.v
│       │   │   ├── t_time_sc_10_ns.out
│       │   │   ├── t_time_sc_10_ns.py
│       │   │   ├── t_time_sc_bad_mt.out
│       │   │   ├── t_time_sc_bad_mt.py
│       │   │   ├── t_time_sc_bad.out
│       │   │   ├── t_time_sc_bad.py
│       │   │   ├── t_time_sc_fs.out
│       │   │   ├── t_time_sc_fs.py
│       │   │   ├── t_time_sc_ms.out
│       │   │   ├── t_time_sc_ms.py
│       │   │   ├── t_time_sc_ns.out
│       │   │   ├── t_time_sc_ns.py
│       │   │   ├── t_time_sc_sec.out
│       │   │   ├── t_time_sc_sec.py
│       │   │   ├── t_time_sc_us.out
│       │   │   ├── t_time_sc_us.py
│       │   │   ├── t_time_sc.v
│       │   │   ├── t_time_sscanf.py
│       │   │   ├── t_time_sscanf.v
│       │   │   ├── t_time_stamp_double.py
│       │   │   ├── t_time_stamp64.py
│       │   │   ├── t_time_stamp64.v
│       │   │   ├── t_time_timeunit.py
│       │   │   ├── t_time_timeunit.v
│       │   │   ├── t_time_vpi_100s10ms.out
│       │   │   ├── t_time_vpi_100s10ms.py
│       │   │   ├── t_time_vpi_10ms10ns.out
│       │   │   ├── t_time_vpi_10ms10ns.py
│       │   │   ├── t_time_vpi_1fs1fs.out
│       │   │   ├── t_time_vpi_1fs1fs.py
│       │   │   ├── t_time_vpi_1ms10ns.out
│       │   │   ├── t_time_vpi_1ms10ns.py
│       │   │   ├── t_time_vpi_1ns1ns.out
│       │   │   ├── t_time_vpi_1ns1ns.py
│       │   │   ├── t_time_vpi_1ps1fs.out
│       │   │   ├── t_time_vpi_1ps1fs.py
│       │   │   ├── t_time_vpi_1s10ns.out
│       │   │   ├── t_time_vpi_1s10ns.py
│       │   │   ├── t_time_vpi_1us1ns.out
│       │   │   ├── t_time_vpi_1us1ns.py
│       │   │   ├── t_time_vpi_c.cpp
│       │   │   ├── t_time_vpi.v
│       │   │   ├── t_time.py
│       │   │   ├── t_time.v
│       │   │   ├── t_timescale_default.out
│       │   │   ├── t_timescale_default.py
│       │   │   ├── t_timescale_default.v
│       │   │   ├── t_timescale_lint_bad.out
│       │   │   ├── t_timescale_lint_bad.py
│       │   │   ├── t_timescale_lint.py
│       │   │   ├── t_timescale_lint.v
│       │   │   ├── t_timescale_lint2.py
│       │   │   ├── t_timescale_nobackwards.out
│       │   │   ├── t_timescale_nobackwards.py
│       │   │   ├── t_timescale_nobackwards.v
│       │   │   ├── t_timescale_parse_bad.out
│       │   │   ├── t_timescale_parse_bad.py
│       │   │   ├── t_timescale_parse_bad.v
│       │   │   ├── t_timescale_parse.cpp
│       │   │   ├── t_timescale_parse.py
│       │   │   ├── t_timescale_parse.v
│       │   │   ├── t_timescale_udp.py
│       │   │   ├── t_timescale_udp.v
│       │   │   ├── t_timescale_unit.out
│       │   │   ├── t_timescale_unit.py
│       │   │   ├── t_timescale_unit.v
│       │   │   ├── t_timing_always.py
│       │   │   ├── t_timing_always.v
│       │   │   ├── t_timing_at_class.py
│       │   │   ├── t_timing_at_class.v
│       │   │   ├── t_timing_at_dtype_bad.out
│       │   │   ├── t_timing_at_dtype_bad.py
│       │   │   ├── t_timing_at_dtype_bad.v
│       │   │   ├── t_timing_class_static_delay.py
│       │   │   ├── t_timing_class_static_delay.v
│       │   │   ├── t_timing_class.py
│       │   │   ├── t_timing_class.v
│       │   │   ├── t_timing_clkgen_sc.py
│       │   │   ├── t_timing_clkgen_unsup.out
│       │   │   ├── t_timing_clkgen_unsup.py
│       │   │   ├── t_timing_clkgen1.py
│       │   │   ├── t_timing_clkgen1.v
│       │   │   ├── t_timing_clkgen2.py
│       │   │   ├── t_timing_clkgen2.v
│       │   │   ├── t_timing_clkgen3.py
│       │   │   ├── t_timing_clkgen3.v
│       │   │   ├── t_timing_cmake.py
│       │   │   ├── t_timing_debug1.out
│       │   │   ├── t_timing_debug1.py
│       │   │   ├── t_timing_debug2.out
│       │   │   ├── t_timing_debug2.py
│       │   │   ├── t_timing_delay_callstack.py
│       │   │   ├── t_timing_delay_callstack.v
│       │   │   ├── t_timing_dlyassign.py
│       │   │   ├── t_timing_dlyassign.v
│       │   │   ├── t_timing_dpi_unsup.cpp
│       │   │   ├── t_timing_dpi_unsup.out
│       │   │   ├── t_timing_dpi_unsup.py
│       │   │   ├── t_timing_dpi_unsup.v
│       │   │   ├── t_timing_dynscope.py
│       │   │   ├── t_timing_dynscope.v
│       │   │   ├── t_timing_eval_act.out
│       │   │   ├── t_timing_eval_act.py
│       │   │   ├── t_timing_eval_act.v
│       │   │   ├── t_timing_events.py
│       │   │   ├── t_timing_events.v
│       │   │   ├── t_timing_finish.py
│       │   │   ├── t_timing_finish.v
│       │   │   ├── t_timing_finish2.py
│       │   │   ├── t_timing_finish2.v
│       │   │   ├── t_timing_finish3.py
│       │   │   ├── t_timing_finish3.v
│       │   │   ├── t_timing_fork_comb_bad.py
│       │   │   ├── t_timing_fork_comb.py
│       │   │   ├── t_timing_fork_comb.v
│       │   │   ├── t_timing_fork_join_forkproc.out
│       │   │   ├── t_timing_fork_join_forkproc.py
│       │   │   ├── t_timing_fork_join.out
│       │   │   ├── t_timing_fork_join.py
│       │   │   ├── t_timing_fork_join.v
│       │   │   ├── t_timing_fork_many.py
│       │   │   ├── t_timing_fork_many.v
│       │   │   ├── t_timing_fork_nba.py
│       │   │   ├── t_timing_fork_nba.v
│       │   │   ├── t_timing_fork_no_timing_ctrl.py
│       │   │   ├── t_timing_fork_no_timing_ctrl.v
│       │   │   ├── t_timing_fork_rec_method.py
│       │   │   ├── t_timing_fork_rec_method.v
│       │   │   ├── t_timing_fork_taskcall.py
│       │   │   ├── t_timing_fork_taskcall.v
│       │   │   ├── t_timing_func_bad.out
│       │   │   ├── t_timing_func_bad.py
│       │   │   ├── t_timing_func_bad.v
│       │   │   ├── t_timing_func_fork_bad.out
│       │   │   ├── t_timing_func_fork_bad.py
│       │   │   ├── t_timing_func_fork_bad.v
│       │   │   ├── t_timing_func_fork.py
│       │   │   ├── t_timing_func_fork.v
│       │   │   ├── t_timing_func_join.py
│       │   │   ├── t_timing_func_join.v
│       │   │   ├── t_timing_initial_always.py
│       │   │   ├── t_timing_initial_always.v
│       │   │   ├── t_timing_initial_edge.py
│       │   │   ├── t_timing_initial_edge.v
│       │   │   ├── t_timing_intra_assign_func.py
│       │   │   ├── t_timing_intra_assign_func.v
│       │   │   ├── t_timing_intra_assign_nolocalize.py
│       │   │   ├── t_timing_intra_assign.out
│       │   │   ├── t_timing_intra_assign.py
│       │   │   ├── t_timing_intra_assign.v
│       │   │   ├── t_timing_localevent.py
│       │   │   ├── t_timing_localevent.v
│       │   │   ├── t_timing_long.py
│       │   │   ├── t_timing_nba_1.py
│       │   │   ├── t_timing_nba_1.v
│       │   │   ├── t_timing_nba_2.py
│       │   │   ├── t_timing_nba_2.v
│       │   │   ├── t_timing_nested_assignment_on_lhs.py
│       │   │   ├── t_timing_nested_assignment_on_lhs.v
│       │   │   ├── t_timing_off.py
│       │   │   ├── t_timing_off.v
│       │   │   ├── t_timing_osc.out
│       │   │   ├── t_timing_osc.py
│       │   │   ├── t_timing_osc.v
│       │   │   ├── t_timing_pong.py
│       │   │   ├── t_timing_pong.v
│       │   │   ├── t_timing_protect.py
│       │   │   ├── t_timing_reentry.py
│       │   │   ├── t_timing_reentry.v
│       │   │   ├── t_timing_sched_if.py
│       │   │   ├── t_timing_sched_if.v
│       │   │   ├── t_timing_sched_nba.py
│       │   │   ├── t_timing_sched_nba.v
│       │   │   ├── t_timing_sched.py
│       │   │   ├── t_timing_sched.v
│       │   │   ├── t_timing_split.py
│       │   │   ├── t_timing_split.v
│       │   │   ├── t_timing_strobe.out
│       │   │   ├── t_timing_strobe.py
│       │   │   ├── t_timing_strobe.v
│       │   │   ├── t_timing_suspend_two_retrigger.py
│       │   │   ├── t_timing_suspend_two_retrigger.v
│       │   │   ├── t_timing_suspendable_deep.py
│       │   │   ├── t_timing_suspendable_deep.v
│       │   │   ├── t_timing_timescale.out
│       │   │   ├── t_timing_timescale.py
│       │   │   ├── t_timing_timescale.v
│       │   │   ├── t_timing_unset1.out
│       │   │   ├── t_timing_unset1.py
│       │   │   ├── t_timing_unset2.out
│       │   │   ├── t_timing_unset2.py
│       │   │   ├── t_timing_unset3.out
│       │   │   ├── t_timing_unset3.py
│       │   │   ├── t_timing_wait_long.out
│       │   │   ├── t_timing_wait_long.py
│       │   │   ├── t_timing_wait_long.v
│       │   │   ├── t_timing_wait1.py
│       │   │   ├── t_timing_wait1.v
│       │   │   ├── t_timing_wait2.out
│       │   │   ├── t_timing_wait2.py
│       │   │   ├── t_timing_wait2.v
│       │   │   ├── t_timing_wait3.py
│       │   │   ├── t_timing_wait3.v
│       │   │   ├── t_timing_write_expr.py
│       │   │   ├── t_timing_write_expr.v
│       │   │   ├── t_timing_zerodly_2.py
│       │   │   ├── t_timing_zerodly_2.v
│       │   │   ├── t_timing_zerodly_consecutive.py
│       │   │   ├── t_timing_zerodly_consecutive.v
│       │   │   ├── t_timing_zerodly.py
│       │   │   ├── t_timing_zerodly.v
│       │   │   ├── t_to_string_emitted_class_hierarchy.v
│       │   │   ├── t_to_string_emitted_class_hierarchy1.out
│       │   │   ├── t_to_string_emitted_class_hierarchy1.py
│       │   │   ├── t_to_string_emitted_class_hierarchy2.out
│       │   │   ├── t_to_string_emitted_class_hierarchy2.py
│       │   │   ├── t_to_string_emitted_class_hierarchy3.out
│       │   │   ├── t_to_string_emitted_class_hierarchy3.py
│       │   │   ├── t_to_string_emitted_class_hierarchy4.out
│       │   │   ├── t_to_string_emitted_class_hierarchy4.py
│       │   │   ├── t_to_string_emitted_class_hierarchy5.out
│       │   │   ├── t_to_string_emitted_class_hierarchy5.py
│       │   │   ├── t_to_string_emitted_class_hierarchy6.out
│       │   │   ├── t_to_string_emitted_class_hierarchy6.py
│       │   │   ├── t_to_string_emitted_not.py
│       │   │   ├── t_to_string_emitted.out
│       │   │   ├── t_to_string_emitted.py
│       │   │   ├── t_to_string_emitted.v
│       │   │   ├── t_trace_abort_cc_fst.out
│       │   │   ├── t_trace_abort_cc_fst.py
│       │   │   ├── t_trace_abort_cc_saif.out
│       │   │   ├── t_trace_abort_cc_saif.py
│       │   │   ├── t_trace_abort_cc_vcd.out
│       │   │   ├── t_trace_abort_cc_vcd.py
│       │   │   ├── t_trace_abort_sc_fst.out
│       │   │   ├── t_trace_abort_sc_fst.py
│       │   │   ├── t_trace_abort.v
│       │   │   ├── t_trace_array_cc_fst_portable.py
│       │   │   ├── t_trace_array_cc_fst.out
│       │   │   ├── t_trace_array_cc_fst.py
│       │   │   ├── t_trace_array_cc_saif_portable.py
│       │   │   ├── t_trace_array_cc_saif.out
│       │   │   ├── t_trace_array_cc_saif.py
│       │   │   ├── t_trace_array_cc_vcd.out
│       │   │   ├── t_trace_array_cc_vcd.py
│       │   │   ├── t_trace_array_sc_fst_portable.py
│       │   │   ├── t_trace_array_sc_fst.out
│       │   │   ├── t_trace_array_sc_fst.py
│       │   │   ├── t_trace_array.v
│       │   │   ├── t_trace_ascendingrange_cc_fst.out
│       │   │   ├── t_trace_ascendingrange_cc_fst.py
│       │   │   ├── t_trace_ascendingrange_cc_saif.out
│       │   │   ├── t_trace_ascendingrange_cc_saif.py
│       │   │   ├── t_trace_ascendingrange_cc_vcd.out
│       │   │   ├── t_trace_ascendingrange_cc_vcd.py
│       │   │   ├── t_trace_ascendingrange_sc_fst.out
│       │   │   ├── t_trace_ascendingrange_sc_fst.py
│       │   │   ├── t_trace_ascendingrange.v
│       │   │   ├── t_trace_basic_cc_fst_cmake.py
│       │   │   ├── t_trace_basic_cc_fst.out
│       │   │   ├── t_trace_basic_cc_fst.py
│       │   │   ├── t_trace_basic_cc_saif_cmake.py
│       │   │   ├── t_trace_basic_cc_saif.out
│       │   │   ├── t_trace_basic_cc_saif.py
│       │   │   ├── t_trace_basic_cc_vcd_cmake.py
│       │   │   ├── t_trace_basic_cc_vcd.out
│       │   │   ├── t_trace_basic_cc_vcd.py
│       │   │   ├── t_trace_basic_sc_fst_cmake.py
│       │   │   ├── t_trace_basic_sc_fst.out
│       │   │   ├── t_trace_basic_sc_fst.py
│       │   │   ├── t_trace_basic_sc_saif_cmake.py
│       │   │   ├── t_trace_basic_sc_saif.out
│       │   │   ├── t_trace_basic_sc_saif.py
│       │   │   ├── t_trace_basic_sc_vcd_cmake.py
│       │   │   ├── t_trace_basic_sc_vcd.out
│       │   │   ├── t_trace_basic_sc_vcd.py
│       │   │   ├── t_trace_basic.v
│       │   │   ├── t_trace_binary_flag_off.out
│       │   │   ├── t_trace_binary_flag_off.py
│       │   │   ├── t_trace_binary.out
│       │   │   ├── t_trace_binary.py
│       │   │   ├── t_trace_binary.v
│       │   │   ├── t_trace_cat_fst.cpp
│       │   │   ├── t_trace_cat_opennext_vcd.out
│       │   │   ├── t_trace_cat_opennext_vcd.py
│       │   │   ├── t_trace_cat_renew_fst_part_0000.out
│       │   │   ├── t_trace_cat_renew_fst_part_0100.out
│       │   │   ├── t_trace_cat_renew_fst.py
│       │   │   ├── t_trace_cat_renew_saif_part_0000.out
│       │   │   ├── t_trace_cat_renew_saif_part_0100.out
│       │   │   ├── t_trace_cat_renew_saif.py
│       │   │   ├── t_trace_cat_renew_vcd_part_0000.out
│       │   │   ├── t_trace_cat_renew_vcd_part_0100.out
│       │   │   ├── t_trace_cat_renew_vcd.py
│       │   │   ├── t_trace_cat_reopen_fst_part_0000.out
│       │   │   ├── t_trace_cat_reopen_fst_part_0100.out
│       │   │   ├── t_trace_cat_reopen_fst.py
│       │   │   ├── t_trace_cat_reopen_saif_part_0000.out
│       │   │   ├── t_trace_cat_reopen_saif_part_0100.out
│       │   │   ├── t_trace_cat_reopen_saif.py
│       │   │   ├── t_trace_cat_reopen_vcd_part_0000.out
│       │   │   ├── t_trace_cat_reopen_vcd_part_0100.out
│       │   │   ├── t_trace_cat_reopen_vcd.py
│       │   │   ├── t_trace_cat.cpp
│       │   │   ├── t_trace_cat.v
│       │   │   ├── t_trace_class.out
│       │   │   ├── t_trace_class.py
│       │   │   ├── t_trace_class.v
│       │   │   ├── t_trace_complex_default_cc_fst_noinl.py
│       │   │   ├── t_trace_complex_default_cc_fst.out
│       │   │   ├── t_trace_complex_default_cc_fst.py
│       │   │   ├── t_trace_complex_default_cc_saif_noinl.py
│       │   │   ├── t_trace_complex_default_cc_saif.out
│       │   │   ├── t_trace_complex_default_cc_saif.py
│       │   │   ├── t_trace_complex_default_cc_vcd_noinl.py
│       │   │   ├── t_trace_complex_default_cc_vcd_portable.py
│       │   │   ├── t_trace_complex_default_cc_vcd.out
│       │   │   ├── t_trace_complex_default_cc_vcd.py
│       │   │   ├── t_trace_complex_default_sc_fst.out
│       │   │   ├── t_trace_complex_default_sc_fst.py
│       │   │   ├── t_trace_complex_default_sc_vcd.out
│       │   │   ├── t_trace_complex_default_sc_vcd.py
│       │   │   ├── t_trace_complex_params_cc_fst_noinl.py
│       │   │   ├── t_trace_complex_params_cc_fst.out
│       │   │   ├── t_trace_complex_params_cc_fst.py
│       │   │   ├── t_trace_complex_params_cc_saif_noinl.py
│       │   │   ├── t_trace_complex_params_cc_saif.out
│       │   │   ├── t_trace_complex_params_cc_saif.py
│       │   │   ├── t_trace_complex_params_cc_vcd_noinl.py
│       │   │   ├── t_trace_complex_params_cc_vcd.out
│       │   │   ├── t_trace_complex_params_cc_vcd.py
│       │   │   ├── t_trace_complex_params_sc_fst.out
│       │   │   ├── t_trace_complex_params_sc_fst.py
│       │   │   ├── t_trace_complex_params_sc_vcd.out
│       │   │   ├── t_trace_complex_params_sc_vcd.py
│       │   │   ├── t_trace_complex_structs_cc_fst_noinl.py
│       │   │   ├── t_trace_complex_structs_cc_fst.out
│       │   │   ├── t_trace_complex_structs_cc_fst.py
│       │   │   ├── t_trace_complex_structs_cc_saif_noinl.py
│       │   │   ├── t_trace_complex_structs_cc_saif.out
│       │   │   ├── t_trace_complex_structs_cc_saif.py
│       │   │   ├── t_trace_complex_structs_cc_vcd_noinl.py
│       │   │   ├── t_trace_complex_structs_cc_vcd.out
│       │   │   ├── t_trace_complex_structs_cc_vcd.py
│       │   │   ├── t_trace_complex_structs_sc_fst.out
│       │   │   ├── t_trace_complex_structs_sc_fst.py
│       │   │   ├── t_trace_complex_structs_sc_vcd.out
│       │   │   ├── t_trace_complex_structs_sc_vcd.py
│       │   │   ├── t_trace_complex.v
│       │   │   ├── t_trace_decoration.py
│       │   │   ├── t_trace_decoration.v
│       │   │   ├── t_trace_depth.py
│       │   │   ├── t_trace_depth.v
│       │   │   ├── t_trace_dumporder_bad.out
│       │   │   ├── t_trace_dumporder_bad.py
│       │   │   ├── t_trace_dumporder_bad.v
│       │   │   ├── t_trace_dumpvars_dyn_0_cc_fst.out
│       │   │   ├── t_trace_dumpvars_dyn_0_cc_fst.py
│       │   │   ├── t_trace_dumpvars_dyn_0_cc_saif.out
│       │   │   ├── t_trace_dumpvars_dyn_0_cc_saif.py
│       │   │   ├── t_trace_dumpvars_dyn_0_cc_vcd.out
│       │   │   ├── t_trace_dumpvars_dyn_0_cc_vcd.py
│       │   │   ├── t_trace_dumpvars_dyn_1_cc_fst.out
│       │   │   ├── t_trace_dumpvars_dyn_1_cc_fst.py
│       │   │   ├── t_trace_dumpvars_dyn_1_cc_saif.out
│       │   │   ├── t_trace_dumpvars_dyn_1_cc_saif.py
│       │   │   ├── t_trace_dumpvars_dyn_1_cc_vcd.out
│       │   │   ├── t_trace_dumpvars_dyn_1_cc_vcd.py
│       │   │   ├── t_trace_dumpvars_dyn.cpp
│       │   │   ├── t_trace_dumpvars_dyn.v
│       │   │   ├── t_trace_empty.py
│       │   │   ├── t_trace_empty.v
│       │   │   ├── t_trace_ena_cc.out
│       │   │   ├── t_trace_ena_cc.py
│       │   │   ├── t_trace_ena_sc.out
│       │   │   ├── t_trace_ena_sc.py
│       │   │   ├── t_trace_ena.v
│       │   │   ├── t_trace_enum_fst.out
│       │   │   ├── t_trace_enum_fst.py
│       │   │   ├── t_trace_enum_saif.out
│       │   │   ├── t_trace_enum_saif.py
│       │   │   ├── t_trace_enum_vcd.out
│       │   │   ├── t_trace_enum_vcd.py
│       │   │   ├── t_trace_enum.v
│       │   │   ├── t_trace_event_fst.out
│       │   │   ├── t_trace_event_fst.py
│       │   │   ├── t_trace_event_saif.out
│       │   │   ├── t_trace_event_saif.py
│       │   │   ├── t_trace_event_vcd.out
│       │   │   ├── t_trace_event_vcd.py
│       │   │   ├── t_trace_event.v
│       │   │   ├── t_trace_flag_off.out
│       │   │   ├── t_trace_flag_off.py
│       │   │   ├── t_trace_flag_off.v
│       │   │   ├── t_trace_hier_block_default_cc_fst_noinl.py
│       │   │   ├── t_trace_hier_block_default_cc_fst.out
│       │   │   ├── t_trace_hier_block_default_cc_fst.py
│       │   │   ├── t_trace_hier_block_default_cc_saif_noinl.py
│       │   │   ├── t_trace_hier_block_default_cc_saif.out
│       │   │   ├── t_trace_hier_block_default_cc_saif.py
│       │   │   ├── t_trace_hier_block_default_cc_vcd_noinl.py
│       │   │   ├── t_trace_hier_block_default_cc_vcd.out
│       │   │   ├── t_trace_hier_block_default_cc_vcd.py
│       │   │   ├── t_trace_hier_block_default_sc_fst.out
│       │   │   ├── t_trace_hier_block_default_sc_fst.py
│       │   │   ├── t_trace_hier_block_default_sc_vcd.out
│       │   │   ├── t_trace_hier_block_default_sc_vcd.py
│       │   │   ├── t_trace_hier_block_notop_cc_fst.out
│       │   │   ├── t_trace_hier_block_notop_cc_fst.py
│       │   │   ├── t_trace_hier_block_notop_cc_saif.out
│       │   │   ├── t_trace_hier_block_notop_cc_saif.py
│       │   │   ├── t_trace_hier_block_notop_cc_vcd.out
│       │   │   ├── t_trace_hier_block_notop_cc_vcd.py
│       │   │   ├── t_trace_hier_block_statefulpkg_cc_vcd.out
│       │   │   ├── t_trace_hier_block_statefulpkg_cc_vcd.py
│       │   │   ├── t_trace_hier_fst_noinl.py
│       │   │   ├── t_trace_hier_fst.out
│       │   │   ├── t_trace_hier_fst.py
│       │   │   ├── t_trace_hier_saif_noinl.py
│       │   │   ├── t_trace_hier_saif.out
│       │   │   ├── t_trace_hier_saif.py
│       │   │   ├── t_trace_hier_vcd_noinl.py
│       │   │   ├── t_trace_hier_vcd.out
│       │   │   ├── t_trace_hier_vcd.py
│       │   │   ├── t_trace_hier.v
│       │   │   ├── t_trace_huge_array.py
│       │   │   ├── t_trace_huge_array.v
│       │   │   ├── t_trace_iface.out
│       │   │   ├── t_trace_iface.py
│       │   │   ├── t_trace_iface.v
│       │   │   ├── t_trace_interface_ref_cc_fst.out
│       │   │   ├── t_trace_interface_ref_cc_fst.py
│       │   │   ├── t_trace_interface_ref_cc_saif.out
│       │   │   ├── t_trace_interface_ref_cc_saif.py
│       │   │   ├── t_trace_interface_ref_cc_vcd_inla.py
│       │   │   ├── t_trace_interface_ref_cc_vcd_inlab.py
│       │   │   ├── t_trace_interface_ref_cc_vcd_inlb.py
│       │   │   ├── t_trace_interface_ref_cc_vcd_noinl.py
│       │   │   ├── t_trace_interface_ref_cc_vcd.out
│       │   │   ├── t_trace_interface_ref_cc_vcd.py
│       │   │   ├── t_trace_interface_ref_sc_fst.out
│       │   │   ├── t_trace_interface_ref_sc_fst.py
│       │   │   ├── t_trace_interface_ref.v
│       │   │   ├── t_trace_jumps_do_while_saif.out
│       │   │   ├── t_trace_jumps_do_while_saif.py
│       │   │   ├── t_trace_lib_as_top_fst.out
│       │   │   ├── t_trace_lib_as_top_fst.py
│       │   │   ├── t_trace_lib_as_top_saif.out
│       │   │   ├── t_trace_lib_as_top_saif.py
│       │   │   ├── t_trace_lib_as_top_vcd.out
│       │   │   ├── t_trace_lib_as_top_vcd.py
│       │   │   ├── t_trace_lib_as_top.cpp
│       │   │   ├── t_trace_lib_as_top.v
│       │   │   ├── t_trace_lib_default_fst.out
│       │   │   ├── t_trace_lib_default_fst.py
│       │   │   ├── t_trace_lib_default_saif.out
│       │   │   ├── t_trace_lib_default_saif.py
│       │   │   ├── t_trace_lib_default_vcd.out
│       │   │   ├── t_trace_lib_default_vcd.py
│       │   │   ├── t_trace_lib_notop_fst.out
│       │   │   ├── t_trace_lib_notop_fst.py
│       │   │   ├── t_trace_lib_notop_saif.out
│       │   │   ├── t_trace_lib_notop_saif.py
│       │   │   ├── t_trace_lib_notop_vcd.out
│       │   │   ├── t_trace_lib_notop_vcd.py
│       │   │   ├── t_trace_lib.v
│       │   │   ├── t_trace_max_default.out
│       │   │   ├── t_trace_max_default.py
│       │   │   ├── t_trace_max.out
│       │   │   ├── t_trace_max.py
│       │   │   ├── t_trace_max.v
│       │   │   ├── t_trace_multi_bad.out
│       │   │   ├── t_trace_multi_bad.py
│       │   │   ├── t_trace_multi_bad.v
│       │   │   ├── t_trace_no_top_name_fst.out
│       │   │   ├── t_trace_no_top_name_fst.py
│       │   │   ├── t_trace_no_top_name_saif.out
│       │   │   ├── t_trace_no_top_name_saif.py
│       │   │   ├── t_trace_no_top_name_vcd.out
│       │   │   ├── t_trace_no_top_name_vcd.py
│       │   │   ├── t_trace_no_top_name.v
│       │   │   ├── t_trace_no_top_name2_fst.out
│       │   │   ├── t_trace_no_top_name2_fst.py
│       │   │   ├── t_trace_no_top_name2_saif.out
│       │   │   ├── t_trace_no_top_name2_saif.py
│       │   │   ├── t_trace_no_top_name2_vcd.out
│       │   │   ├── t_trace_no_top_name2_vcd.py
│       │   │   ├── t_trace_no_top_name2.cpp
│       │   │   ├── t_trace_no_top_name2.v
│       │   │   ├── t_trace_noflag_bad_c.cpp
│       │   │   ├── t_trace_noflag_bad.out
│       │   │   ├── t_trace_noflag_bad.py
│       │   │   ├── t_trace_noflag_bad.v
│       │   │   ├── t_trace_off_cc.py
│       │   │   ├── t_trace_off_sc.py
│       │   │   ├── t_trace_open_wrong_order_bad.cpp
│       │   │   ├── t_trace_open_wrong_order_bad.out
│       │   │   ├── t_trace_open_wrong_order_bad.py
│       │   │   ├── t_trace_open_wrong_order_bad.v
│       │   │   ├── t_trace_packed_struct_cc_fst.out
│       │   │   ├── t_trace_packed_struct_cc_fst.py
│       │   │   ├── t_trace_packed_struct_cc_saif.out
│       │   │   ├── t_trace_packed_struct_cc_saif.py
│       │   │   ├── t_trace_packed_struct_cc_vcd.out
│       │   │   ├── t_trace_packed_struct_cc_vcd.py
│       │   │   ├── t_trace_packed_struct_sc_fst.out
│       │   │   ├── t_trace_packed_struct_sc_fst.py
│       │   │   ├── t_trace_packed_struct.v
│       │   │   ├── t_trace_param_fst.out
│       │   │   ├── t_trace_param_fst.py
│       │   │   ├── t_trace_param_override.out
│       │   │   ├── t_trace_param_override.py
│       │   │   ├── t_trace_param_override.v
│       │   │   ├── t_trace_param_saif.out
│       │   │   ├── t_trace_param_saif.py
│       │   │   ├── t_trace_param_vcd.out
│       │   │   ├── t_trace_param_vcd.py
│       │   │   ├── t_trace_param.v
│       │   │   ├── t_trace_primitive_cc_fst.out
│       │   │   ├── t_trace_primitive_cc_fst.py
│       │   │   ├── t_trace_primitive_cc_saif.out
│       │   │   ├── t_trace_primitive_cc_saif.py
│       │   │   ├── t_trace_primitive_cc_vcd.out
│       │   │   ├── t_trace_primitive_cc_vcd.py
│       │   │   ├── t_trace_primitive_sc_fst.out
│       │   │   ├── t_trace_primitive_sc_fst.py
│       │   │   ├── t_trace_primitive.v
│       │   │   ├── t_trace_public_func_vlt.py
│       │   │   ├── t_trace_public_func.cpp
│       │   │   ├── t_trace_public_func.py
│       │   │   ├── t_trace_public_func.vlt
│       │   │   ├── t_trace_public_sig_vlt.py
│       │   │   ├── t_trace_public_sig.cpp
│       │   │   ├── t_trace_public_sig.py
│       │   │   ├── t_trace_public_sig.vlt
│       │   │   ├── t_trace_public.out
│       │   │   ├── t_trace_public.v
│       │   │   ├── t_trace_rollover.cpp
│       │   │   ├── t_trace_rollover.out
│       │   │   ├── t_trace_rollover.py
│       │   │   ├── t_trace_sc_empty.py
│       │   │   ├── t_trace_sc_empty.v
│       │   │   ├── t_trace_scope_no_inline.out
│       │   │   ├── t_trace_scope_no_inline.py
│       │   │   ├── t_trace_scope_no_inline.v
│       │   │   ├── t_trace_scope_no_inline.vlt
│       │   │   ├── t_trace_scope_vlt.out
│       │   │   ├── t_trace_scope_vlt.py
│       │   │   ├── t_trace_scope_vlt.v
│       │   │   ├── t_trace_scope_vlt.vlt
│       │   │   ├── t_trace_scstruct.py
│       │   │   ├── t_trace_scstruct.v
│       │   │   ├── t_trace_split_cfuncs_dpi_export.py
│       │   │   ├── t_trace_split_cfuncs_dpi_export.v
│       │   │   ├── t_trace_split_cfuncs.py
│       │   │   ├── t_trace_split_cfuncs.v
│       │   │   ├── t_trace_split_struct_fst.out
│       │   │   ├── t_trace_split_struct_fst.py
│       │   │   ├── t_trace_split_struct_saif.out
│       │   │   ├── t_trace_split_struct_saif.py
│       │   │   ├── t_trace_split_struct_vcd.out
│       │   │   ├── t_trace_split_struct_vcd.py
│       │   │   ├── t_trace_split_struct.v
│       │   │   ├── t_trace_string_fst_sc.py
│       │   │   ├── t_trace_string_fst.py
│       │   │   ├── t_trace_string.py
│       │   │   ├── t_trace_string.v
│       │   │   ├── t_trace_struct_alias_fst.out
│       │   │   ├── t_trace_struct_alias_fst.py
│       │   │   ├── t_trace_struct_alias_vcd.out
│       │   │   ├── t_trace_struct_alias_vcd.py
│       │   │   ├── t_trace_struct_alias.v
│       │   │   ├── t_trace_struct_array_multi_inst_cc_fst.out
│       │   │   ├── t_trace_struct_array_multi_inst_cc_fst.py
│       │   │   ├── t_trace_struct_array_multi_inst_cc_saif.out
│       │   │   ├── t_trace_struct_array_multi_inst_cc_saif.py
│       │   │   ├── t_trace_struct_array_multi_inst_cc_vcd.out
│       │   │   ├── t_trace_struct_array_multi_inst_cc_vcd.py
│       │   │   ├── t_trace_struct_array_multi_inst_sc_fst.out
│       │   │   ├── t_trace_struct_array_multi_inst_sc_fst.py
│       │   │   ├── t_trace_struct_array_multi_inst_sc_vcd.out
│       │   │   ├── t_trace_struct_array_multi_inst_sc_vcd.py
│       │   │   ├── t_trace_struct_array_multi_inst.v
│       │   │   ├── t_trace_timescale.out
│       │   │   ├── t_trace_timescale.py
│       │   │   ├── t_trace_timescale.v
│       │   │   ├── t_trace_timing_fst.out
│       │   │   ├── t_trace_timing_fst.py
│       │   │   ├── t_trace_timing_saif.out
│       │   │   ├── t_trace_timing_saif.py
│       │   │   ├── t_trace_timing_vcd.out
│       │   │   ├── t_trace_timing_vcd.py
│       │   │   ├── t_trace_timing.v
│       │   │   ├── t_trace_timing1.out
│       │   │   ├── t_trace_timing1.py
│       │   │   ├── t_trace_timing1.v
│       │   │   ├── t_trace_two_a.v
│       │   │   ├── t_trace_two_b.v
│       │   │   ├── t_trace_two_cc.cpp
│       │   │   ├── t_trace_two_dump_cc_fst.out
│       │   │   ├── t_trace_two_dump_cc_fst.py
│       │   │   ├── t_trace_two_dump_cc_saif.out
│       │   │   ├── t_trace_two_dump_cc_saif.py
│       │   │   ├── t_trace_two_dump_cc_vcd.out
│       │   │   ├── t_trace_two_dump_cc_vcd.py
│       │   │   ├── t_trace_two_dump_sc_vcd.out
│       │   │   ├── t_trace_two_dump_sc_vcd.py
│       │   │   ├── t_trace_two_hdr_cc_fst.out
│       │   │   ├── t_trace_two_hdr_cc_fst.py
│       │   │   ├── t_trace_two_hdr_cc_saif.out
│       │   │   ├── t_trace_two_hdr_cc_saif.py
│       │   │   ├── t_trace_two_hdr_cc_vcd.out
│       │   │   ├── t_trace_two_hdr_cc_vcd.py
│       │   │   ├── t_trace_two_hdr_sc_vcd.out
│       │   │   ├── t_trace_two_hdr_sc_vcd.py
│       │   │   ├── t_trace_two_port_cc_fst.out
│       │   │   ├── t_trace_two_port_cc_fst.py
│       │   │   ├── t_trace_two_port_cc_saif.out
│       │   │   ├── t_trace_two_port_cc_saif.py
│       │   │   ├── t_trace_two_port_cc_vcd.out
│       │   │   ├── t_trace_two_port_cc_vcd.py
│       │   │   ├── t_trace_two_port_sc_vcd.out
│       │   │   ├── t_trace_two_port_sc_vcd.py
│       │   │   ├── t_trace_two_sc.cpp
│       │   │   ├── t_trace_type_alias.py
│       │   │   ├── t_trace_type_alias.v
│       │   │   ├── t_trace_type_dupes_default_fst.out
│       │   │   ├── t_trace_type_dupes_default_fst.py
│       │   │   ├── t_trace_type_dupes_default_saif.out
│       │   │   ├── t_trace_type_dupes_default_saif.py
│       │   │   ├── t_trace_type_dupes_default_vcd.out
│       │   │   ├── t_trace_type_dupes_default_vcd.py
│       │   │   ├── t_trace_type_dupes_structs_fst.out
│       │   │   ├── t_trace_type_dupes_structs_fst.py
│       │   │   ├── t_trace_type_dupes_structs_saif.out
│       │   │   ├── t_trace_type_dupes_structs_saif.py
│       │   │   ├── t_trace_type_dupes_structs_vcd.out
│       │   │   ├── t_trace_type_dupes_structs_vcd.py
│       │   │   ├── t_trace_type_dupes.v
│       │   │   ├── t_trace_ub_misaligned_address.py
│       │   │   ├── t_trace_ub_misaligned_address.v
│       │   │   ├── t_trace_var_kind_cc_fst.out
│       │   │   ├── t_trace_var_kind_cc_fst.py
│       │   │   ├── t_trace_var_kind_cc_saif.out
│       │   │   ├── t_trace_var_kind_cc_saif.py
│       │   │   ├── t_trace_var_kind_cc_vcd.out
│       │   │   ├── t_trace_var_kind_cc_vcd.py
│       │   │   ├── t_trace_var_kind_sc_fst.out
│       │   │   ├── t_trace_var_kind_sc_fst.py
│       │   │   ├── t_trace_var_kind_sc_vcd.out
│       │   │   ├── t_trace_var_kind_sc_vcd.py
│       │   │   ├── t_trace_var_kind.v
│       │   │   ├── t_trace_vif_class_clk_multi.py
│       │   │   ├── t_trace_vif_class_clk_multi.v
│       │   │   ├── t_trace_vif_class_clk.py
│       │   │   ├── t_trace_vif_class_clk.v
│       │   │   ├── t_trace_wide_initial_wait.out
│       │   │   ├── t_trace_wide_initial_wait.py
│       │   │   ├── t_trace_wide_initial_wait.v
│       │   │   ├── t_trace_wide_struct.py
│       │   │   ├── t_trace_wide_struct.v
│       │   │   ├── t_tri_and_eqcase.out
│       │   │   ├── t_tri_and_eqcase.py
│       │   │   ├── t_tri_and_eqcase.v
│       │   │   ├── t_tri_array_bufif.py
│       │   │   ├── t_tri_array_bufif.v
│       │   │   ├── t_tri_array_pull.py
│       │   │   ├── t_tri_array_pull.v
│       │   │   ├── t_tri_array.out
│       │   │   ├── t_tri_array.py
│       │   │   ├── t_tri_array.v
│       │   │   ├── t_tri_assigndly_nba.py
│       │   │   ├── t_tri_assigndly_nba.v
│       │   │   ├── t_tri_clocking.py
│       │   │   ├── t_tri_clocking.v
│       │   │   ├── t_tri_compass_bad.out
│       │   │   ├── t_tri_compass_bad.py
│       │   │   ├── t_tri_compass_bad.v
│       │   │   ├── t_tri_cond_eqcase_with_1.py
│       │   │   ├── t_tri_cond_eqcase_with_1.v
│       │   │   ├── t_tri_dangle.py
│       │   │   ├── t_tri_dangle.v
│       │   │   ├── t_tri_eqcase_input.py
│       │   │   ├── t_tri_eqcase_input.v
│       │   │   ├── t_tri_eqcase.py
│       │   │   ├── t_tri_eqcase.v
│       │   │   ├── t_tri_gate_bufif0_pins_inout.py
│       │   │   ├── t_tri_gate_bufif0.py
│       │   │   ├── t_tri_gate_bufif1_pins_inout.py
│       │   │   ├── t_tri_gate_bufif1.py
│       │   │   ├── t_tri_gate_cond_pins_inout.py
│       │   │   ├── t_tri_gate_cond.py
│       │   │   ├── t_tri_gate_nmos_pins_inout.py
│       │   │   ├── t_tri_gate_nmos.py
│       │   │   ├── t_tri_gate_notif0_pins_inout.py
│       │   │   ├── t_tri_gate_notif0.py
│       │   │   ├── t_tri_gate_notif1_pins_inout.py
│       │   │   ├── t_tri_gate_notif1.py
│       │   │   ├── t_tri_gate_pmos_pins_inout.py
│       │   │   ├── t_tri_gate_pmos.py
│       │   │   ├── t_tri_gate.cpp
│       │   │   ├── t_tri_gate.v
│       │   │   ├── t_tri_gen.py
│       │   │   ├── t_tri_gen.v
│       │   │   ├── t_tri_graph.py
│       │   │   ├── t_tri_graph.v
│       │   │   ├── t_tri_hier_ref_unsup.out
│       │   │   ├── t_tri_hier_ref_unsup.py
│       │   │   ├── t_tri_hier_ref_unsup.v
│       │   │   ├── t_tri_iface_eqcase_modport_bad.out
│       │   │   ├── t_tri_iface_eqcase_modport_bad.py
│       │   │   ├── t_tri_iface_eqcase_modport_bad.v
│       │   │   ├── t_tri_iface_port.py
│       │   │   ├── t_tri_iface_port.v
│       │   │   ├── t_tri_iface_semantics.py
│       │   │   ├── t_tri_iface_semantics.v
│       │   │   ├── t_tri_ifbegin.py
│       │   │   ├── t_tri_ifbegin.v
│       │   │   ├── t_tri_inout_pins_inout.py
│       │   │   ├── t_tri_inout.cpp
│       │   │   ├── t_tri_inout.py
│       │   │   ├── t_tri_inout.v
│       │   │   ├── t_tri_inout2.py
│       │   │   ├── t_tri_inout2.v
│       │   │   ├── t_tri_inz.cpp
│       │   │   ├── t_tri_inz.py
│       │   │   ├── t_tri_inz.v
│       │   │   ├── t_tri_no_top.py
│       │   │   ├── t_tri_no_top.v
│       │   │   ├── t_tri_public.py
│       │   │   ├── t_tri_public.v
│       │   │   ├── t_tri_pull_bad.out
│       │   │   ├── t_tri_pull_bad.py
│       │   │   ├── t_tri_pull_bad.v
│       │   │   ├── t_tri_pull_implicit.py
│       │   │   ├── t_tri_pull_implicit.v
│       │   │   ├── t_tri_pull_unsup.out
│       │   │   ├── t_tri_pull_unsup.py
│       │   │   ├── t_tri_pull_unsup.v
│       │   │   ├── t_tri_pull01.py
│       │   │   ├── t_tri_pull01.v
│       │   │   ├── t_tri_pull2_bad.out
│       │   │   ├── t_tri_pull2_bad.py
│       │   │   ├── t_tri_pull2_bad.v
│       │   │   ├── t_tri_pullup_bus.py
│       │   │   ├── t_tri_pullup_bus.v
│       │   │   ├── t_tri_pullup_pins_inout.py
│       │   │   ├── t_tri_pullup.cpp
│       │   │   ├── t_tri_pullup.py
│       │   │   ├── t_tri_pullup.v
│       │   │   ├── t_tri_pullvec_bad.out
│       │   │   ├── t_tri_pullvec_bad.py
│       │   │   ├── t_tri_pullvec_bad.v
│       │   │   ├── t_tri_root_ref.py
│       │   │   ├── t_tri_root_ref.v
│       │   │   ├── t_tri_select_eqcase.py
│       │   │   ├── t_tri_select_eqcase.v
│       │   │   ├── t_tri_select_pins_inout.py
│       │   │   ├── t_tri_select_unsized.py
│       │   │   ├── t_tri_select_unsized.v
│       │   │   ├── t_tri_select.cpp
│       │   │   ├── t_tri_select.py
│       │   │   ├── t_tri_select.v
│       │   │   ├── t_tri_struct_packed.out
│       │   │   ├── t_tri_struct_packed.py
│       │   │   ├── t_tri_struct_packed.v
│       │   │   ├── t_tri_struct_pins_inout.py
│       │   │   ├── t_tri_struct.py
│       │   │   ├── t_tri_struct.v
│       │   │   ├── t_tri_top_en_out_bad.py
│       │   │   ├── t_tri_top_en_out_bad.v
│       │   │   ├── t_tri_top_en_out.cpp
│       │   │   ├── t_tri_top_en_out.py
│       │   │   ├── t_tri_top_en_out.v
│       │   │   ├── t_tri_unconn.py
│       │   │   ├── t_tri_unconn.v
│       │   │   ├── t_tri_various.py
│       │   │   ├── t_tri_various.v
│       │   │   ├── t_type_array.py
│       │   │   ├── t_type_array.v
│       │   │   ├── t_type_compare_bad.out
│       │   │   ├── t_type_compare_bad.py
│       │   │   ├── t_type_compare_bad.v
│       │   │   ├── t_type_compare.py
│       │   │   ├── t_type_compare.v
│       │   │   ├── t_type_expression_compare.py
│       │   │   ├── t_type_expression_compare.v
│       │   │   ├── t_type_match.py
│       │   │   ├── t_type_match.v
│       │   │   ├── t_type_non_type.py
│       │   │   ├── t_type_non_type.v
│       │   │   ├── t_type_param_circ_bad.out
│       │   │   ├── t_type_param_circ_bad.py
│       │   │   ├── t_type_param_circ_bad.v
│       │   │   ├── t_type_param_collision.py
│       │   │   ├── t_type_param.py
│       │   │   ├── t_type_param.v
│       │   │   ├── t_type.py
│       │   │   ├── t_type.v
│       │   │   ├── t_typedef_array.py
│       │   │   ├── t_typedef_array.v
│       │   │   ├── t_typedef_circ_bad.out
│       │   │   ├── t_typedef_circ_bad.py
│       │   │   ├── t_typedef_circ_bad.v
│       │   │   ├── t_typedef_consistency_0.py
│       │   │   ├── t_typedef_consistency_0.v
│       │   │   ├── t_typedef_fwd_bad.out
│       │   │   ├── t_typedef_fwd_bad.py
│       │   │   ├── t_typedef_fwd_class.py
│       │   │   ├── t_typedef_fwd_class.v
│       │   │   ├── t_typedef_fwd_nested.py
│       │   │   ├── t_typedef_fwd_nested.v
│       │   │   ├── t_typedef_fwd.py
│       │   │   ├── t_typedef_fwd.v
│       │   │   ├── t_typedef_id_bad.out
│       │   │   ├── t_typedef_id_bad.py
│       │   │   ├── t_typedef_id_bad.v
│       │   │   ├── t_typedef_iface_typedef.py
│       │   │   ├── t_typedef_iface_typedef.v
│       │   │   ├── t_typedef_iface_typedef2.py
│       │   │   ├── t_typedef_iface_typedef2.v
│       │   │   ├── t_typedef_iface_typedef3.py
│       │   │   ├── t_typedef_iface_typedef3.v
│       │   │   ├── t_typedef_iface_typedef4.py
│       │   │   ├── t_typedef_iface_typedef4.v
│       │   │   ├── t_typedef_iface_typedef5.py
│       │   │   ├── t_typedef_iface_typedef5.v
│       │   │   ├── t_typedef_iface_typedef6.py
│       │   │   ├── t_typedef_iface_typedef6.v
│       │   │   ├── t_typedef_iface_typedef7.py
│       │   │   ├── t_typedef_iface_typedef7.v
│       │   │   ├── t_typedef_no_bad.out
│       │   │   ├── t_typedef_no_bad.py
│       │   │   ├── t_typedef_no_bad.v
│       │   │   ├── t_typedef_package.py
│       │   │   ├── t_typedef_package.v
│       │   │   ├── t_typedef_param_class.py
│       │   │   ├── t_typedef_param_class.v
│       │   │   ├── t_typedef_param.py
│       │   │   ├── t_typedef_param.v
│       │   │   ├── t_typedef_port.py
│       │   │   ├── t_typedef_port.v
│       │   │   ├── t_typedef_signed.py
│       │   │   ├── t_typedef_signed.v
│       │   │   ├── t_typedef_unused_bad.out
│       │   │   ├── t_typedef_unused_bad.py
│       │   │   ├── t_typedef_unused_bad.v
│       │   │   ├── t_typedef.py
│       │   │   ├── t_typedef.v
│       │   │   ├── t_typename_min.py
│       │   │   ├── t_typename_min.v
│       │   │   ├── t_typename.out
│       │   │   ├── t_typename.py
│       │   │   ├── t_typename.v
│       │   │   ├── t_udp_bad_comb_trigger.out
│       │   │   ├── t_udp_bad_comb_trigger.py
│       │   │   ├── t_udp_bad_comb_trigger.v
│       │   │   ├── t_udp_bad_first_input.out
│       │   │   ├── t_udp_bad_first_input.py
│       │   │   ├── t_udp_bad_first_input.v
│       │   │   ├── t_udp_bad_illegal_output.out
│       │   │   ├── t_udp_bad_illegal_output.py
│       │   │   ├── t_udp_bad_illegal_output.v
│       │   │   ├── t_udp_bad_input_num.out
│       │   │   ├── t_udp_bad_input_num.py
│       │   │   ├── t_udp_bad_input_num.v
│       │   │   ├── t_udp_bad_line_inputs.out
│       │   │   ├── t_udp_bad_line_inputs.py
│       │   │   ├── t_udp_bad_line_inputs.v
│       │   │   ├── t_udp_bad_line_outputs.out
│       │   │   ├── t_udp_bad_line_outputs.py
│       │   │   ├── t_udp_bad_line_outputs.v
│       │   │   ├── t_udp_bad_multi_output.out
│       │   │   ├── t_udp_bad_multi_output.py
│       │   │   ├── t_udp_bad_multi_output.v
│       │   │   ├── t_udp_bad.out
│       │   │   ├── t_udp_bad.py
│       │   │   ├── t_udp_bad.v
│       │   │   ├── t_udp_binary_top.py
│       │   │   ├── t_udp_binary_top.v
│       │   │   ├── t_udp_binary.py
│       │   │   ├── t_udp_binary.v
│       │   │   ├── t_udp_delay.py
│       │   │   ├── t_udp_delay.v
│       │   │   ├── t_udp_noname.py
│       │   │   ├── t_udp_noname.v
│       │   │   ├── t_udp_nonsequential_x.py
│       │   │   ├── t_udp_nonsequential_x.v
│       │   │   ├── t_udp_nonsequential.py
│       │   │   ├── t_udp_nonsequential.v
│       │   │   ├── t_udp_param_bad.out
│       │   │   ├── t_udp_param_bad.py
│       │   │   ├── t_udp_param_bad.v
│       │   │   ├── t_udp_sequential_bad.out
│       │   │   ├── t_udp_sequential_bad.py
│       │   │   ├── t_udp_sequential_bad.v
│       │   │   ├── t_udp_sequential_x.py
│       │   │   ├── t_udp_sequential_x.v
│       │   │   ├── t_udp_sequential.py
│       │   │   ├── t_udp_sequential.v
│       │   │   ├── t_udp_tableend_bad.out
│       │   │   ├── t_udp_tableend_bad.py
│       │   │   ├── t_udp_tableend_bad.v
│       │   │   ├── t_udp_tableeof_bad.py
│       │   │   ├── t_udp_tableeof_bad.v
│       │   │   ├── t_unbounded_bad.out
│       │   │   ├── t_unbounded_bad.py
│       │   │   ├── t_unbounded_bad.v
│       │   │   ├── t_unbounded.py
│       │   │   ├── t_unbounded.v
│       │   │   ├── t_unconnected_bad.out
│       │   │   ├── t_unconnected_bad.py
│       │   │   ├── t_unconnected_bad.v
│       │   │   ├── t_unconnected.py
│       │   │   ├── t_unconnected.v
│       │   │   ├── t_unicode.py
│       │   │   ├── t_union_hard_bad.out
│       │   │   ├── t_union_hard_bad.py
│       │   │   ├── t_union_hard_bad.v
│       │   │   ├── t_union_soft.py
│       │   │   ├── t_union_soft.v
│       │   │   ├── t_union_unpacked.py
│       │   │   ├── t_union_unpacked.v
│       │   │   ├── t_unique0_case.py
│       │   │   ├── t_unique0_case.v
│       │   │   ├── t_uniqueif_else.py
│       │   │   ├── t_uniqueif_else.v
│       │   │   ├── t_uniqueif_fail1.out
│       │   │   ├── t_uniqueif_fail1.py
│       │   │   ├── t_uniqueif_fail2.out
│       │   │   ├── t_uniqueif_fail2.py
│       │   │   ├── t_uniqueif_fail3.out
│       │   │   ├── t_uniqueif_fail3.py
│       │   │   ├── t_uniqueif_fail4.out
│       │   │   ├── t_uniqueif_fail4.py
│       │   │   ├── t_uniqueif.py
│       │   │   ├── t_uniqueif.v
│       │   │   ├── t_unopt_array_csplit.py
│       │   │   ├── t_unopt_array_typedef.py
│       │   │   ├── t_unopt_array.py
│       │   │   ├── t_unopt_array.v
│       │   │   ├── t_unopt_bound.py
│       │   │   ├── t_unopt_bound.v
│       │   │   ├── t_unopt_combo_bad.out
│       │   │   ├── t_unopt_combo_bad.py
│       │   │   ├── t_unopt_combo_isolate_vlt.py
│       │   │   ├── t_unopt_combo_isolate.py
│       │   │   ├── t_unopt_combo_isolate.vlt
│       │   │   ├── t_unopt_combo_waive.py
│       │   │   ├── t_unopt_combo.py
│       │   │   ├── t_unopt_combo.v
│       │   │   ├── t_unopt_combo.vlt
│       │   │   ├── t_unopt_converge_initial_run_bad.out
│       │   │   ├── t_unopt_converge_initial_run_bad.py
│       │   │   ├── t_unopt_converge_initial.v
│       │   │   ├── t_unopt_converge_ndbg_bad.out
│       │   │   ├── t_unopt_converge_ndbg_bad.py
│       │   │   ├── t_unopt_converge_print_bad.out
│       │   │   ├── t_unopt_converge_print_bad.py
│       │   │   ├── t_unopt_converge_run_bad.out
│       │   │   ├── t_unopt_converge_run_bad.py
│       │   │   ├── t_unopt_converge_unopt_bad.out
│       │   │   ├── t_unopt_converge_unopt_bad.py
│       │   │   ├── t_unopt_converge.v
│       │   │   ├── t_unoptflat_simple_2_bad.out
│       │   │   ├── t_unoptflat_simple_2_bad.py
│       │   │   ├── t_unoptflat_simple_2.v
│       │   │   ├── t_unoptflat_simple_3_bad.out
│       │   │   ├── t_unoptflat_simple_3_bad.py
│       │   │   ├── t_unoptflat_simple_3.v
│       │   │   ├── t_unoptflat_simple_bad.out
│       │   │   ├── t_unoptflat_simple_bad.py
│       │   │   ├── t_unoptflat_simple.v
│       │   │   ├── t_unpack_array_direct_assignment.py
│       │   │   ├── t_unpack_array_no_expand.py
│       │   │   ├── t_unpack_array_no_expand.v
│       │   │   ├── t_unpacked_array_order.py
│       │   │   ├── t_unpacked_array_order.v
│       │   │   ├── t_unpacked_array_p_fmt.out
│       │   │   ├── t_unpacked_array_p_fmt.py
│       │   │   ├── t_unpacked_array_p_fmt.v
│       │   │   ├── t_unpacked_concat_bad.out
│       │   │   ├── t_unpacked_concat_bad.py
│       │   │   ├── t_unpacked_concat_bad.v
│       │   │   ├── t_unpacked_concat_bad2.out
│       │   │   ├── t_unpacked_concat_bad2.py
│       │   │   ├── t_unpacked_concat_bad2.v
│       │   │   ├── t_unpacked_concat_bad3.out
│       │   │   ├── t_unpacked_concat_bad3.py
│       │   │   ├── t_unpacked_concat_bad3.v
│       │   │   ├── t_unpacked_concat.py
│       │   │   ├── t_unpacked_concat.v
│       │   │   ├── t_unpacked_init.py
│       │   │   ├── t_unpacked_init.v
│       │   │   ├── t_unpacked_slice_range.py
│       │   │   ├── t_unpacked_slice_range.v
│       │   │   ├── t_unpacked_slice.py
│       │   │   ├── t_unpacked_slice.v
│       │   │   ├── t_unpacked_str_init.py
│       │   │   ├── t_unpacked_str_init.v
│       │   │   ├── t_unpacked_str_init2.out
│       │   │   ├── t_unpacked_str_init2.py
│       │   │   ├── t_unpacked_str_init2.v
│       │   │   ├── t_unpacked_str_pair.py
│       │   │   ├── t_unpacked_str_pair.v
│       │   │   ├── t_unpacked_struct_eq.py
│       │   │   ├── t_unpacked_struct_eq.v
│       │   │   ├── t_unpacked_struct_redef.py
│       │   │   ├── t_unpacked_struct_redef.v
│       │   │   ├── t_unpacked_struct_sel.py
│       │   │   ├── t_unpacked_struct_sel.v
│       │   │   ├── t_unpacked_to_packed_param.py
│       │   │   ├── t_unpacked_to_packed_param.v
│       │   │   ├── t_unpacked_to_queue.py
│       │   │   ├── t_unpacked_to_queue.v
│       │   │   ├── t_unpacked_wide_unknown.py
│       │   │   ├── t_unpacked_wide_unknown.v
│       │   │   ├── t_unroll_automatic_task_fork.out
│       │   │   ├── t_unroll_automatic_task_fork.py
│       │   │   ├── t_unroll_automatic_task_fork.v
│       │   │   ├── t_unroll_complexcond.py
│       │   │   ├── t_unroll_complexcond.v
│       │   │   ├── t_unroll_delay.out
│       │   │   ├── t_unroll_delay.py
│       │   │   ├── t_unroll_delay.v
│       │   │   ├── t_unroll_forfor.py
│       │   │   ├── t_unroll_forfor.v
│       │   │   ├── t_unroll_genf.py
│       │   │   ├── t_unroll_genf.v
│       │   │   ├── t_unroll_nested_param.py
│       │   │   ├── t_unroll_nested_param.v
│       │   │   ├── t_unroll_nested_unroll.py
│       │   │   ├── t_unroll_nested.out
│       │   │   ├── t_unroll_nested.py
│       │   │   ├── t_unroll_nested.v
│       │   │   ├── t_unroll_pragma_disable.py
│       │   │   ├── t_unroll_pragma_full.py
│       │   │   ├── t_unroll_pragma_none.py
│       │   │   ├── t_unroll_pragma.v
│       │   │   ├── t_unroll_signed.py
│       │   │   ├── t_unroll_signed.v
│       │   │   ├── t_unroll_stmt.out
│       │   │   ├── t_unroll_stmt.py
│       │   │   ├── t_unroll_stmt.v
│       │   │   ├── t_unroll_unopt_io.py
│       │   │   ├── t_unroll_unopt_io.v
│       │   │   ├── t_urandom.py
│       │   │   ├── t_urandom.v
│       │   │   ├── t_user_type_xassign.py
│       │   │   ├── t_user_type_xassign.v
│       │   │   ├── t_uvm_dpi_v2017_1_0.out
│       │   │   ├── t_uvm_dpi_v2017_1_0.py
│       │   │   ├── t_uvm_dpi_v2020_3_1.out
│       │   │   ├── t_uvm_dpi_v2020_3_1.py
│       │   │   ├── t_uvm_dpi.v
│       │   │   ├── t_uvm_hello_all_v2017_1_0_dpi.py
│       │   │   ├── t_uvm_hello_all_v2017_1_0_nodpi.py
│       │   │   ├── t_uvm_hello_all_v2020_3_1_dpi.py
│       │   │   ├── t_uvm_hello_all_v2020_3_1_nodpi.py
│       │   │   ├── t_uvm_hello.v
│       │   │   ├── t_uvm_return_type.py
│       │   │   ├── t_uvm_return_type.v
│       │   │   ├── t_uvm_return_type2.py
│       │   │   ├── t_uvm_return_type2.v
│       │   │   ├── t_uvm_return_type3.py
│       │   │   ├── t_uvm_return_type3.v
│       │   │   ├── t_uvm_static_func1.py
│       │   │   ├── t_uvm_static_func1.v
│       │   │   ├── t_uvm_typeof_type.py
│       │   │   ├── t_uvm_typeof_type.v
│       │   │   ├── t_vams_basic.py
│       │   │   ├── t_vams_basic.v
│       │   │   ├── t_vams_kwd_bad.out
│       │   │   ├── t_vams_kwd_bad.py
│       │   │   ├── t_vams_kwd_bad.v
│       │   │   ├── t_vams_wreal.py
│       │   │   ├── t_vams_wreal.v
│       │   │   ├── t_var_assign_landr_noexpand.py
│       │   │   ├── t_var_assign_landr.py
│       │   │   ├── t_var_assign_landr.v
│       │   │   ├── t_var_bad_hide_docs.out
│       │   │   ├── t_var_bad_hide_docs.py
│       │   │   ├── t_var_bad_hide_docs.v
│       │   │   ├── t_var_bad_hide.out
│       │   │   ├── t_var_bad_hide.py
│       │   │   ├── t_var_bad_hide.v
│       │   │   ├── t_var_bad_hide2.out
│       │   │   ├── t_var_bad_hide2.py
│       │   │   ├── t_var_bad_hide2.v
│       │   │   ├── t_var_bad_sameas.out
│       │   │   ├── t_var_bad_sameas.py
│       │   │   ├── t_var_bad_sameas.v
│       │   │   ├── t_var_bad_sv.out
│       │   │   ├── t_var_bad_sv.py
│       │   │   ├── t_var_bad_sv.v
│       │   │   ├── t_var_const_bad.out
│       │   │   ├── t_var_const_bad.py
│       │   │   ├── t_var_const_bad.v
│       │   │   ├── t_var_const.py
│       │   │   ├── t_var_const.v
│       │   │   ├── t_var_const2.py
│       │   │   ├── t_var_const2.v
│       │   │   ├── t_var_dotted_dup_bad.out
│       │   │   ├── t_var_dotted_dup_bad.py
│       │   │   ├── t_var_dotted_dup_bad.v
│       │   │   ├── t_var_dotted1_inl0.py
│       │   │   ├── t_var_dotted1_inl1.py
│       │   │   ├── t_var_dotted1_inl2.py
│       │   │   ├── t_var_dotted1.v
│       │   │   ├── t_var_dotted2_inl0.py
│       │   │   ├── t_var_dotted2_inl1.py
│       │   │   ├── t_var_dotted2.v
│       │   │   ├── t_var_dup_bad.out
│       │   │   ├── t_var_dup_bad.py
│       │   │   ├── t_var_dup_bad.v
│       │   │   ├── t_var_dup2_bad.out
│       │   │   ├── t_var_dup2_bad.py
│       │   │   ├── t_var_dup2_bad.v
│       │   │   ├── t_var_dup2.py
│       │   │   ├── t_var_dup2.v
│       │   │   ├── t_var_dup3.py
│       │   │   ├── t_var_dup3.v
│       │   │   ├── t_var_escape_noinl.py
│       │   │   ├── t_var_escape.out
│       │   │   ├── t_var_escape.py
│       │   │   ├── t_var_escape.v
│       │   │   ├── t_var_extern_method_lifetime.py
│       │   │   ├── t_var_extern_method_lifetime.v
│       │   │   ├── t_var_in_assign_bad.out
│       │   │   ├── t_var_in_assign_bad.py
│       │   │   ├── t_var_in_assign_bad.v
│       │   │   ├── t_var_in_assign_pedantic.py
│       │   │   ├── t_var_in_assign.py
│       │   │   ├── t_var_in_assign.v
│       │   │   ├── t_var_in_fork.py
│       │   │   ├── t_var_in_fork.v
│       │   │   ├── t_var_init_static_automatic.py
│       │   │   ├── t_var_init_static_automatic.v
│       │   │   ├── t_var_init.py
│       │   │   ├── t_var_init.v
│       │   │   ├── t_var_lifetime_module_bad.out
│       │   │   ├── t_var_lifetime_module_bad.py
│       │   │   ├── t_var_lifetime_module_bad.v
│       │   │   ├── t_var_local.py
│       │   │   ├── t_var_local.v
│       │   │   ├── t_var_nonamebegin__log.out
│       │   │   ├── t_var_nonamebegin.out
│       │   │   ├── t_var_nonamebegin.py
│       │   │   ├── t_var_nonamebegin.v
│       │   │   ├── t_var_notfound_bad.out
│       │   │   ├── t_var_notfound_bad.py
│       │   │   ├── t_var_notfound_bad.v
│       │   │   ├── t_var_outoforder.py
│       │   │   ├── t_var_outoforder.v
│       │   │   ├── t_var_overcmp.py
│       │   │   ├── t_var_overcmp.v
│       │   │   ├── t_var_overwidth_bad.cpp
│       │   │   ├── t_var_overwidth_bad.out
│       │   │   ├── t_var_overwidth_bad.py
│       │   │   ├── t_var_overwidth_bad.v
│       │   │   ├── t_var_overzero.py
│       │   │   ├── t_var_overzero.v
│       │   │   ├── t_var_pins_array_assign.py
│       │   │   ├── t_var_pins_array_assign.v
│       │   │   ├── t_var_pins_bad.out
│       │   │   ├── t_var_pins_bad.py
│       │   │   ├── t_var_pins_cc.py
│       │   │   ├── t_var_pins_sc_biguint.py
│       │   │   ├── t_var_pins_sc_uint_biguint.py
│       │   │   ├── t_var_pins_sc_uint_bool_nomain.py
│       │   │   ├── t_var_pins_sc_uint_bool.py
│       │   │   ├── t_var_pins_sc_uint.py
│       │   │   ├── t_var_pins_sc1.py
│       │   │   ├── t_var_pins_sc2.py
│       │   │   ├── t_var_pins_sc32.py
│       │   │   ├── t_var_pins_sc64.py
│       │   │   ├── t_var_pins_scui.py
│       │   │   ├── t_var_pinsizes.cpp
│       │   │   ├── t_var_pinsizes.v
│       │   │   ├── t_var_pinsizes.vlt
│       │   │   ├── t_var_port_bad.out
│       │   │   ├── t_var_port_bad.py
│       │   │   ├── t_var_port_bad.v
│       │   │   ├── t_var_port_json_only.out
│       │   │   ├── t_var_port_json_only.py
│       │   │   ├── t_var_port_json_only.v
│       │   │   ├── t_var_port2_bad.out
│       │   │   ├── t_var_port2_bad.py
│       │   │   ├── t_var_port2_bad.v
│       │   │   ├── t_var_ref_bad1.out
│       │   │   ├── t_var_ref_bad1.py
│       │   │   ├── t_var_ref_bad1.v
│       │   │   ├── t_var_ref_bad2.out
│       │   │   ├── t_var_ref_bad2.py
│       │   │   ├── t_var_ref_bad2.v
│       │   │   ├── t_var_ref_bad3.out
│       │   │   ├── t_var_ref_bad3.py
│       │   │   ├── t_var_ref_bad3.v
│       │   │   ├── t_var_ref_noinline.py
│       │   │   ├── t_var_ref_static.out
│       │   │   ├── t_var_ref_static.py
│       │   │   ├── t_var_ref_static.v
│       │   │   ├── t_var_ref.py
│       │   │   ├── t_var_ref.v
│       │   │   ├── t_var_rsvd_bad.out
│       │   │   ├── t_var_rsvd_bad.py
│       │   │   ├── t_var_rsvd_port.py
│       │   │   ├── t_var_rsvd_port.v
│       │   │   ├── t_var_rsvd.py
│       │   │   ├── t_var_rsvd.v
│       │   │   ├── t_var_sc_bv.cpp
│       │   │   ├── t_var_sc_bv.py
│       │   │   ├── t_var_sc_bv.v
│       │   │   ├── t_var_sc_double.cpp
│       │   │   ├── t_var_sc_double.py
│       │   │   ├── t_var_sc_double.v
│       │   │   ├── t_var_set_link.py
│       │   │   ├── t_var_set_link.v
│       │   │   ├── t_var_static_assign_decl_bad.out
│       │   │   ├── t_var_static_assign_decl_bad.py
│       │   │   ├── t_var_static_assign_decl_bad.v
│       │   │   ├── t_var_static_param.py
│       │   │   ├── t_var_static_param.v
│       │   │   ├── t_var_static.py
│       │   │   ├── t_var_static.v
│       │   │   ├── t_var_suggest_bad.out
│       │   │   ├── t_var_suggest_bad.py
│       │   │   ├── t_var_suggest_bad.v
│       │   │   ├── t_var_tieout.py
│       │   │   ├── t_var_tieout.v
│       │   │   ├── t_var_top_struct.py
│       │   │   ├── t_var_top_struct.v
│       │   │   ├── t_var_types_bad.out
│       │   │   ├── t_var_types_bad.py
│       │   │   ├── t_var_types_bad.v
│       │   │   ├── t_var_types.py
│       │   │   ├── t_var_types.v
│       │   │   ├── t_var_vec_sel.py
│       │   │   ├── t_var_vec_sel.v
│       │   │   ├── t_var_xref_bad.out
│       │   │   ├── t_var_xref_bad.py
│       │   │   ├── t_var_xref_bad.v
│       │   │   ├── t_var_xref_gen.py
│       │   │   ├── t_var_xref_gen.v
│       │   │   ├── t_variable_order_mtask.py
│       │   │   ├── t_variable_shadow_type.py
│       │   │   ├── t_variable_shadow_type.v
│       │   │   ├── t_varref_scope_in_interface.py
│       │   │   ├── t_varref_scope_in_interface.v
│       │   │   ├── t_verilated_all_newest.py
│       │   │   ├── t_verilated_all_oldest.py
│       │   │   ├── t_verilated_all.py
│       │   │   ├── t_verilated_all.v
│       │   │   ├── t_verilated_debug.out
│       │   │   ├── t_verilated_debug.py
│       │   │   ├── t_verilated_debug.v
│       │   │   ├── t_verilated_header.py
│       │   │   ├── t_verilated_header.v
│       │   │   ├── t_verilated_threaded.py
│       │   │   ├── t_virtual_interface_delayed.py
│       │   │   ├── t_virtual_interface_delayed.v
│       │   │   ├── t_virtual_interface_gen_for_ref.py
│       │   │   ├── t_virtual_interface_gen_for_ref.v
│       │   │   ├── t_virtual_interface_member_trigger_real.py
│       │   │   ├── t_virtual_interface_member_trigger_real.v
│       │   │   ├── t_virtual_interface_member_trigger.py
│       │   │   ├── t_virtual_interface_member_trigger.v
│       │   │   ├── t_virtual_interface_method_bad.out
│       │   │   ├── t_virtual_interface_method_bad.py
│       │   │   ├── t_virtual_interface_method_bad.v
│       │   │   ├── t_virtual_interface_method_sched.py
│       │   │   ├── t_virtual_interface_method_sched.v
│       │   │   ├── t_virtual_interface_method.py
│       │   │   ├── t_virtual_interface_method.v
│       │   │   ├── t_virtual_interface_nba_assign.py
│       │   │   ├── t_virtual_interface_nba_assign.v
│       │   │   ├── t_virtual_interface_only_with_assignw.py
│       │   │   ├── t_virtual_interface_only_with_assignw.v
│       │   │   ├── t_virtual_interface_param_bind.py
│       │   │   ├── t_virtual_interface_param_bind.v
│       │   │   ├── t_virtual_interface_param.py
│       │   │   ├── t_virtual_interface_param.v
│       │   │   ├── t_virtual_interface_pkg.py
│       │   │   ├── t_virtual_interface_pkg.v
│       │   │   ├── t_virtual_interface_trigger_unsup.out
│       │   │   ├── t_virtual_interface_trigger_unsup.py
│       │   │   ├── t_virtual_interface_trigger_unsup.v
│       │   │   ├── t_virtual_interface_unused_task_trigger.py
│       │   │   ├── t_virtual_interface_unused_task_trigger.v
│       │   │   ├── t_vlcov_covergroup.annotate.out
│       │   │   ├── t_vlcov_covergroup.py
│       │   │   ├── t_vlcov_data_a.dat
│       │   │   ├── t_vlcov_data_b.dat
│       │   │   ├── t_vlcov_data_c.dat
│       │   │   ├── t_vlcov_data_d.dat
│       │   │   ├── t_vlcov_data_e.dat
│       │   │   ├── t_vlcov_data_f.dat
│       │   │   ├── t_vlcov_debugi.py
│       │   │   ├── t_vlcov_flag_invalid_bad.out
│       │   │   ├── t_vlcov_flag_invalid_bad.py
│       │   │   ├── t_vlcov_fsm_report_incl.out
│       │   │   ├── t_vlcov_fsm_report.out
│       │   │   ├── t_vlcov_fsm_report.py
│       │   │   ├── t_vlcov_fsm_report.v
│       │   │   ├── t_vlcov_hier_report_bad.out
│       │   │   ├── t_vlcov_hier_report_bad.py
│       │   │   ├── t_vlcov_hier_report_runtime.out
│       │   │   ├── t_vlcov_hier_report_runtime.py
│       │   │   ├── t_vlcov_hier_report_runtime.v
│       │   │   ├── t_vlcov_hier_report.out
│       │   │   ├── t_vlcov_hier_report.py
│       │   │   ├── t_vlcov_info.info.out
│       │   │   ├── t_vlcov_info.py
│       │   │   ├── t_vlcov_merge.out
│       │   │   ├── t_vlcov_merge.py
│       │   │   ├── t_vlcov_nfound_bad.out
│       │   │   ├── t_vlcov_nfound_bad.py
│       │   │   ├── t_vlcov_opt_branch.info.out
│       │   │   ├── t_vlcov_opt_branch.py
│       │   │   ├── t_vlcov_opt_expr.info.out
│       │   │   ├── t_vlcov_opt_expr.py
│       │   │   ├── t_vlcov_opt_line.info.out
│       │   │   ├── t_vlcov_opt_line.py
│       │   │   ├── t_vlcov_opt_toggle.info.out
│       │   │   ├── t_vlcov_opt_toggle.py
│       │   │   ├── t_vlcov_opt_user.info.out
│       │   │   ├── t_vlcov_opt_user.py
│       │   │   ├── t_vlcov_opt_wild.info.out
│       │   │   ├── t_vlcov_opt_wild.py
│       │   │   ├── t_vlcov_rank.out
│       │   │   ├── t_vlcov_rank.py
│       │   │   ├── t_vlcov_rewrite.py
│       │   │   ├── t_vlcov_summary_typed.out
│       │   │   ├── t_vlcov_summary_typed.py
│       │   │   ├── t_vlcov_unlink.py
│       │   │   ├── t_vlprocess_missing.py
│       │   │   ├── t_vlt_legacy.py
│       │   │   ├── t_vlt_legacy.v
│       │   │   ├── t_vlt_legacy.vlt
│       │   │   ├── t_vlt_match_contents.out
│       │   │   ├── t_vlt_match_contents.py
│       │   │   ├── t_vlt_match_contents.v
│       │   │   ├── t_vlt_match_contents.vlt
│       │   │   ├── t_vlt_match_error_1.out
│       │   │   ├── t_vlt_match_error_1.py
│       │   │   ├── t_vlt_match_error_2.out
│       │   │   ├── t_vlt_match_error_2.py
│       │   │   ├── t_vlt_match_error_3.out
│       │   │   ├── t_vlt_match_error_3.py
│       │   │   ├── t_vlt_match_error.v
│       │   │   ├── t_vlt_match_error.vlt
│       │   │   ├── t_vlt_public_spec.out
│       │   │   ├── t_vlt_public_spec.py
│       │   │   ├── t_vlt_public_spec.v
│       │   │   ├── t_vlt_public_spec.vlt
│       │   │   ├── t_vlt_syntax_bad.out
│       │   │   ├── t_vlt_syntax_bad.py
│       │   │   ├── t_vlt_syntax_bad.v
│       │   │   ├── t_vlt_syntax_bad.vlt
│       │   │   ├── t_vlt_timing.py
│       │   │   ├── t_vlt_timing.v
│       │   │   ├── t_vlt_timing.vlt
│       │   │   ├── t_vlt_var_sc_biguint_bad.out
│       │   │   ├── t_vlt_var_sc_biguint_bad.py
│       │   │   ├── t_vlt_var_sc_biguint_bad.vlt
│       │   │   ├── t_vlt_var_spec_bad.out
│       │   │   ├── t_vlt_var_spec_bad.py
│       │   │   ├── t_vlt_var_spec_bad.vlt
│       │   │   ├── t_vlt_warn_bad.out
│       │   │   ├── t_vlt_warn_bad.py
│       │   │   ├── t_vlt_warn_bad.vlt
│       │   │   ├── t_vlt_warn_ecode_bad.out
│       │   │   ├── t_vlt_warn_ecode_bad.py
│       │   │   ├── t_vlt_warn_ecode_bad.vlt
│       │   │   ├── t_vlt_warn_file_bad_b.vh
│       │   │   ├── t_vlt_warn_file_bad.out
│       │   │   ├── t_vlt_warn_file_bad.py
│       │   │   ├── t_vlt_warn_file_bad.v
│       │   │   ├── t_vlt_warn_file_bad.vlt
│       │   │   ├── t_vlt_warn_file2_bad.out
│       │   │   ├── t_vlt_warn_file2_bad.py
│       │   │   ├── t_vlt_warn_file2_bad.v
│       │   │   ├── t_vlt_warn_one_on_bad.out
│       │   │   ├── t_vlt_warn_one_on_bad.py
│       │   │   ├── t_vlt_warn_one_on_bad.v
│       │   │   ├── t_vlt_warn_range_bad.out
│       │   │   ├── t_vlt_warn_range_bad.py
│       │   │   ├── t_vlt_warn_range_bad.v
│       │   │   ├── t_vlt_warn.py
│       │   │   ├── t_vlt_warn.v
│       │   │   ├── t_vlt_warn.vlt
│       │   │   ├── t_vpi_cb_iter.cpp
│       │   │   ├── t_vpi_cb_iter.py
│       │   │   ├── t_vpi_cb_iter.v
│       │   │   ├── t_vpi_const_type.cpp
│       │   │   ├── t_vpi_const_type.py
│       │   │   ├── t_vpi_const_type.v
│       │   │   ├── t_vpi_dump_missing_scopes.iv.out
│       │   │   ├── t_vpi_dump_missing_scopes.out
│       │   │   ├── t_vpi_dump_missing_scopes.py
│       │   │   ├── t_vpi_dump_missing_scopes.v
│       │   │   ├── t_vpi_dump_no_inline.py
│       │   │   ├── t_vpi_dump.cpp
│       │   │   ├── t_vpi_dump.iv.out
│       │   │   ├── t_vpi_dump.out
│       │   │   ├── t_vpi_dump.py
│       │   │   ├── t_vpi_dump.v
│       │   │   ├── t_vpi_empty.py
│       │   │   ├── t_vpi_empty.v
│       │   │   ├── t_vpi_escape.cpp
│       │   │   ├── t_vpi_escape.py
│       │   │   ├── t_vpi_escape.v
│       │   │   ├── t_vpi_escape.vlt
│       │   │   ├── t_vpi_finish_c.cpp
│       │   │   ├── t_vpi_finish.py
│       │   │   ├── t_vpi_finish.v
│       │   │   ├── t_vpi_force.cpp
│       │   │   ├── t_vpi_force.py
│       │   │   ├── t_vpi_force.v
│       │   │   ├── t_vpi_forceable_bad.cpp
│       │   │   ├── t_vpi_forceable_bad.out
│       │   │   ├── t_vpi_forceable_bad.py
│       │   │   ├── t_vpi_forceable_bad.v
│       │   │   ├── t_vpi_forceable_var.py
│       │   │   ├── t_vpi_forceable_var.vlt
│       │   │   ├── t_vpi_get_public_rw_switch.py
│       │   │   ├── t_vpi_get_value_array.cpp
│       │   │   ├── t_vpi_get_value_array.py
│       │   │   ├── t_vpi_get_value_array.v
│       │   │   ├── t_vpi_get.cpp
│       │   │   ├── t_vpi_get.py
│       │   │   ├── t_vpi_get.v
│       │   │   ├── t_vpi_hierarchy_clear.cpp
│       │   │   ├── t_vpi_hierarchy_clear.py
│       │   │   ├── t_vpi_hierarchy_clear.v
│       │   │   ├── t_vpi_memory.cpp
│       │   │   ├── t_vpi_memory.py
│       │   │   ├── t_vpi_memory.v
│       │   │   ├── t_vpi_module_dpi.py
│       │   │   ├── t_vpi_module_empty.cpp
│       │   │   ├── t_vpi_module_empty.py
│       │   │   ├── t_vpi_module_empty.v
│       │   │   ├── t_vpi_module.cpp
│       │   │   ├── t_vpi_module.py
│       │   │   ├── t_vpi_module.v
│       │   │   ├── t_vpi_multidim.cpp
│       │   │   ├── t_vpi_multidim.py
│       │   │   ├── t_vpi_multidim.v
│       │   │   ├── t_vpi_onetime_cbs.cpp
│       │   │   ├── t_vpi_onetime_cbs.py
│       │   │   ├── t_vpi_onetime_cbs.v
│       │   │   ├── t_vpi_package.cpp
│       │   │   ├── t_vpi_package.py
│       │   │   ├── t_vpi_package.v
│       │   │   ├── t_vpi_param.cpp
│       │   │   ├── t_vpi_param.py
│       │   │   ├── t_vpi_param.v
│       │   │   ├── t_vpi_public_depth_off.py
│       │   │   ├── t_vpi_public_depth.cpp
│       │   │   ├── t_vpi_public_depth.py
│       │   │   ├── t_vpi_public_depth.v
│       │   │   ├── t_vpi_public_depthn_1.out
│       │   │   ├── t_vpi_public_depthn_1.py
│       │   │   ├── t_vpi_public_depthn_2.out
│       │   │   ├── t_vpi_public_depthn_2.py
│       │   │   ├── t_vpi_public_depthn_3.out
│       │   │   ├── t_vpi_public_depthn_3.py
│       │   │   ├── t_vpi_public_depthn.v
│       │   │   ├── t_vpi_public_off.py
│       │   │   ├── t_vpi_public_params.py
│       │   │   ├── t_vpi_public_params.v
│       │   │   ├── t_vpi_put_value_array.cpp
│       │   │   ├── t_vpi_put_value_array.py
│       │   │   ├── t_vpi_put_value_array.v
│       │   │   ├── t_vpi_release_dup_bad_c.cpp
│       │   │   ├── t_vpi_release_dup_bad.py
│       │   │   ├── t_vpi_release_dup_bad.v
│       │   │   ├── t_vpi_repetitive_cbs.cpp
│       │   │   ├── t_vpi_repetitive_cbs.py
│       │   │   ├── t_vpi_repetitive_cbs.v
│       │   │   ├── t_vpi_sc.cpp
│       │   │   ├── t_vpi_sc.py
│       │   │   ├── t_vpi_sc.v
│       │   │   ├── t_vpi_stop_bad_c.cpp
│       │   │   ├── t_vpi_stop_bad.out
│       │   │   ├── t_vpi_stop_bad.py
│       │   │   ├── t_vpi_stop_bad.v
│       │   │   ├── t_vpi_time_cb_c.cpp
│       │   │   ├── t_vpi_time_cb.cpp
│       │   │   ├── t_vpi_time_cb.py
│       │   │   ├── t_vpi_time_cb.v
│       │   │   ├── t_vpi_unimpl.cpp
│       │   │   ├── t_vpi_unimpl.py
│       │   │   ├── t_vpi_unimpl.v
│       │   │   ├── t_vpi_var.cpp
│       │   │   ├── t_vpi_var.py
│       │   │   ├── t_vpi_var.v
│       │   │   ├── t_vpi_var2.py
│       │   │   ├── t_vpi_var2.v
│       │   │   ├── t_vpi_var3.py
│       │   │   ├── t_vpi_var3.v
│       │   │   ├── t_vpi_zero_time_cb.cpp
│       │   │   ├── t_vpi_zero_time_cb.py
│       │   │   ├── t_vpi_zero_time_cb.v
│       │   │   ├── t_vthread.py
│       │   │   ├── t_wait_const.py
│       │   │   ├── t_wait_const.v
│       │   │   ├── t_wait_fork.py
│       │   │   ├── t_wait_fork.v
│       │   │   ├── t_wait_iface_vif.py
│       │   │   ├── t_wait_iface_vif.v
│       │   │   ├── t_wait_no_triggered_bad.out
│       │   │   ├── t_wait_no_triggered_bad.py
│       │   │   ├── t_wait_no_triggered_bad.v
│       │   │   ├── t_wait_order.out
│       │   │   ├── t_wait_order.py
│       │   │   ├── t_wait_order.v
│       │   │   ├── t_wait_timing.py
│       │   │   ├── t_wait.out
│       │   │   ├── t_wait.py
│       │   │   ├── t_wait.v
│       │   │   ├── t_waiveroutput_allgood.out
│       │   │   ├── t_waiveroutput_allgood.py
│       │   │   ├── t_waiveroutput_multiline.out
│       │   │   ├── t_waiveroutput_multiline.py
│       │   │   ├── t_waiveroutput_roundtrip.py
│       │   │   ├── t_waiveroutput_roundtrip.v
│       │   │   ├── t_waiveroutput.out
│       │   │   ├── t_waiveroutput.py
│       │   │   ├── t_waiveroutput.v
│       │   │   ├── t_waiveroutput.vlt
│       │   │   ├── t_while_cond_is_stmt.py
│       │   │   ├── t_while_cond_is_stmt.v
│       │   │   ├── t_while_finish.py
│       │   │   ├── t_while_finish.v
│       │   │   ├── t_while_timing_control.py
│       │   │   ├── t_while_timing_control.v
│       │   │   ├── t_wide_temp_while_cond.cpp
│       │   │   ├── t_wide_temp_while_cond.py
│       │   │   ├── t_wide_temp_while_cond.v
│       │   │   ├── t_wire_beh1364_bad.out
│       │   │   ├── t_wire_beh1364_bad.py
│       │   │   ├── t_wire_beh1364_bad.v
│       │   │   ├── t_wire_beh1800_bad.out
│       │   │   ├── t_wire_beh1800_bad.py
│       │   │   ├── t_wire_beh1800_bad.v
│       │   │   ├── t_wire_behp1364_bad.out
│       │   │   ├── t_wire_behp1364_bad.py
│       │   │   ├── t_wire_behp1364_bad.v
│       │   │   ├── t_wire_behp1800_bad.out
│       │   │   ├── t_wire_behp1800_bad.py
│       │   │   ├── t_wire_behp1800_bad.v
│       │   │   ├── t_wire_self_bad.out
│       │   │   ├── t_wire_self_bad.py
│       │   │   ├── t_wire_self_bad.v
│       │   │   ├── t_wire_trireg_unsup.out
│       │   │   ├── t_wire_trireg_unsup.py
│       │   │   ├── t_wire_trireg_unsup.v
│       │   │   ├── t_wire_types.py
│       │   │   ├── t_wire_types.v
│       │   │   ├── t_wired_net_test.py
│       │   │   ├── t_wired_net_test.v
│       │   │   ├── t_with_suggest_bad.out
│       │   │   ├── t_with_suggest_bad.py
│       │   │   ├── t_with_suggest_bad.v
│       │   │   ├── t_with.py
│       │   │   ├── t_with.v
│       │   │   ├── t_wrapper_clone.cpp
│       │   │   ├── t_wrapper_clone.out
│       │   │   ├── t_wrapper_clone.py
│       │   │   ├── t_wrapper_clone.v
│       │   │   ├── t_wrapper_context__top0.dat.out
│       │   │   ├── t_wrapper_context__top1.dat.out
│       │   │   ├── t_wrapper_context__trace0.vcd.out
│       │   │   ├── t_wrapper_context__trace1.vcd.out
│       │   │   ├── t_wrapper_context_fst.py
│       │   │   ├── t_wrapper_context_seq.py
│       │   │   ├── t_wrapper_context.cpp
│       │   │   ├── t_wrapper_context.py
│       │   │   ├── t_wrapper_context.v
│       │   │   ├── t_wrapper_del_context_bad.cpp
│       │   │   ├── t_wrapper_del_context_bad.out
│       │   │   ├── t_wrapper_del_context_bad.py
│       │   │   ├── t_wrapper_del_context_bad.v
│       │   │   ├── t_wrapper_legacy_time64.py
│       │   │   ├── t_wrapper_legacy_timed.py
│       │   │   ├── t_wrapper_legacy.cpp
│       │   │   ├── t_wrapper_legacy.py
│       │   │   ├── t_wrapper_legacy.v
│       │   │   ├── t_wrapper_reuse_context_bad.cpp
│       │   │   ├── t_wrapper_reuse_context_bad.out
│       │   │   ├── t_wrapper_reuse_context_bad.py
│       │   │   ├── t_wrapper_reuse_context_bad.v
│       │   │   ├── t_x_assign_0.py
│       │   │   ├── t_x_assign_1.py
│       │   │   ├── t_x_assign_unique_0.py
│       │   │   ├── t_x_assign_unique_1.py
│       │   │   ├── t_x_assign.cpp
│       │   │   ├── t_x_assign.v
│       │   │   ├── t_x_rand_mt_stability_add_trace.out
│       │   │   ├── t_x_rand_mt_stability_add_trace.py
│       │   │   ├── t_x_rand_mt_stability_add.out
│       │   │   ├── t_x_rand_mt_stability_add.py
│       │   │   ├── t_x_rand_mt_stability_trace.out
│       │   │   ├── t_x_rand_mt_stability_trace.py
│       │   │   ├── t_x_rand_mt_stability_zeros.out
│       │   │   ├── t_x_rand_mt_stability_zeros.py
│       │   │   ├── t_x_rand_mt_stability.out
│       │   │   ├── t_x_rand_mt_stability.py
│       │   │   ├── t_x_rand_scoped_is_random.py
│       │   │   ├── t_x_rand_scoped_is_random.v
│       │   │   ├── t_x_rand_stability_add_trace.out
│       │   │   ├── t_x_rand_stability_add_trace.py
│       │   │   ├── t_x_rand_stability_add.out
│       │   │   ├── t_x_rand_stability_add.py
│       │   │   ├── t_x_rand_stability_trace.out
│       │   │   ├── t_x_rand_stability_trace.py
│       │   │   ├── t_x_rand_stability_zeros.out
│       │   │   ├── t_x_rand_stability_zeros.py
│       │   │   ├── t_x_rand_stability.out
│       │   │   ├── t_x_rand_stability.py
│       │   │   ├── t_x_rand_stability.v
│       │   │   ├── TestCheck.h
│       │   │   ├── TestSimulator.h
│       │   │   ├── TestVpi.h
│       │   │   ├── TestVpiMain.cpp
│       │   │   ├── trace_abort_common.py
│       │   │   ├── trace_array_common.py
│       │   │   ├── trace_ascendingrange_common.py
│       │   │   ├── trace_basic_common.py
│       │   │   ├── trace_cat_common.py
│       │   │   ├── trace_complex_common.py
│       │   │   ├── trace_dumpvars_dyn_common.py
│       │   │   ├── trace_enum_common.py
│       │   │   ├── trace_event_common.py
│       │   │   ├── trace_hier_block_common.py
│       │   │   ├── trace_hier_common.py
│       │   │   ├── trace_interface_ref_common.py
│       │   │   ├── trace_lib_as_top_common.py
│       │   │   ├── trace_lib_common.py
│       │   │   ├── trace_no_top_name_common.py
│       │   │   ├── trace_no_top_name2_common.py
│       │   │   ├── trace_packed_struct_common.py
│       │   │   ├── trace_param_common.py
│       │   │   ├── trace_primitive_common.py
│       │   │   ├── trace_split_struct_common.py
│       │   │   ├── trace_struct_alias_common.py
│       │   │   ├── trace_struct_array_multi_inst_common.py
│       │   │   ├── trace_timing_common.py
│       │   │   ├── trace_two_common.py
│       │   │   ├── trace_type_dupes_common.py
│       │   │   ├── trace_var_kind_common.py
│       │   │   └── vltest_bootstrap.py
│       │   ├── AGENTS.md
│       │   ├── CMakeLists.txt
│       │   ├── driver.py
│       │   ├── input.vc
│       │   ├── input.xsim.vc
│       │   ├── Makefile
│       │   ├── Makefile_obj
│       │   └── tsan.supp
│       ├── AGENTS.md
│       ├── Changes
│       ├── CITATION.cff
│       ├── CMakeLists.txt
│       ├── configure.ac
│       ├── CPPLINT.cfg
│       ├── install-sh
│       ├── LICENSE
│       ├── Makefile.in
│       ├── python-dev-requirements.txt
│       ├── README.rst
│       ├── REUSE.toml
│       ├── verilator-config-version.cmake.in
│       ├── verilator-config.cmake.in
│       └── verilator.pc.in
├── hardware
│   ├── include
│   │   └── hw_config.vh
│   ├── src
│   │   ├── axi4-interface
│   │   │   ├── config
│   │   │   │   ├── Axi4_config_mlp_v1_0_S00_AXI.v
│   │   │   │   └── Axi4_config_mlp_v1_0.v
│   │   │   ├── input-weight-rams
│   │   │   │   ├── Axi4_input_weight_brams_v1_0_S00_AXI.v
│   │   │   │   └── Axi4_input_weight_brams_v1_0.v
│   │   │   └── register-array
│   │   │       ├── Axi4_register_array_v1_0_S00_AXI.v
│   │   │       └── Axi4_register_array_v1_0.v
│   │   ├── Cluster
│   │   │   ├── cluster_ctrl.v
│   │   │   ├── cluster_dp.v
│   │   │   └── cluster_top.v
│   │   ├── Cluster-wrapper
│   │   │   └── cluster_wrapper.v
│   │   └── utils
│   │       ├── bram_sp.v
│   │       └── mull_add.v
│   └── README.md
├── report
├── sim
├── src
│   ├── LLRT
│   │   ├── driver
│   │   │   ├── driver.c
│   │   │   └── driver.h
│   │   ├── layer
│   │   │   ├── Padding.c
│   │   │   ├── Padding.h
│   │   │   ├── QConv1d.c
│   │   │   ├── QConv1d.h
│   │   │   ├── QConv2d.c
│   │   │   ├── QConv2d.h
│   │   │   ├── QGemm.c
│   │   │   └── QGemm.h
│   │   ├── tests
│   │   │   ├── cases
│   │   │   │   ├── conv1d.c
│   │   │   │   ├── conv2d.c
│   │   │   │   ├── gemm.c
│   │   │   │   └── test_cases.h
│   │   │   ├── ref
│   │   │   │   ├── RQConv1d.c
│   │   │   │   ├── RQConv1d.h
│   │   │   │   ├── RQConv2d.c
│   │   │   │   ├── RQConv2d.h
│   │   │   │   ├── RQGemm.c
│   │   │   │   └── RQGemm.h
│   │   │   └── utils
│   │   │       ├── test_utils.c
│   │   │       └── test_utils.h
│   │   ├── hardware_config.h
│   │   └── utils.h
│   ├── layers.py
│   ├── lsqplus.py
│   ├── onnx_quant.py
│   └── usage.py
├── ASSIGNMENT-EN.md
├── ASSIGNMENT.md
├── README.md
└── temp.md
```

# File Contents

## src/LLRT/driver/driver.c

```c
#include "driver.h"
#include "hal/include/eaiot_hal_mem.h"
#include "hal/include/eaiot_hal_io.h"
#include "llrt/hardware_config.h"

extern acc_driver_t popenhw_driver;

void hw_setup(uint8_t* input, int8_t* weight, int In_col, uint8_t input_zp, int i0, int o0) {


	eaiot_hal_mem_copy(popenhw_driver.iw_base_addr, input, i0);

	for (int oi = 0; oi < o0; oi++) {
		eaiot_hal_mem_copy(popenhw_driver.iw_base_addr + ((I0 + oi * I0)), weight + oi * In_col, i0);
	}
	int config_data;
	config_data = 0;
	config_data = ((o0 - 1) & 0xFFFF);
	eaiot_hal_Out32(popenhw_driver.config_base_addr + 4 , config_data);
	config_data = 0;
	config_data = ((input_zp & 0xFF) << 8) | (((i0 - 1) & 0xFFFF) << 16) | 1;
	eaiot_hal_Out32(popenhw_driver.config_base_addr, config_data);

	int done = 0;
	while(!done) {
		done = (eaiot_hal_In32((popenhw_driver.config_base_addr+4)) >> 16) & 0x1;
	}
	eaiot_hal_Out32(popenhw_driver.config_base_addr, 0);

}

void bias_setup(int* bias,int o0) {
	eaiot_hal_mem_copy(popenhw_driver.o_base_addr, bias , o0 * sizeof(int));
}

void recv_output(int* out,int o0) {
	eaiot_hal_mem_copy(out, popenhw_driver.o_base_addr, o0 * sizeof(int));
}


```

## src/LLRT/driver/driver.h

```h
#ifndef __DRIVER_H__
#define __DRIVER_H__

#include "stdint.h"

void hw_setup(uint8_t* input, int8_t* weight, int In_col, uint8_t input_zp, int i0, int o0);
void bias_setup(int* bias,int o0);
void recv_output(int* out,int o0);

typedef struct {
    uintptr_t config_base_addr;
    uintptr_t iw_base_addr;
    uintptr_t o_base_addr;

} acc_driver_t;

#endif

```

## src/LLRT/hardware_config.h

```h
#ifndef __HARDWARE_CONFIG_H__
#define __HARDWARE_CONFIG_H__

#define MAX_INPUT_SIZE 32 // aka I0
#define MAX_NEURONS 32 // aka O0



#define I0 MAX_INPUT_SIZE
#define O0 MAX_NEURONS

#endif
```

## src/LLRT/layer/Padding.c

```c
#include "Padding.h"



// Pads input with input_zp on each side independently
uint8_t* pad_input_1d(uint8_t* input, int Lin, int Cin,
                       int pad_left, int pad_right,
                       uint8_t input_zp, int* Lin_padded) {
    int Lp = Lin + pad_left + pad_right;
    *Lin_padded = Lp;
    uint8_t* padded = (uint8_t*) malloc(Lp * Cin * sizeof(uint8_t));
    for (int i = 0; i < Lp * Cin; i++) padded[i] = input_zp;
    for (int l = 0; l < Lin; l++)
        for (int c = 0; c < Cin; c++)
            padded[(l + pad_left) * Cin + c] = input[l * Cin + c];
    return padded;
}



uint8_t* pad_input_2d(uint8_t* input, int H, int W, int Cin,
                       int pad_top, int pad_bottom, int pad_left, int pad_right,
                       uint8_t input_zp, int* Hp_out, int* Wp_out) {
    int Hp = H + pad_top + pad_bottom;
    int Wp = W + pad_left + pad_right;
    *Hp_out = Hp;
    *Wp_out = Wp;
    uint8_t* padded = (uint8_t*) malloc(Hp * Wp * Cin * sizeof(uint8_t));
    for (int i = 0; i < Hp * Wp * Cin; i++) padded[i] = input_zp;
    for (int h = 0; h < H; h++)
        for (int w = 0; w < W; w++)
            for (int c = 0; c < Cin; c++)
                padded[((h + pad_top) * Wp + (w + pad_left)) * Cin + c] =
                    input[(h * W + w) * Cin + c];
    return padded;
}
```

## src/LLRT/layer/Padding.h

```h
#ifndef __PADDING_H__
#define __PADDING_H__

#include "stdint.h"

uint8_t* pad_input_1d(uint8_t* input, int Lin, int Cin,
                       int pad_left, int pad_right,
                       uint8_t input_zp, int* Lin_padded);



uint8_t* pad_input_2d(uint8_t* input, int H, int W, int Cin,
                       int pad_top, int pad_bottom, int pad_left, int pad_right,
                       uint8_t input_zp, int* Hp_out, int* Wp_out);

#endif
```

## src/LLRT/layer/QConv1d.c

```c
#include "QConv1d.h"
#include "llrt/hardware_config.h"
#include "llrt/driver/driver.h"
#include "llrt/utils.h"
#include "llrt/layer/Padding.h"


void QConv1d(int* out, uint8_t* input, int8_t* weight, int* bias,
              uint8_t input_zp, int8_t weight_zp,
              int Lin, int Cin, int Cout, int K,
              int stride, int dilation,
              int pad_left, int pad_right, int groups) {

    int Lin_p;
    uint8_t* padded = pad_input_1d(input, Lin, Cin, pad_left, pad_right, input_zp, &Lin_p);
    int Lout = (Lin_p - (dilation * (K - 1) + 1)) / stride + 1;

    int Cin_g  = Cin  / groups;
    int Cout_g = Cout / groups;
    int row_stride = K * Cin_g;

    for (int op = 0; op < Lout; op += 1) {
        for (int oc = 0; oc < Cout; oc += O0) {
            int o0 = LLRT_MIN(Cout - oc, O0);
            bias_setup(bias + oc, o0);

            for (int k = 0; k < K; k += 1) {
                int in_pos = op * stride + k * dilation;
                for (int ic = 0; ic < Cin_g; ic += I0) {
                    int i0 = LLRT_MIN(I0, Cin_g - ic);
                    int g = oc / Cout_g; // assumes O0 <= Cout_g
                    int in_ch = g * Cin_g + ic;
                    hw_setup(padded + in_pos * Cin + in_ch,
                             weight + oc * row_stride + k * Cin_g + ic,
                             row_stride, input_zp, i0, o0);
                }
            }
            recv_output(out + op * Cout + oc, o0);
        }
    }

    free(padded);
}
```

## src/LLRT/layer/QConv1d.h

```h
#ifndef __QCONV1D_H__
#define __QCONV1D_H__

#include "stdint.h"


void QConv1d(int* out, uint8_t* input, int8_t* weight, int* bias,
              uint8_t input_zp, int8_t weight_zp,
              int Lin, int Cin, int Cout, int K,
              int stride, int dilation,
              int pad_left, int pad_right, int groups);

#endif
```

## src/LLRT/layer/QConv2d.c

```c
#include "QConv2d.h"
#include "llrt/hardware_config.h"
#include "llrt/driver/driver.h"
#include "llrt/utils.h"
#include "llrt/layer/Padding.h"

/***
 * Layout: I assumed channel-last (NLC/NHWC) for input/output and [Cout][K][Cin]/[Cout][Kh][Kw][Cin] for weights,
 *  since that's what makes both hw_setup operands contiguous. If your weights are actually stored channel-first ([Cout][Cin][K]),
 *  the access pattern can't directly map to contiguous hw_setup calls without an im2col-style repack
 */



void QConv2d(int* out, uint8_t* input, int8_t* weight, int* bias,
              uint8_t input_zp, int8_t weight_zp,
              int H, int W, int Cin, int Cout, int Kh, int Kw,
              int stride_h, int stride_w, int dilation_h, int dilation_w,
              int pad_top, int pad_bottom, int pad_left, int pad_right, int groups) {

    int Hp, Wp;
    uint8_t* padded = pad_input_2d(input, H, W, Cin, pad_top, pad_bottom, pad_left, pad_right,
                                    input_zp, &Hp, &Wp);
    int Hout = (Hp - (dilation_h * (Kh - 1) + 1)) / stride_h + 1;
    int Wout = (Wp - (dilation_w * (Kw - 1) + 1)) / stride_w + 1;

    int Cin_g  = Cin  / groups;
    int Cout_g = Cout / groups;
    int row_stride = Kh * Kw * Cin_g;

    for (int oh = 0; oh < Hout; oh += 1) {
        for (int ow = 0; ow < Wout; ow += 1) {
            for (int oc = 0; oc < Cout; oc += O0) {
                int o0 = LLRT_MIN(Cout - oc, O0);
                bias_setup(bias + oc, o0);

                for (int kh = 0; kh < Kh; kh += 1) {
                    int ih = oh * stride_h + kh * dilation_h;
                    for (int kw = 0; kw < Kw; kw += 1) {
                        int iw = ow * stride_w + kw * dilation_w;
                        for (int ic = 0; ic < Cin_g; ic += I0) {
                            int i0 = LLRT_MIN(I0, Cin_g - ic);
                            int g = oc / Cout_g; // assumes O0 <= Cout_g
                            int in_ch = g * Cin_g + ic;
                            hw_setup(padded + (ih * Wp + iw) * Cin + in_ch,
                                     weight + oc * row_stride + (kh * Kw + kw) * Cin_g + ic,
                                     row_stride, input_zp, i0, o0);
                        }
                    }
                }
                recv_output(out + (oh * Wout + ow) * Cout + oc, o0);
            }
        }
    }

    free(padded);
}
```

## src/LLRT/layer/QConv2d.h

```h
#ifndef __QCONV2D_H__
#define __QCONV2D_H__

#include "stdint.h"


void QConv2d(int* out, uint8_t* input, int8_t* weight, int* bias,
              uint8_t input_zp, int8_t weight_zp,
              int H, int W, int Cin, int Cout, int Kh, int Kw,
              int stride_h, int stride_w, int dilation_h, int dilation_w,
              int pad_top, int pad_bottom, int pad_left, int pad_right, int groups);
              

#endif

```

## src/LLRT/layer/QGemm.c

```c
#include "QGemm.h"
#include "llrt/hardware_config.h"
#include "llrt/driver/driver.h"
#include "llrt/utils.h"


void QGemm(int* out, uint8_t* input, int8_t* weight, int* bias, uint8_t input_zp , int8_t weight_zp, int In_row, int In_col, int Out_col) {

	for (int ir=0; ir < In_row; ir += 1) {
		for (int oc = 0; oc < Out_col; oc+=O0) {
			int o0 = LLRT_MIN(Out_col - oc, O0);
			bias_setup(bias + ir * Out_col + oc, o0);
			for (int ic = 0; ic < In_col; ic+=I0) {
				int i0 = LLRT_MIN(I0, In_col - ic);

				hw_setup(input + ir * In_col + ic, weight + oc * In_col + ic, In_col, input_zp, i0, o0);
			}
			recv_output(out + ir * Out_col + oc, o0);
		}
	}
}

```

## src/LLRT/layer/QGemm.h

```h
#ifndef __QLinear_H__
#define __QLinear_H__

#include "stdint.h"

void QGemm(int* out, uint8_t* input, int8_t* weight, int* bias, uint8_t input_zp , int8_t weight_zp, int In_row, int In_col, int Out_col);

#endif

```

## src/LLRT/tests/cases/conv1d.c

```c
#include "test_cases.h"
#include "llrt/tests/utils/test_utils.h"
#include "llrt/tests/ref/RQConv1d.h"
#include "llrt/layer/QConv1d.h"
#include "string.h"



void conv1d_test() {

    int Lin   = 32;
    int Cin   = 16;
    int Cout  = 32;
    int K     = 3;
    int stride   = 1;
    int dilation = 1;
    int pad_left  = 1;
    int pad_right = 1;
    int groups   = 2;

    int Cin_g = Cin / groups;
    int Lin_p = Lin + pad_left + pad_right;
    int Lout  = (Lin_p - (dilation * (K - 1) + 1)) / stride + 1;

    uint8_t* input  = (uint8_t*) malloc(Lin  * Cin  * sizeof(uint8_t));
    int8_t*  weight = (int8_t*)  malloc(Cout * K * Cin_g * sizeof(int8_t));
    int*     bias   = (int*)     malloc(Cout * sizeof(int));
    int*     hw_out  = (int*) malloc(Lout * Cout * sizeof(int));
    int*     ref_out = (int*) malloc(Lout * Cout * sizeof(int));

    generate_random_int_array   (bias,   Cout,               -1024, 1024);
    generate_random_int8_array  (weight, Cout * K * Cin_g,   -64, 64);
    generate_random_uint8_array (input,  Lin * Cin,          0, 128);

    uint8_t input_zp  = 100;
    int8_t  weight_zp = 0;

    QConv1d  (hw_out,  input, weight, bias, input_zp, weight_zp,
              Lin, Cin, Cout, K, stride, dilation, pad_left, pad_right, groups);
    RQConv1d (ref_out, input, weight, bias, input_zp, weight_zp,
              Lin, Cin, Cout, K, stride, dilation, pad_left, pad_right, groups);

    check_mem (hw_out, ref_out, Lout * Cout);

    free(input); free(weight); free(bias); free(hw_out); free(ref_out);
    return;
}

```

## src/LLRT/tests/cases/conv2d.c

```c
#include "test_cases.h"
#include "llrt/tests/utils/test_utils.h"
#include "llrt/tests/ref/RQConv2d.h"
#include "llrt/layer/QConv2d.h"
#include "string.h"


void conv2d_test() {

    int H    = 16;
    int W    = 16;
    int Cin  = 8;
    int Cout = 16;
    int Kh   = 3;
    int Kw   = 3;
    int stride_h = 1;
    int stride_w = 1;
    int dilation_h = 1;
    int dilation_w = 1;
    int pad_top    = 1;
    int pad_bottom = 1;
    int pad_left   = 1;
    int pad_right  = 1;
    int groups = 2;

    int Cin_g = Cin / groups;
    int Hp = H + pad_top + pad_bottom;
    int Wp = W + pad_left + pad_right;
    int Hout = (Hp - (dilation_h * (Kh - 1) + 1)) / stride_h + 1;
    int Wout = (Wp - (dilation_w * (Kw - 1) + 1)) / stride_w + 1;

    uint8_t* input  = (uint8_t*) malloc(H * W * Cin * sizeof(uint8_t));
    int8_t*  weight = (int8_t*)  malloc(Cout * Kh * Kw * Cin_g * sizeof(int8_t));
    int*     bias   = (int*)     malloc(Cout * sizeof(int));
    int*     hw_out  = (int*) malloc(Hout * Wout * Cout * sizeof(int));
    int*     ref_out = (int*) malloc(Hout * Wout * Cout * sizeof(int));

    generate_random_int_array   (bias,   Cout,                      -1024, 1024);
    generate_random_int8_array  (weight, Cout * Kh * Kw * Cin_g,    -64, 64);
    generate_random_uint8_array (input,  H * W * Cin,               0, 128);

    uint8_t input_zp  = 100;
    int8_t  weight_zp = 0;

    QConv2d  (hw_out,  input, weight, bias, input_zp, weight_zp,
              H, W, Cin, Cout, Kh, Kw, stride_h, stride_w, dilation_h, dilation_w,
              pad_top, pad_bottom, pad_left, pad_right, groups);
    RQConv2d (ref_out, input, weight, bias, input_zp, weight_zp,
              H, W, Cin, Cout, Kh, Kw, stride_h, stride_w, dilation_h, dilation_w,
              pad_top, pad_bottom, pad_left, pad_right, groups);

    check_mem (hw_out, ref_out, Hout * Wout * Cout);

    free(input); free(weight); free(bias); free(hw_out); free(ref_out);
    return;
}
```

## src/LLRT/tests/cases/gemm.c

```c
#include "test_cases.h"
#include "llrt/tests/utils/test_utils.h"
#include "llrt/tests/ref/RQGemm.h"
#include "llrt/layer/QGemm.h"
#include "string.h"

void gemm_test() {
    
    int In_row  = 32;
//    int In_row  = random_int (1, 16);
    int In_col  = 64;
//    int In_col  = random_int (1, 32);
    int Out_col = 64;
//    int Out_col = random_int (1, 64);



    uint8_t*    input   = (uint8_t*)    malloc (In_row * In_col * sizeof(uint8_t));
    int8_t*     weight  = (int8_t*)     malloc (In_col * Out_col * sizeof(int8_t));
    int*        bias    = (int*)        malloc (In_row * Out_col * sizeof(int));
    int*        hw_out  = (int*)        malloc (In_row * Out_col * sizeof(int));
    int*        ref_out = (int*)        malloc (In_row * Out_col * sizeof(int));


    generate_random_int_array   (bias, In_row * Out_col , -1024, 1024);
    generate_random_int8_array  (weight, In_col * Out_col, -64, 64);
    generate_random_uint8_array (input, In_row * In_col, 0, 128);

//    uint8_t input_zp = (uint8_t) random_int(0, 255);
    uint8_t input_zp = 100;

    int8_t  weight_zp = 0;



    QGemm (hw_out, input, weight, bias, input_zp , weight_zp, In_row, In_col, Out_col);

    RQGemm (ref_out, input, weight, bias, input_zp , weight_zp, In_row, In_col, Out_col);

    check_mem (hw_out, ref_out, In_row * Out_col);

    return;
}

```

## src/LLRT/tests/cases/test_cases.h

```h
#ifndef __TEST_CASES_H__
#define __TEST_CASES_H__


void gemm_test();
void conv1d_test();
void conv2d_test();

#endif
```

## src/LLRT/tests/ref/RQConv1d.c

```c
#include "RQConv1d.h"
#include "llrt/layer/Padding.h"

void RQConv1d(int* out, uint8_t* input, int8_t* weight, int* bias,
               uint8_t input_zp, int8_t weight_zp,
               int Lin, int Cin, int Cout, int K,
               int stride, int dilation,
               int pad_left, int pad_right, int groups) {

    int Lin_p;
    uint8_t* padded = pad_input_1d(input, Lin, Cin, pad_left, pad_right, input_zp, &Lin_p);
    int Lout = (Lin_p - (dilation * (K - 1) + 1)) / stride + 1;

    int Cin_g  = Cin  / groups;
    int Cout_g = Cout / groups;

    for (int op = 0; op < Lout; op += 1) {
        for (int oc = 0; oc < Cout; oc += 1) {
            int g = oc / Cout_g;
            int temp = bias[oc];
            for (int k = 0; k < K; k += 1) {
                int in_pos = op * stride + k * dilation;
                for (int ic = 0; ic < Cin_g; ic += 1) {
                    int in_ch = g * Cin_g + ic;
                    temp += (((int)padded[in_pos * Cin + in_ch]) - (int)input_zp)
                            * (int)weight[oc * K * Cin_g + k * Cin_g + ic];
                }
            }
            out[op * Cout + oc] = temp;
        }
    }

    free(padded);
}
```

## src/LLRT/tests/ref/RQConv1d.h

```h
#ifndef __RQCONV1D_H__
#define __RQCONV1D_H__

#include "stdint.h"


void RQConv1d(int* out, uint8_t* input, int8_t* weight, int* bias,
               uint8_t input_zp, int8_t weight_zp,
               int Lin, int Cin, int Cout, int K,
               int stride, int dilation,
               int pad_left, int pad_right, int groups);

#endif

```

## src/LLRT/tests/ref/RQConv2d.c

```c
#include "RQConv2d.h"
#include "llrt/layer/Padding.h"

void RQConv2d(int* out, uint8_t* input, int8_t* weight, int* bias,
               uint8_t input_zp, int8_t weight_zp,
               int H, int W, int Cin, int Cout, int Kh, int Kw,
               int stride_h, int stride_w, int dilation_h, int dilation_w,
               int pad_top, int pad_bottom, int pad_left, int pad_right, int groups) {

    int Hp, Wp;
    uint8_t* padded = pad_input_2d(input, H, W, Cin, pad_top, pad_bottom, pad_left, pad_right,
                                    input_zp, &Hp, &Wp);
    int Hout = (Hp - (dilation_h * (Kh - 1) + 1)) / stride_h + 1;
    int Wout = (Wp - (dilation_w * (Kw - 1) + 1)) / stride_w + 1;

    int Cin_g  = Cin  / groups;
    int Cout_g = Cout / groups;

    for (int oh = 0; oh < Hout; oh += 1) {
        for (int ow = 0; ow < Wout; ow += 1) {
            for (int oc = 0; oc < Cout; oc += 1) {
                int g = oc / Cout_g;
                int temp = bias[oc];
                for (int kh = 0; kh < Kh; kh += 1) {
                    int ih = oh * stride_h + kh * dilation_h;
                    for (int kw = 0; kw < Kw; kw += 1) {
                        int iw = ow * stride_w + kw * dilation_w;
                        for (int ic = 0; ic < Cin_g; ic += 1) {
                            int in_ch = g * Cin_g + ic;
                            temp += (((int)padded[(ih * Wp + iw) * Cin + in_ch]) - (int)input_zp)
                                    * (int)weight[oc * Kh * Kw * Cin_g + (kh * Kw + kw) * Cin_g + ic];
                        }
                    }
                }
                out[(oh * Wout + ow) * Cout + oc] = temp;
            }
        }
    }

    free(padded);
}
```

## src/LLRT/tests/ref/RQConv2d.h

```h
#ifndef __RQCONV2D_H__
#define __RQCONV2D_H__

#include "stdint.h"


void RQConv2d(int* out, uint8_t* input, int8_t* weight, int* bias,
               uint8_t input_zp, int8_t weight_zp,
               int H, int W, int Cin, int Cout, int Kh, int Kw,
               int stride_h, int stride_w, int dilation_h, int dilation_w,
               int pad_top, int pad_bottom, int pad_left, int pad_right, int groups);
               
#endif

```

## src/LLRT/tests/ref/RQGemm.c

```c
#include "RQGemm.h"
#include "llrt/hardware_config.h"
#include "llrt/driver/driver.h"
#include "math.h"
#include "llrt/utils.h"


void RQGemm(int* out, uint8_t* input, int8_t* weight, int* bias, uint8_t input_zp , int8_t weight_zp, int In_row, int In_col, int Out_col) {

	for (int ir=0; ir < In_row; ir += 1) {
		for (int oc = 0; oc < Out_col; oc += 1) {
			int temp = bias[ir * Out_col + oc];
			for (int ic = 0; ic < In_col; ic+= 1) {
				temp += (((int)input[ir * In_col + ic]) - ((int) input_zp)) * (int) weight [ oc * In_col + ic] ;
			}
			out[ir * Out_col + oc] = temp;
		}
	}
}

```

## src/LLRT/tests/ref/RQGemm.h

```h
#ifndef __RQLinear_H__
#define __RQLinear_H__

#include "stdint.h"

void RQGemm(int* out, uint8_t* input, int8_t* weight, int* bias, uint8_t input_zp , int8_t weight_zp, int In_row, int In_col, int Out_col);

#endif

```

## src/LLRT/tests/utils/test_utils.c

```c
#include "test_utils.h"
#include "stdlib.h"



int check_mem_float(float* mem_a, float* golden_mem, int len) {
    float data_a, data_golden;
    int error = 0;
    for(int i = 0; i < len; i++) {
        data_a = mem_a[i];
        data_golden = golden_mem[i];
        if (data_golden - data_a) {
            error++;
            printf("Error at data %d \n\t\tGolden:%f\n\t\tData:%f\n", i, data_golden, data_a);
        }
    }
    return error;
}

int check_mem(int* mem_a, int* golden_mem, int len) {
    int data_a, data_golden;
    int error = 0;
    for(int i = 0; i < len; i++) {
        data_a = mem_a[i];
        data_golden = golden_mem[i];
        if (data_golden - data_a) {
            error++;
            printf("Error at data %d \n\t\tGolden:%d\n\t\tData:%d\n", i, data_golden, data_a);
        }
    }
    return error;
}

int check_mem_8(uint8_t* mem_a, uint8_t* golden_mem, int len) {
    uint8_t data_a, data_golden;
    int error = 0;
    for(int i = 0; i < len; i++) {
        data_a = mem_a[i];
        data_golden = golden_mem[i];
        if (data_golden != data_a) {
            error++;
            printf("Error at data %u \n\t\tGolden:%u\n\t\tData:%u\n", i, data_golden, data_a);
        }
    }
    return error;
}

float random_float(float min, float max) {
    return min + ((float)rand() / RAND_MAX) * (max - min);
}

int random_int(int min,int max) {
    return min + (int)(((float)rand() / RAND_MAX) * (max - min));
}

void generate_random_float_array(float *arr, int size, float min, float max) {
    for (int i = 0; i < size; i++) {
        arr[i] = random_float(min, max);
    }
}

void generate_random_int_array(int* arr, int size, int min, int max) {
    for (int i = 0; i < size; i++) {
        arr[i] = random_int(min, max);
    }
}

void generate_random_uint8_array(uint8_t* arr, int size, int min, int max) {
    for (int i = 0; i < size; i++) {
        arr[i] = (uint8_t) random_int(min, max);
    }
}

void generate_random_int8_array(int8_t* arr, int size, int min, int max) {
    for (int i = 0; i < size; i++) {
        arr[i] = (int8_t) random_int(min, max);
    }
}


```

## src/LLRT/tests/utils/test_utils.h

```h
#ifndef __TEST_UTILS_H__
#define __TEST_UTILS_H__

#include "stdint.h"

void generate_random_float_array(float *arr, int size, float min, float max);
float random_float(float min, float max);

int random_int(int min,int max);
void generate_random_int_array(int* arr, int size, int min, int max);
void generate_random_uint8_array(uint8_t* arr, int size, int min, int max);
void generate_random_int8_array(int8_t* arr, int size, int min, int max);

int check_mem(int* mem_a, int* golden_mem, int len);
int check_mem_8(uint8_t* mem_a, uint8_t* golden_mem, int len);
int check_mem_float(float* mem_a, float* golden_mem, int len);


#endif
```

## src/LLRT/utils.h

```h
#ifndef __LLRT_UTILS_H__
#define __LLRT_UTILS_H__

#define LLRT_MIN(x, y) (x > y ? y : x)

#endif

```

